00007fff
00067fff
000d7fff
00137fff
00197fff
001f7fff
00267fff
002c7fff
00327fff
00397fff
003f7fff
00457fff
004b7fff
00527fff
00587fff
005e7fff
00657fff
006b7fff
00717fff
00777fff
007e7fff
00847fff
008a7fff
00917fff
00977fff
009d7fff
00a37fff
00aa7fff
00b07fff
00b67fff
00bc7fff
00c37fff
00c97fff
00cf7fff
00d67fff
00dc7fff
00e27fff
00e87fff
00ef7fff
00f57fff
00fb7fff
01027fff
01087fff
010e7fff
01147fff
011b7fff
01217fff
01277fff
012e7fff
01347fff
013a7ffe
01407ffe
01477ffe
014d7ffe
01537ffe
015a7ffe
01607ffe
01667ffe
016c7ffe
01737ffe
01797ffe
017f7ffe
01867ffe
018c7ffe
01927ffe
01987ffd
019f7ffd
01a57ffd
01ab7ffd
01b27ffd
01b87ffd
01be7ffd
01c47ffd
01cb7ffd
01d17ffd
01d77ffd
01de7ffd
01e47ffc
01ea7ffc
01f07ffc
01f77ffc
01fd7ffc
02037ffc
02097ffc
02107ffc
02167ffc
021c7ffc
02237ffb
02297ffb
022f7ffb
02357ffb
023c7ffb
02427ffb
02487ffb
024f7ffb
02557ffb
025b7ffa
02617ffa
02687ffa
026e7ffa
02747ffa
027b7ffa
02817ffa
02877ffa
028d7ff9
02947ff9
029a7ff9
02a07ff9
02a77ff9
02ad7ff9
02b37ff9
02b97ff9
02c07ff8
02c67ff8
02cc7ff8
02d37ff8
02d97ff8
02df7ff8
02e57ff8
02ec7ff7
02f27ff7
02f87ff7
02fe7ff7
03057ff7
030b7ff7
03117ff7
03187ff6
031e7ff6
03247ff6
032a7ff6
03317ff6
03377ff6
033d7ff6
03447ff5
034a7ff5
03507ff5
03567ff5
035d7ff5
03637ff5
03697ff4
03707ff4
03767ff4
037c7ff4
03827ff4
03897ff4
038f7ff3
03957ff3
039c7ff3
03a27ff3
03a87ff3
03ae7ff2
03b57ff2
03bb7ff2
03c17ff2
03c77ff2
03ce7ff2
03d47ff1
03da7ff1
03e17ff1
03e77ff1
03ed7ff1
03f37ff0
03fa7ff0
04007ff0
04067ff0
040d7ff0
04137fef
04197fef
041f7fef
04267fef
042c7fef
04327fee
04397fee
043f7fee
04457fee
044b7fee
04527fed
04587fed
045e7fed
04647fed
046b7fec
04717fec
04777fec
047e7fec
04847fec
048a7feb
04907feb
04977feb
049d7feb
04a37fea
04aa7fea
04b07fea
04b67fea
04bc7fea
04c37fe9
04c97fe9
04cf7fe9
04d57fe9
04dc7fe8
04e27fe8
04e87fe8
04ef7fe8
04f57fe7
04fb7fe7
05017fe7
05087fe7
050e7fe6
05147fe6
051b7fe6
05217fe6
05277fe5
052d7fe5
05347fe5
053a7fe5
05407fe4
05477fe4
054d7fe4
05537fe4
05597fe3
05607fe3
05667fe3
056c7fe3
05727fe2
05797fe2
057f7fe2
05857fe2
058c7fe1
05927fe1
05987fe1
059e7fe0
05a57fe0
05ab7fe0
05b17fe0
05b77fdf
05be7fdf
05c47fdf
05ca7fde
05d17fde
05d77fde
05dd7fde
05e37fdd
05ea7fdd
05f07fdd
05f67fdc
05fd7fdc
06037fdc
06097fdc
060f7fdb
06167fdb
061c7fdb
06227fda
06287fda
062f7fda
06357fd9
063b7fd9
06427fd9
06487fd9
064e7fd8
06547fd8
065b7fd8
06617fd7
06677fd7
066e7fd7
06747fd6
067a7fd6
06807fd6
06877fd5
068d7fd5
06937fd5
06997fd4
06a07fd4
06a67fd4
06ac7fd3
06b37fd3
06b97fd3
06bf7fd2
06c57fd2
06cc7fd2
06d27fd1
06d87fd1
06de7fd1
06e57fd0
06eb7fd0
06f17fd0
06f87fcf
06fe7fcf
07047fcf
070a7fce
07117fce
07177fce
071d7fcd
07237fcd
072a7fcd
07307fcc
07367fcc
073d7fcc
07437fcb
07497fcb
074f7fcb
07567fca
075c7fca
07627fc9
07687fc9
076f7fc9
07757fc8
077b7fc8
07827fc8
07887fc7
078e7fc7
07947fc6
079b7fc6
07a17fc6
07a77fc5
07ad7fc5
07b47fc5
07ba7fc4
07c07fc4
07c77fc3
07cd7fc3
07d37fc3
07d97fc2
07e07fc2
07e67fc2
07ec7fc1
07f27fc1
07f97fc0
07ff7fc0
08057fc0
080c7fbf
08127fbf
08187fbe
081e7fbe
08257fbe
082b7fbd
08317fbd
08377fbc
083e7fbc
08447fbc
084a7fbb
08517fbb
08577fba
085d7fba
08637fba
086a7fb9
08707fb9
08767fb8
087c7fb8
08837fb7
08897fb7
088f7fb7
08957fb6
089c7fb6
08a27fb5
08a87fb5
08af7fb5
08b57fb4
08bb7fb4
08c17fb3
08c87fb3
08ce7fb2
08d47fb2
08da7fb2
08e17fb1
08e77fb1
08ed7fb0
08f37fb0
08fa7faf
09007faf
09067fae
090d7fae
09137fae
09197fad
091f7fad
09267fac
092c7fac
09327fab
09387fab
093f7faa
09457faa
094b7faa
09517fa9
09587fa9
095e7fa8
09647fa8
096b7fa7
09717fa7
09777fa6
097d7fa6
09847fa5
098a7fa5
09907fa4
09967fa4
099d7fa3
09a37fa3
09a97fa3
09af7fa2
09b67fa2
09bc7fa1
09c27fa1
09c97fa0
09cf7fa0
09d57f9f
09db7f9f
09e27f9e
09e87f9e
09ee7f9d
09f47f9d
09fb7f9c
0a017f9c
0a077f9b
0a0d7f9b
0a147f9a
0a1a7f9a
0a207f99
0a277f99
0a2d7f98
0a337f98
0a397f97
0a407f97
0a467f96
0a4c7f96
0a527f95
0a597f95
0a5f7f94
0a657f94
0a6b7f93
0a727f93
0a787f92
0a7e7f92
0a847f91
0a8b7f91
0a917f90
0a977f90
0a9d7f8f
0aa47f8f
0aaa7f8e
0ab07f8e
0ab77f8d
0abd7f8d
0ac37f8c
0ac97f8b
0ad07f8b
0ad67f8a
0adc7f8a
0ae27f89
0ae97f89
0aef7f88
0af57f88
0afb7f87
0b027f87
0b087f86
0b0e7f86
0b147f85
0b1b7f84
0b217f84
0b277f83
0b2d7f83
0b347f82
0b3a7f82
0b407f81
0b477f81
0b4d7f80
0b537f80
0b597f7f
0b607f7e
0b667f7e
0b6c7f7d
0b727f7d
0b797f7c
0b7f7f7c
0b857f7b
0b8b7f7a
0b927f7a
0b987f79
0b9e7f79
0ba47f78
0bab7f78
0bb17f77
0bb77f76
0bbd7f76
0bc47f75
0bca7f75
0bd07f74
0bd67f74
0bdd7f73
0be37f72
0be97f72
0bef7f71
0bf67f71
0bfc7f70
0c027f6f
0c087f6f
0c0f7f6e
0c157f6e
0c1b7f6d
0c227f6d
0c287f6c
0c2e7f6b
0c347f6b
0c3b7f6a
0c417f6a
0c477f69
0c4d7f68
0c547f68
0c5a7f67
0c607f66
0c667f66
0c6d7f65
0c737f65
0c797f64
0c7f7f63
0c867f63
0c8c7f62
0c927f62
0c987f61
0c9f7f60
0ca57f60
0cab7f5f
0cb17f5e
0cb87f5e
0cbe7f5d
0cc47f5d
0cca7f5c
0cd17f5b
0cd77f5b
0cdd7f5a
0ce37f59
0cea7f59
0cf07f58
0cf67f58
0cfc7f57
0d037f56
0d097f56
0d0f7f55
0d157f54
0d1c7f54
0d227f53
0d287f52
0d2e7f52
0d357f51
0d3b7f50
0d417f50
0d477f4f
0d4e7f4f
0d547f4e
0d5a7f4d
0d607f4d
0d677f4c
0d6d7f4b
0d737f4b
0d797f4a
0d807f49
0d867f49
0d8c7f48
0d927f47
0d997f47
0d9f7f46
0da57f45
0dab7f45
0db27f44
0db87f43
0dbe7f43
0dc47f42
0dcb7f41
0dd17f41
0dd77f40
0ddd7f3f
0de47f3f
0dea7f3e
0df07f3d
0df67f3c
0dfd7f3c
0e037f3b
0e097f3a
0e0f7f3a
0e167f39
0e1c7f38
0e227f38
0e287f37
0e2e7f36
0e357f36
0e3b7f35
0e417f34
0e477f33
0e4e7f33
0e547f32
0e5a7f31
0e607f31
0e677f30
0e6d7f2f
0e737f2f
0e797f2e
0e807f2d
0e867f2c
0e8c7f2c
0e927f2b
0e997f2a
0e9f7f2a
0ea57f29
0eab7f28
0eb27f27
0eb87f27
0ebe7f26
0ec47f25
0ecb7f24
0ed17f24
0ed77f23
0edd7f22
0ee47f22
0eea7f21
0ef07f20
0ef67f1f
0efc7f1f
0f037f1e
0f097f1d
0f0f7f1c
0f157f1c
0f1c7f1b
0f227f1a
0f287f19
0f2e7f19
0f357f18
0f3b7f17
0f417f16
0f477f16
0f4e7f15
0f547f14
0f5a7f13
0f607f13
0f677f12
0f6d7f11
0f737f10
0f797f10
0f7f7f0f
0f867f0e
0f8c7f0d
0f927f0d
0f987f0c
0f9f7f0b
0fa57f0a
0fab7f0a
0fb17f09
0fb87f08
0fbe7f07
0fc47f06
0fca7f06
0fd17f05
0fd77f04
0fdd7f03
0fe37f03
0fea7f02
0ff07f01
0ff67f00
0ffc7eff
10027eff
10097efe
100f7efd
10157efc
101b7efc
10227efb
10287efa
102e7ef9
10347ef8
103b7ef8
10417ef7
10477ef6
104d7ef5
10537ef4
105a7ef4
10607ef3
10667ef2
106c7ef1
10737ef0
10797ef0
107f7eef
10857eee
108c7eed
10927eec
10987eeb
109e7eeb
10a47eea
10ab7ee9
10b17ee8
10b77ee7
10bd7ee7
10c47ee6
10ca7ee5
10d07ee4
10d67ee3
10dd7ee2
10e37ee2
10e97ee1
10ef7ee0
10f57edf
10fc7ede
11027edd
11087edd
110e7edc
11157edb
111b7eda
11217ed9
11277ed8
112d7ed8
11347ed7
113a7ed6
11407ed5
11467ed4
114d7ed3
11537ed3
11597ed2
115f7ed1
11667ed0
116c7ecf
11727ece
11787ecd
117e7ecd
11857ecc
118b7ecb
11917eca
11977ec9
119e7ec8
11a47ec7
11aa7ec6
11b07ec6
11b67ec5
11bd7ec4
11c37ec3
11c97ec2
11cf7ec1
11d67ec0
11dc7ec0
11e27ebf
11e87ebe
11ee7ebd
11f57ebc
11fb7ebb
12017eba
12077eb9
120e7eb8
12147eb8
121a7eb7
12207eb6
12267eb5
122d7eb4
12337eb3
12397eb2
123f7eb1
12467eb0
124c7eb0
12527eaf
12587eae
125e7ead
12657eac
126b7eab
12717eaa
12777ea9
127d7ea8
12847ea7
128a7ea6
12907ea6
12967ea5
129d7ea4
12a37ea3
12a97ea2
12af7ea1
12b57ea0
12bc7e9f
12c27e9e
12c87e9d
12ce7e9c
12d47e9b
12db7e9b
12e17e9a
12e77e99
12ed7e98
12f47e97
12fa7e96
13007e95
13067e94
130c7e93
13137e92
13197e91
131f7e90
13257e8f
132b7e8e
13327e8d
13387e8d
133e7e8c
13447e8b
134b7e8a
13517e89
13577e88
135d7e87
13637e86
136a7e85
13707e84
13767e83
137c7e82
13827e81
13897e80
138f7e7f
13957e7e
139b7e7d
13a17e7c
13a87e7b
13ae7e7a
13b47e79
13ba7e78
13c17e78
13c77e77
13cd7e76
13d37e75
13d97e74
13e07e73
13e67e72
13ec7e71
13f27e70
13f87e6f
13ff7e6e
14057e6d
140b7e6c
14117e6b
14177e6a
141e7e69
14247e68
142a7e67
14307e66
14367e65
143d7e64
14437e63
14497e62
144f7e61
14557e60
145c7e5f
14627e5e
14687e5d
146e7e5c
14747e5b
147b7e5a
14817e59
14877e58
148d7e57
14937e56
149a7e55
14a07e54
14a67e53
14ac7e52
14b27e51
14b97e50
14bf7e4f
14c57e4e
14cb7e4d
14d17e4c
14d87e4b
14de7e4a
14e47e49
14ea7e48
14f07e47
14f77e46
14fd7e45
15037e43
15097e42
150f7e41
15167e40
151c7e3f
15227e3e
15287e3d
152e7e3c
15357e3b
153b7e3a
15417e39
15477e38
154d7e37
15547e36
155a7e35
15607e34
15667e33
156c7e32
15737e31
15797e30
157f7e2f
15857e2e
158b7e2d
15927e2b
15987e2a
159e7e29
15a47e28
15aa7e27
15b17e26
15b77e25
15bd7e24
15c37e23
15c97e22
15d07e21
15d67e20
15dc7e1f
15e27e1e
15e87e1d
15ee7e1b
15f57e1a
15fb7e19
16017e18
16077e17
160d7e16
16147e15
161a7e14
16207e13
16267e12
162c7e11
16337e10
16397e0e
163f7e0d
16457e0c
164b7e0b
16517e0a
16587e09
165e7e08
16647e07
166a7e06
16707e05
16777e03
167d7e02
16837e01
16897e00
168f7dff
16967dfe
169c7dfd
16a27dfc
16a87dfb
16ae7df9
16b47df8
16bb7df7
16c17df6
16c77df5
16cd7df4
16d37df3
16da7df2
16e07df1
16e67def
16ec7dee
16f27ded
16f87dec
16ff7deb
17057dea
170b7de9
17117de8
17177de6
171e7de5
17247de4
172a7de3
17307de2
17367de1
173c7de0
17437dde
17497ddd
174f7ddc
17557ddb
175b7dda
17617dd9
17687dd8
176e7dd6
17747dd5
177a7dd4
17807dd3
17877dd2
178d7dd1
17937dcf
17997dce
179f7dcd
17a57dcc
17ac7dcb
17b27dca
17b87dc9
17be7dc7
17c47dc6
17ca7dc5
17d17dc4
17d77dc3
17dd7dc2
17e37dc0
17e97dbf
17f07dbe
17f67dbd
17fc7dbc
18027dba
18087db9
180e7db8
18157db7
181b7db6
18217db5
18277db3
182d7db2
18337db1
183a7db0
18407daf
18467dad
184c7dac
18527dab
18587daa
185f7da9
18657da7
186b7da6
18717da5
18777da4
187d7da3
18847da1
188a7da0
18907d9f
18967d9e
189c7d9d
18a27d9b
18a97d9a
18af7d99
18b57d98
18bb7d97
18c17d95
18c77d94
18ce7d93
18d47d92
18da7d90
18e07d8f
18e67d8e
18ec7d8d
18f37d8c
18f97d8a
18ff7d89
19057d88
190b7d87
19117d85
19187d84
191e7d83
19247d82
192a7d81
19307d7f
19367d7e
193c7d7d
19437d7c
19497d7a
194f7d79
19557d78
195b7d77
19617d75
19687d74
196e7d73
19747d72
197a7d70
19807d6f
19867d6e
198d7d6d
19937d6b
19997d6a
199f7d69
19a57d68
19ab7d66
19b17d65
19b87d64
19be7d63
19c47d61
19ca7d60
19d07d5f
19d67d5d
19dd7d5c
19e37d5b
19e97d5a
19ef7d58
19f57d57
19fb7d56
1a017d55
1a087d53
1a0e7d52
1a147d51
1a1a7d4f
1a207d4e
1a267d4d
1a2d7d4c
1a337d4a
1a397d49
1a3f7d48
1a457d46
1a4b7d45
1a517d44
1a587d43
1a5e7d41
1a647d40
1a6a7d3f
1a707d3d
1a767d3c
1a7c7d3b
1a837d3a
1a897d38
1a8f7d37
1a957d36
1a9b7d34
1aa17d33
1aa87d32
1aae7d30
1ab47d2f
1aba7d2e
1ac07d2c
1ac67d2b
1acc7d2a
1ad37d28
1ad97d27
1adf7d26
1ae57d25
1aeb7d23
1af17d22
1af77d21
1afe7d1f
1b047d1e
1b0a7d1d
1b107d1b
1b167d1a
1b1c7d19
1b227d17
1b297d16
1b2f7d15
1b357d13
1b3b7d12
1b417d11
1b477d0f
1b4d7d0e
1b537d0d
1b5a7d0b
1b607d0a
1b667d09
1b6c7d07
1b727d06
1b787d05
1b7e7d03
1b857d02
1b8b7d00
1b917cff
1b977cfe
1b9d7cfc
1ba37cfb
1ba97cfa
1bb07cf8
1bb67cf7
1bbc7cf6
1bc27cf4
1bc87cf3
1bce7cf2
1bd47cf0
1bda7cef
1be17ced
1be77cec
1bed7ceb
1bf37ce9
1bf97ce8
1bff7ce7
1c057ce5
1c0c7ce4
1c127ce2
1c187ce1
1c1e7ce0
1c247cde
1c2a7cdd
1c307cdc
1c367cda
1c3d7cd9
1c437cd7
1c497cd6
1c4f7cd5
1c557cd3
1c5b7cd2
1c617cd0
1c677ccf
1c6e7cce
1c747ccc
1c7a7ccb
1c807cc9
1c867cc8
1c8c7cc7
1c927cc5
1c987cc4
1c9f7cc2
1ca57cc1
1cab7cc0
1cb17cbe
1cb77cbd
1cbd7cbb
1cc37cba
1cc97cb9
1cd07cb7
1cd67cb6
1cdc7cb4
1ce27cb3
1ce87cb1
1cee7cb0
1cf47caf
1cfa7cad
1d017cac
1d077caa
1d0d7ca9
1d137ca8
1d197ca6
1d1f7ca5
1d257ca3
1d2b7ca2
1d317ca0
1d387c9f
1d3e7c9e
1d447c9c
1d4a7c9b
1d507c99
1d567c98
1d5c7c96
1d627c95
1d697c93
1d6f7c92
1d757c91
1d7b7c8f
1d817c8e
1d877c8c
1d8d7c8b
1d937c89
1d997c88
1da07c86
1da67c85
1dac7c83
1db27c82
1db87c81
1dbe7c7f
1dc47c7e
1dca7c7c
1dd07c7b
1dd77c79
1ddd7c78
1de37c76
1de97c75
1def7c73
1df57c72
1dfb7c70
1e017c6f
1e077c6e
1e0e7c6c
1e147c6b
1e1a7c69
1e207c68
1e267c66
1e2c7c65
1e327c63
1e387c62
1e3e7c60
1e447c5f
1e4b7c5d
1e517c5c
1e577c5a
1e5d7c59
1e637c57
1e697c56
1e6f7c54
1e757c53
1e7b7c51
1e827c50
1e887c4e
1e8e7c4d
1e947c4b
1e9a7c4a
1ea07c48
1ea67c47
1eac7c45
1eb27c44
1eb87c42
1ebf7c41
1ec57c3f
1ecb7c3e
1ed17c3c
1ed77c3b
1edd7c39
1ee37c38
1ee97c36
1eef7c35
1ef57c33
1efb7c32
1f027c30
1f087c2f
1f0e7c2d
1f147c2c
1f1a7c2a
1f207c28
1f267c27
1f2c7c25
1f327c24
1f387c22
1f3f7c21
1f457c1f
1f4b7c1e
1f517c1c
1f577c1b
1f5d7c19
1f637c18
1f697c16
1f6f7c14
1f757c13
1f7b7c11
1f827c10
1f887c0e
1f8e7c0d
1f947c0b
1f9a7c0a
1fa07c08
1fa67c07
1fac7c05
1fb27c03
1fb87c02
1fbe7c00
1fc57bff
1fcb7bfd
1fd17bfc
1fd77bfa
1fdd7bf9
1fe37bf7
1fe97bf5
1fef7bf4
1ff57bf2
1ffb7bf1
20017bef
20077bee
200e7bec
20147bea
201a7be9
20207be7
20267be6
202c7be4
20327be3
20387be1
203e7bdf
20447bde
204a7bdc
20507bdb
20577bd9
205d7bd7
20637bd6
20697bd4
206f7bd3
20757bd1
207b7bcf
20817bce
20877bcc
208d7bcb
20937bc9
20997bc7
209f7bc6
20a67bc4
20ac7bc3
20b27bc1
20b87bbf
20be7bbe
20c47bbc
20ca7bbb
20d07bb9
20d67bb7
20dc7bb6
20e27bb4
20e87bb3
20ee7bb1
20f47baf
20fb7bae
21017bac
21077baa
210d7ba9
21137ba7
21197ba6
211f7ba4
21257ba2
212b7ba1
21317b9f
21377b9d
213d7b9c
21437b9a
21497b99
21507b97
21567b95
215c7b94
21627b92
21687b90
216e7b8f
21747b8d
217a7b8b
21807b8a
21867b88
218c7b87
21927b85
21987b83
219e7b82
21a47b80
21aa7b7e
21b17b7d
21b77b7b
21bd7b79
21c37b78
21c97b76
21cf7b74
21d57b73
21db7b71
21e17b6f
21e77b6e
21ed7b6c
21f37b6a
21f97b69
21ff7b67
22057b65
220b7b64
22117b62
22187b60
221e7b5f
22247b5d
222a7b5b
22307b5a
22367b58
223c7b56
22427b55
22487b53
224e7b51
22547b50
225a7b4e
22607b4c
22667b4b
226c7b49
22727b47
22787b45
227e7b44
22847b42
228b7b40
22917b3f
22977b3d
229d7b3b
22a37b3a
22a97b38
22af7b36
22b57b34
22bb7b33
22c17b31
22c77b2f
22cd7b2e
22d37b2c
22d97b2a
22df7b29
22e57b27
22eb7b25
22f17b23
22f77b22
22fd7b20
23037b1e
230a7b1c
23107b1b
23167b19
231c7b17
23227b16
23287b14
232e7b12
23347b10
233a7b0f
23407b0d
23467b0b
234c7b0a
23527b08
23587b06
235e7b04
23647b03
236a7b01
23707aff
23767afd
237c7afc
23827afa
23887af8
238e7af6
23947af5
239a7af3
23a07af1
23a77aef
23ad7aee
23b37aec
23b97aea
23bf7ae8
23c57ae7
23cb7ae5
23d17ae3
23d77ae1
23dd7ae0
23e37ade
23e97adc
23ef7ada
23f57ad9
23fb7ad7
24017ad5
24077ad3
240d7ad1
24137ad0
24197ace
241f7acc
24257aca
242b7ac9
24317ac7
24377ac5
243d7ac3
24437ac1
24497ac0
244f7abe
24557abc
245b7aba
24617ab9
24677ab7
246d7ab5
24747ab3
247a7ab1
24807ab0
24867aae
248c7aac
24927aaa
24987aa8
249e7aa7
24a47aa5
24aa7aa3
24b07aa1
24b67a9f
24bc7a9e
24c27a9c
24c87a9a
24ce7a98
24d47a96
24da7a95
24e07a93
24e67a91
24ec7a8f
24f27a8d
24f87a8c
24fe7a8a
25047a88
250a7a86
25107a84
25167a82
251c7a81
25227a7f
25287a7d
252e7a7b
25347a79
253a7a78
25407a76
25467a74
254c7a72
25527a70
25587a6e
255e7a6d
25647a6b
256a7a69
25707a67
25767a65
257c7a63
25827a62
25887a60
258e7a5e
25947a5c
259a7a5a
25a07a58
25a67a56
25ac7a55
25b27a53
25b87a51
25be7a4f
25c47a4d
25ca7a4b
25d07a49
25d67a48
25dc7a46
25e27a44
25e87a42
25ee7a40
25f47a3e
25fa7a3c
26007a3b
26067a39
260c7a37
26127a35
26187a33
261e7a31
26247a2f
262a7a2e
26307a2c
26367a2a
263c7a28
26427a26
26487a24
264e7a22
26547a20
265a7a1f
26607a1d
26667a1b
266c7a19
26727a17
26787a15
267e7a13
26847a11
268a7a0f
26907a0e
26967a0c
269c7a0a
26a27a08
26a87a06
26ae7a04
26b47a02
26ba7a00
26c079fe
26c679fc
26cc79fb
26d279f9
26d879f7
26de79f5
26e479f3
26ea79f1
26f079ef
26f679ed
26fc79eb
270279e9
270879e7
270e79e6
271479e4
271a79e2
272079e0
272679de
272c79dc
273279da
273879d8
273e79d6
274479d4
274a79d2
275079d0
275679ce
275c79cc
276279cb
276879c9
276e79c7
277479c5
277a79c3
278079c1
278679bf
278b79bd
279179bb
279779b9
279d79b7
27a379b5
27a979b3
27af79b1
27b579af
27bb79ad
27c179ab
27c779aa
27cd79a8
27d379a6
27d979a4
27df79a2
27e579a0
27eb799e
27f1799c
27f7799a
27fd7998
28037996
28097994
280f7992
28157990
281b798e
2821798c
2827798a
282d7988
28337986
28397984
283f7982
28457980
284b797e
2850797c
2856797a
285c7978
28627976
28687974
286e7972
28747970
287a796e
2880796c
2886796a
288c7968
28927966
28987964
289e7962
28a47960
28aa795f
28b0795d
28b6795b
28bc7959
28c27957
28c87955
28ce7953
28d47951
28da794e
28df794c
28e5794a
28eb7948
28f17946
28f77944
28fd7942
29037940
2909793e
290f793c
2915793a
291b7938
29217936
29277934
292d7932
29337930
2939792e
293f792c
2945792a
294b7928
29517926
29567924
295c7922
29627920
2968791e
296e791c
2974791a
297a7918
29807916
29867914
298c7912
29927910
2998790e
299e790c
29a4790a
29aa7908
29b07906
29b67904
29bc7901
29c178ff
29c778fd
29cd78fb
29d378f9
29d978f7
29df78f5
29e578f3
29eb78f1
29f178ef
29f778ed
29fd78eb
2a0378e9
2a0978e7
2a0f78e5
2a1578e3
2a1b78e1
2a2078de
2a2678dc
2a2c78da
2a3278d8
2a3878d6
2a3e78d4
2a4478d2
2a4a78d0
2a5078ce
2a5678cc
2a5c78ca
2a6278c8
2a6878c6
2a6e78c4
2a7378c1
2a7978bf
2a7f78bd
2a8578bb
2a8b78b9
2a9178b7
2a9778b5
2a9d78b3
2aa378b1
2aa978af
2aaf78ad
2ab578aa
2abb78a8
2ac178a6
2ac678a4
2acc78a2
2ad278a0
2ad8789e
2ade789c
2ae4789a
2aea7898
2af07895
2af67893
2afc7891
2b02788f
2b08788d
2b0d788b
2b137889
2b197887
2b1f7885
2b257882
2b2b7880
2b31787e
2b37787c
2b3d787a
2b437878
2b497876
2b4f7874
2b547871
2b5a786f
2b60786d
2b66786b
2b6c7869
2b727867
2b787865
2b7e7863
2b847860
2b8a785e
2b90785c
2b95785a
2b9b7858
2ba17856
2ba77854
2bad7851
2bb3784f
2bb9784d
2bbf784b
2bc57849
2bcb7847
2bd07845
2bd67842
2bdc7840
2be2783e
2be8783c
2bee783a
2bf47838
2bfa7835
2c007833
2c067831
2c0c782f
2c11782d
2c17782b
2c1d7828
2c237826
2c297824
2c2f7822
2c357820
2c3b781e
2c41781b
2c467819
2c4c7817
2c527815
2c587813
2c5e7811
2c64780e
2c6a780c
2c70780a
2c767808
2c7c7806
2c817803
2c877801
2c8d77ff
2c9377fd
2c9977fb
2c9f77f9
2ca577f6
2cab77f4
2cb177f2
2cb677f0
2cbc77ee
2cc277eb
2cc877e9
2cce77e7
2cd477e5
2cda77e3
2ce077e0
2ce677de
2ceb77dc
2cf177da
2cf777d8
2cfd77d5
2d0377d3
2d0977d1
2d0f77cf
2d1577cd
2d1a77ca
2d2077c8
2d2677c6
2d2c77c4
2d3277c1
2d3877bf
2d3e77bd
2d4477bb
2d4977b9
2d4f77b6
2d5577b4
2d5b77b2
2d6177b0
2d6777ad
2d6d77ab
2d7377a9
2d7877a7
2d7e77a4
2d8477a2
2d8a77a0
2d90779e
2d96779c
2d9c7799
2da27797
2da77795
2dad7793
2db37790
2db9778e
2dbf778c
2dc5778a
2dcb7787
2dd17785
2dd67783
2ddc7781
2de2777e
2de8777c
2dee777a
2df47778
2dfa7775
2dff7773
2e057771
2e0b776f
2e11776c
2e17776a
2e1d7768
2e237766
2e287763
2e2e7761
2e34775f
2e3a775c
2e40775a
2e467758
2e4c7756
2e517753
2e577751
2e5d774f
2e63774d
2e69774a
2e6f7748
2e757746
2e7a7743
2e807741
2e86773f
2e8c773d
2e92773a
2e987738
2e9e7736
2ea37733
2ea97731
2eaf772f
2eb5772d
2ebb772a
2ec17728
2ec77726
2ecc7723
2ed27721
2ed8771f
2ede771c
2ee4771a
2eea7718
2eef7716
2ef57713
2efb7711
2f01770f
2f07770c
2f0d770a
2f137708
2f187705
2f1e7703
2f247701
2f2a76fe
2f3076fc
2f3676fa
2f3b76f8
2f4176f5
2f4776f3
2f4d76f1
2f5376ee
2f5976ec
2f5e76ea
2f6476e7
2f6a76e5
2f7076e3
2f7676e0
2f7c76de
2f8176dc
2f8776d9
2f8d76d7
2f9376d5
2f9976d2
2f9f76d0
2fa476ce
2faa76cb
2fb076c9
2fb676c7
2fbc76c4
2fc276c2
2fc776c0
2fcd76bd
2fd376bb
2fd976b9
2fdf76b6
2fe576b4
2fea76b1
2ff076af
2ff676ad
2ffc76aa
300276a8
300876a6
300d76a3
301376a1
3019769f
301f769c
3025769a
302a7698
30307695
30367693
303c7690
3042768e
3048768c
304d7689
30537687
30597685
305f7682
30657680
306b767d
3070767b
30767679
307c7676
30827674
30887672
308d766f
3093766d
3099766a
309f7668
30a57666
30aa7663
30b07661
30b6765e
30bc765c
30c2765a
30c87657
30cd7655
30d37652
30d97650
30df764e
30e5764b
30ea7649
30f07646
30f67644
30fc7642
3102763f
3107763d
310d763a
31137638
31197636
311f7633
31247631
312a762e
3130762c
3136762a
313c7627
31417625
31477622
314d7620
3153761d
3159761b
315e7619
31647616
316a7614
31707611
3176760f
317b760d
3181760a
31877608
318d7605
31937603
31987600
319e75fe
31a475fb
31aa75f9
31b075f7
31b575f4
31bb75f2
31c175ef
31c775ed
31cc75ea
31d275e8
31d875e6
31de75e3
31e475e1
31e975de
31ef75dc
31f575d9
31fb75d7
320175d4
320675d2
320c75cf
321275cd
321875cb
321d75c8
322375c6
322975c3
322f75c1
323575be
323a75bc
324075b9
324675b7
324c75b4
325175b2
325775af
325d75ad
326375aa
326975a8
326e75a6
327475a3
327a75a1
3280759e
3285759c
328b7599
32917597
32977594
329d7592
32a2758f
32a8758d
32ae758a
32b47588
32b97585
32bf7583
32c57580
32cb757e
32d0757b
32d67579
32dc7576
32e27574
32e87571
32ed756f
32f3756c
32f9756a
32ff7567
33047565
330a7562
33107560
3316755d
331b755b
33217558
33277556
332d7553
33327551
3338754e
333e754c
33447549
33497547
334f7544
33557542
335b753f
3360753d
3366753a
336c7538
33727535
33777532
337d7530
3383752d
3389752b
338e7528
33947526
339a7523
33a07521
33a5751e
33ab751c
33b17519
33b77517
33bc7514
33c27512
33c8750f
33ce750c
33d3750a
33d97507
33df7505
33e57502
33ea7500
33f074fd
33f674fb
33fc74f8
340174f6
340774f3
340d74f0
341374ee
341874eb
341e74e9
342474e6
342a74e4
342f74e1
343574df
343b74dc
344174d9
344674d7
344c74d4
345274d2
345774cf
345d74cd
346374ca
346974c7
346e74c5
347474c2
347a74c0
348074bd
348574bb
348b74b8
349174b5
349774b3
349c74b0
34a274ae
34a874ab
34ad74a8
34b374a6
34b974a3
34bf74a1
34c4749e
34ca749c
34d07499
34d57496
34db7494
34e17491
34e7748f
34ec748c
34f27489
34f87487
34fe7484
35037482
3509747f
350f747c
3514747a
351a7477
35207475
35267472
352b746f
3531746d
3537746a
353c7467
35427465
35487462
354e7460
3553745d
3559745a
355f7458
35647455
356a7453
35707450
3576744d
357b744b
35817448
35877445
358c7443
35927440
3598743e
359d743b
35a37438
35a97436
35af7433
35b47430
35ba742e
35c0742b
35c57428
35cb7426
35d17423
35d77421
35dc741e
35e2741b
35e87419
35ed7416
35f37413
35f97411
35fe740e
3604740b
360a7409
360f7406
36157403
361b7401
362173fe
362673fb
362c73f9
363273f6
363773f3
363d73f1
364373ee
364873eb
364e73e9
365473e6
365973e3
365f73e1
366573de
366b73db
367073d9
367673d6
367c73d3
368173d1
368773ce
368d73cb
369273c9
369873c6
369e73c3
36a373c1
36a973be
36af73bb
36b473b9
36ba73b6
36c073b3
36c573b1
36cb73ae
36d173ab
36d773a8
36dc73a6
36e273a3
36e873a0
36ed739e
36f3739b
36f97398
36fe7396
37047393
370a7390
370f738e
3715738b
371b7388
37207385
37267383
372c7380
3731737d
3737737b
373d7378
37427375
37487372
374e7370
3753736d
3759736a
375f7368
37647365
376a7362
3770735f
3775735d
377b735a
37817357
37867355
378c7352
3792734f
3797734c
379d734a
37a37347
37a87344
37ae7341
37b4733f
37b9733c
37bf7339
37c57336
37ca7334
37d07331
37d5732e
37db732c
37e17329
37e67326
37ec7323
37f27321
37f7731e
37fd731b
38037318
38087316
380e7313
38147310
3819730d
381f730b
38257308
382a7305
38307302
383672ff
383b72fd
384172fa
384672f7
384c72f4
385272f2
385772ef
385d72ec
386372e9
386872e7
386e72e4
387472e1
387972de
387f72dc
388472d9
388a72d6
389072d3
389572d0
389b72ce
38a172cb
38a672c8
38ac72c5
38b272c3
38b772c0
38bd72bd
38c272ba
38c872b7
38ce72b5
38d372b2
38d972af
38df72ac
38e472a9
38ea72a7
38f072a4
38f572a1
38fb729e
3900729b
39067299
390c7296
39117293
39177290
391d728d
3922728b
39287288
392d7285
39337282
3939727f
393e727d
3944727a
39497277
394f7274
39557271
395a726f
3960726c
39667269
396b7266
39717263
39767260
397c725e
3982725b
39877258
398d7255
39927252
39987250
399e724d
39a3724a
39a97247
39af7244
39b47241
39ba723f
39bf723c
39c57239
39cb7236
39d07233
39d67230
39db722e
39e1722b
39e77228
39ec7225
39f27222
39f7721f
39fd721c
3a03721a
3a087217
3a0e7214
3a137211
3a19720e
3a1f720b
3a247209
3a2a7206
3a2f7203
3a357200
3a3b71fd
3a4071fa
3a4671f7
3a4b71f5
3a5171f2
3a5771ef
3a5c71ec
3a6271e9
3a6771e6
3a6d71e3
3a7371e0
3a7871de
3a7e71db
3a8371d8
3a8971d5
3a8e71d2
3a9471cf
3a9a71cc
3a9f71c9
3aa571c7
3aaa71c4
3ab071c1
3ab671be
3abb71bb
3ac171b8
3ac671b5
3acc71b2
3ad171b0
3ad771ad
3add71aa
3ae271a7
3ae871a4
3aed71a1
3af3719e
3af9719b
3afe7198
3b047195
3b097193
3b0f7190
3b14718d
3b1a718a
3b207187
3b257184
3b2b7181
3b30717e
3b36717b
3b3b7178
3b417176
3b477173
3b4c7170
3b52716d
3b57716a
3b5d7167
3b627164
3b687161
3b6d715e
3b73715b
3b797158
3b7e7155
3b847153
3b897150
3b8f714d
3b94714a
3b9a7147
3ba07144
3ba57141
3bab713e
3bb0713b
3bb67138
3bbb7135
3bc17132
3bc6712f
3bcc712d
3bd2712a
3bd77127
3bdd7124
3be27121
3be8711e
3bed711b
3bf37118
3bf87115
3bfe7112
3c04710f
3c09710c
3c0f7109
3c147106
3c1a7103
3c1f7100
3c2570fd
3c2a70fa
3c3070f8
3c3570f5
3c3b70f2
3c4170ef
3c4670ec
3c4c70e9
3c5170e6
3c5770e3
3c5c70e0
3c6270dd
3c6770da
3c6d70d7
3c7270d4
3c7870d1
3c7e70ce
3c8370cb
3c8970c8
3c8e70c5
3c9470c2
3c9970bf
3c9f70bc
3ca470b9
3caa70b6
3caf70b3
3cb570b0
3cba70ad
3cc070aa
3cc570a7
3ccb70a4
3cd070a1
3cd6709e
3cdc709b
3ce17098
3ce77095
3cec7092
3cf2708f
3cf7708c
3cfd7089
3d027086
3d087083
3d0d7080
3d13707d
3d18707a
3d1e7077
3d237074
3d297071
3d2e706e
3d34706b
3d397068
3d3f7065
3d447062
3d4a705f
3d50705c
3d557059
3d5b7056
3d607053
3d667050
3d6b704d
3d71704a
3d767047
3d7c7044
3d817041
3d87703e
3d8c703b
3d927038
3d977035
3d9d7032
3da2702f
3da8702c
3dad7029
3db37026
3db87023
3dbe7020
3dc3701d
3dc9701a
3dce7017
3dd47014
3dd97011
3ddf700e
3de4700b
3dea7008
3def7005
3df57002
3dfa6fff
3e006ffc
3e056ff9
3e0b6ff6
3e106ff2
3e166fef
3e1b6fec
3e216fe9
3e266fe6
3e2c6fe3
3e316fe0
3e376fdd
3e3c6fda
3e426fd7
3e476fd4
3e4d6fd1
3e526fce
3e586fcb
3e5d6fc8
3e636fc5
3e686fc2
3e6e6fbf
3e736fbb
3e786fb8
3e7e6fb5
3e836fb2
3e896faf
3e8e6fac
3e946fa9
3e996fa6
3e9f6fa3
3ea46fa0
3eaa6f9d
3eaf6f9a
3eb56f97
3eba6f94
3ec06f90
3ec56f8d
3ecb6f8a
3ed06f87
3ed66f84
3edb6f81
3ee16f7e
3ee66f7b
3eec6f78
3ef16f75
3ef66f72
3efc6f6e
3f016f6b
3f076f68
3f0c6f65
3f126f62
3f176f5f
3f1d6f5c
3f226f59
3f286f56
3f2d6f53
3f336f50
3f386f4c
3f3e6f49
3f436f46
3f486f43
3f4e6f40
3f536f3d
3f596f3a
3f5e6f37
3f646f34
3f696f30
3f6f6f2d
3f746f2a
3f7a6f27
3f7f6f24
3f856f21
3f8a6f1e
3f8f6f1b
3f956f18
3f9a6f14
3fa06f11
3fa56f0e
3fab6f0b
3fb06f08
3fb66f05
3fbb6f02
3fc06eff
3fc66efb
3fcb6ef8
3fd16ef5
3fd66ef2
3fdc6eef
3fe16eec
3fe76ee9
3fec6ee5
3ff16ee2
3ff76edf
3ffc6edc
40026ed9
40076ed6
400d6ed3
40126ecf
40186ecc
401d6ec9
40226ec6
40286ec3
402d6ec0
40336ebd
40386eb9
403e6eb6
40436eb3
40486eb0
404e6ead
40536eaa
40596ea6
405e6ea3
40646ea0
40696e9d
406f6e9a
40746e97
40796e93
407f6e90
40846e8d
408a6e8a
408f6e87
40956e84
409a6e80
409f6e7d
40a56e7a
40aa6e77
40b06e74
40b56e71
40ba6e6d
40c06e6a
40c56e67
40cb6e64
40d06e61
40d66e5e
40db6e5a
40e06e57
40e66e54
40eb6e51
40f16e4e
40f66e4a
40fb6e47
41016e44
41066e41
410c6e3e
41116e3a
41176e37
411c6e34
41216e31
41276e2e
412c6e2a
41326e27
41376e24
413c6e21
41426e1e
41476e1a
414d6e17
41526e14
41576e11
415d6e0e
41626e0a
41686e07
416d6e04
41726e01
41786dfe
417d6dfa
41836df7
41886df4
418d6df1
41936dee
41986dea
419e6de7
41a36de4
41a86de1
41ae6ddd
41b36dda
41b96dd7
41be6dd4
41c36dd1
41c96dcd
41ce6dca
41d46dc7
41d96dc4
41de6dc0
41e46dbd
41e96dba
41ee6db7
41f46db3
41f96db0
41ff6dad
42046daa
42096da6
420f6da3
42146da0
421a6d9d
421f6d99
42246d96
422a6d93
422f6d90
42346d8c
423a6d89
423f6d86
42456d83
424a6d7f
424f6d7c
42556d79
425a6d76
425f6d72
42656d6f
426a6d6c
42706d69
42756d65
427a6d62
42806d5f
42856d5c
428a6d58
42906d55
42956d52
429a6d4f
42a06d4b
42a56d48
42ab6d45
42b06d41
42b56d3e
42bb6d3b
42c06d38
42c56d34
42cb6d31
42d06d2e
42d56d2b
42db6d27
42e06d24
42e66d21
42eb6d1d
42f06d1a
42f66d17
42fb6d14
43006d10
43066d0d
430b6d0a
43106d06
43166d03
431b6d00
43206cfd
43266cf9
432b6cf6
43306cf3
43366cef
433b6cec
43406ce9
43466ce5
434b6ce2
43516cdf
43566cdc
435b6cd8
43616cd5
43666cd2
436b6cce
43716ccb
43766cc8
437b6cc4
43816cc1
43866cbe
438b6cba
43916cb7
43966cb4
439b6cb0
43a16cad
43a66caa
43ab6ca6
43b16ca3
43b66ca0
43bb6c9d
43c16c99
43c66c96
43cb6c93
43d16c8f
43d66c8c
43db6c89
43e16c85
43e66c82
43eb6c7f
43f16c7b
43f66c78
43fb6c75
44016c71
44066c6e
440b6c6b
44116c67
44166c64
441b6c61
44206c5d
44266c5a
442b6c56
44306c53
44366c50
443b6c4c
44406c49
44466c46
444b6c42
44506c3f
44566c3c
445b6c38
44606c35
44666c32
446b6c2e
44706c2b
44756c28
447b6c24
44806c21
44856c1d
448b6c1a
44906c17
44956c13
449b6c10
44a06c0d
44a56c09
44ab6c06
44b06c02
44b56bff
44ba6bfc
44c06bf8
44c56bf5
44ca6bf2
44d06bee
44d56beb
44da6be7
44e06be4
44e56be1
44ea6bdd
44ef6bda
44f56bd7
44fa6bd3
44ff6bd0
45056bcc
450a6bc9
450f6bc6
45146bc2
451a6bbf
451f6bbb
45246bb8
452a6bb5
452f6bb1
45346bae
45396baa
453f6ba7
45446ba4
45496ba0
454f6b9d
45546b99
45596b96
455e6b93
45646b8f
45696b8c
456e6b88
45746b85
45796b82
457e6b7e
45836b7b
45896b77
458e6b74
45936b71
45996b6d
459e6b6a
45a36b66
45a86b63
45ae6b5f
45b36b5c
45b86b59
45bd6b55
45c36b52
45c86b4e
45cd6b4b
45d26b48
45d86b44
45dd6b41
45e26b3d
45e86b3a
45ed6b36
45f26b33
45f76b30
45fd6b2c
46026b29
46076b25
460c6b22
46126b1e
46176b1b
461c6b17
46216b14
46276b11
462c6b0d
46316b0a
46366b06
463c6b03
46416aff
46466afc
464b6af8
46516af5
46566af2
465b6aee
46606aeb
46666ae7
466b6ae4
46706ae0
46756add
467b6ad9
46806ad6
46856ad2
468a6acf
46906acb
46956ac8
469a6ac5
469f6ac1
46a56abe
46aa6aba
46af6ab7
46b46ab3
46ba6ab0
46bf6aac
46c46aa9
46c96aa5
46ce6aa2
46d46a9e
46d96a9b
46de6a97
46e36a94
46e96a90
46ee6a8d
46f36a89
46f86a86
46fe6a83
47036a7f
47086a7c
470d6a78
47126a75
47186a71
471d6a6e
47226a6a
47276a67
472d6a63
47326a60
47376a5c
473c6a59
47416a55
47476a52
474c6a4e
47516a4b
47566a47
475c6a44
47616a40
47666a3d
476b6a39
47706a36
47766a32
477b6a2f
47806a2b
47856a28
478a6a24
47906a21
47956a1d
479a6a1a
479f6a16
47a56a12
47aa6a0f
47af6a0b
47b46a08
47b96a04
47bf6a01
47c469fd
47c969fa
47ce69f6
47d369f3
47d969ef
47de69ec
47e369e8
47e869e5
47ed69e1
47f369de
47f869da
47fd69d7
480269d3
480769d0
480d69cc
481269c8
481769c5
481c69c1
482169be
482669ba
482c69b7
483169b3
483669b0
483b69ac
484069a9
484669a5
484b69a1
4850699e
4855699a
485a6997
48606993
48656990
486a698c
486f6989
48746985
48796981
487f697e
4884697a
48896977
488e6973
48936970
4899696c
489e6969
48a36965
48a86961
48ad695e
48b2695a
48b86957
48bd6953
48c26950
48c7694c
48cc6948
48d16945
48d76941
48dc693e
48e1693a
48e66937
48eb6933
48f0692f
48f6692c
48fb6928
49006925
49056921
490a691d
490f691a
49156916
491a6913
491f690f
4924690c
49296908
492e6904
49336901
493968fd
493e68fa
494368f6
494868f2
494d68ef
495268eb
495868e8
495d68e4
496268e0
496768dd
496c68d9
497168d6
497668d2
497c68ce
498168cb
498668c7
498b68c4
499068c0
499568bc
499a68b9
49a068b5
49a568b1
49aa68ae
49af68aa
49b468a7
49b968a3
49be689f
49c3689c
49c96898
49ce6895
49d36891
49d8688d
49dd688a
49e26886
49e76882
49ed687f
49f2687b
49f76878
49fc6874
4a016870
4a06686d
4a0b6869
4a106865
4a166862
4a1b685e
4a20685a
4a256857
4a2a6853
4a2f6850
4a34684c
4a396848
4a3f6845
4a446841
4a49683d
4a4e683a
4a536836
4a586832
4a5d682f
4a62682b
4a676827
4a6d6824
4a726820
4a77681c
4a7c6819
4a816815
4a866811
4a8b680e
4a90680a
4a956806
4a9b6803
4aa067ff
4aa567fb
4aaa67f8
4aaf67f4
4ab467f0
4ab967ed
4abe67e9
4ac367e5
4ac867e2
4ace67de
4ad367da
4ad867d7
4add67d3
4ae267cf
4ae767cc
4aec67c8
4af167c4
4af667c1
4afb67bd
4b0167b9
4b0667b6
4b0b67b2
4b1067ae
4b1567ab
4b1a67a7
4b1f67a3
4b2467a0
4b29679c
4b2e6798
4b336795
4b386791
4b3e678d
4b436789
4b486786
4b4d6782
4b52677e
4b57677b
4b5c6777
4b616773
4b666770
4b6b676c
4b706768
4b756764
4b7b6761
4b80675d
4b856759
4b8a6756
4b8f6752
4b94674e
4b99674a
4b9e6747
4ba36743
4ba8673f
4bad673c
4bb26738
4bb76734
4bbc6730
4bc1672d
4bc76729
4bcc6725
4bd16722
4bd6671e
4bdb671a
4be06716
4be56713
4bea670f
4bef670b
4bf46708
4bf96704
4bfe6700
4c0366fc
4c0866f9
4c0d66f5
4c1266f1
4c1766ed
4c1d66ea
4c2266e6
4c2766e2
4c2c66de
4c3166db
4c3666d7
4c3b66d3
4c4066d0
4c4566cc
4c4a66c8
4c4f66c4
4c5466c1
4c5966bd
4c5e66b9
4c6366b5
4c6866b2
4c6d66ae
4c7266aa
4c7766a6
4c7c66a3
4c81669f
4c86669b
4c8b6697
4c916693
4c966690
4c9b668c
4ca06688
4ca56684
4caa6681
4caf667d
4cb46679
4cb96675
4cbe6672
4cc3666e
4cc8666a
4ccd6666
4cd26663
4cd7665f
4cdc665b
4ce16657
4ce66653
4ceb6650
4cf0664c
4cf56648
4cfa6644
4cff6641
4d04663d
4d096639
4d0e6635
4d136631
4d18662e
4d1d662a
4d226626
4d276622
4d2c661f
4d31661b
4d366617
4d3b6613
4d40660f
4d45660c
4d4a6608
4d4f6604
4d546600
4d5965fc
4d5e65f9
4d6365f5
4d6865f1
4d6d65ed
4d7265e9
4d7765e6
4d7c65e2
4d8165de
4d8665da
4d8b65d6
4d9065d3
4d9565cf
4d9a65cb
4d9f65c7
4da465c3
4da965c0
4dae65bc
4db365b8
4db865b4
4dbd65b0
4dc265ac
4dc765a9
4dcc65a5
4dd165a1
4dd6659d
4ddb6599
4de06596
4de56592
4dea658e
4def658a
4df46586
4df96582
4dfe657f
4e03657b
4e086577
4e0d6573
4e12656f
4e17656b
4e1c6568
4e216564
4e266560
4e2b655c
4e306558
4e356554
4e3a6551
4e3f654d
4e446549
4e496545
4e4e6541
4e53653d
4e58653a
4e5d6536
4e626532
4e67652e
4e6c652a
4e716526
4e766522
4e7a651f
4e7f651b
4e846517
4e896513
4e8e650f
4e93650b
4e986507
4e9d6504
4ea26500
4ea764fc
4eac64f8
4eb164f4
4eb664f0
4ebb64ec
4ec064e9
4ec564e5
4eca64e1
4ecf64dd
4ed464d9
4ed964d5
4ede64d1
4ee364cd
4ee864ca
4eec64c6
4ef164c2
4ef664be
4efb64ba
4f0064b6
4f0564b2
4f0a64ae
4f0f64ab
4f1464a7
4f1964a3
4f1e649f
4f23649b
4f286497
4f2d6493
4f32648f
4f37648b
4f3c6488
4f406484
4f456480
4f4a647c
4f4f6478
4f546474
4f596470
4f5e646c
4f636468
4f686465
4f6d6461
4f72645d
4f776459
4f7c6455
4f816451
4f85644d
4f8a6449
4f8f6445
4f946441
4f99643e
4f9e643a
4fa36436
4fa86432
4fad642e
4fb2642a
4fb76426
4fbc6422
4fc0641e
4fc5641a
4fca6416
4fcf6412
4fd4640f
4fd9640b
4fde6407
4fe36403
4fe863ff
4fed63fb
4ff263f7
4ff663f3
4ffb63ef
500063eb
500563e7
500a63e3
500f63df
501463dc
501963d8
501e63d4
502363d0
502863cc
502c63c8
503163c4
503663c0
503b63bc
504063b8
504563b4
504a63b0
504f63ac
505463a8
505863a4
505d63a0
5062639d
50676399
506c6395
50716391
5076638d
507b6389
50806385
50846381
5089637d
508e6379
50936375
50986371
509d636d
50a26369
50a76365
50ac6361
50b0635d
50b56359
50ba6355
50bf6351
50c4634d
50c96349
50ce6346
50d36342
50d7633e
50dc633a
50e16336
50e66332
50eb632e
50f0632a
50f56326
50f96322
50fe631e
5103631a
51086316
510d6312
5112630e
5117630a
511c6306
51206302
512562fe
512a62fa
512f62f6
513462f2
513962ee
513e62ea
514262e6
514762e2
514c62de
515162da
515662d6
515b62d2
515f62ce
516462ca
516962c6
516e62c2
517362be
517862ba
517d62b6
518162b2
518662ae
518b62aa
519062a6
519562a2
519a629e
519e629a
51a36296
51a86292
51ad628e
51b2628a
51b76286
51bb6282
51c0627e
51c5627a
51ca6276
51cf6272
51d4626e
51d8626a
51dd6266
51e26262
51e7625e
51ec625a
51f16256
51f56252
51fa624e
51ff624a
52046246
52096242
520e623e
5212623a
52176236
521c6232
5221622e
5226622a
522b6226
522f6221
5234621d
52396219
523e6215
52436211
5247620d
524c6209
52516205
52566201
525b61fd
525f61f9
526461f5
526961f1
526e61ed
527361e9
527761e5
527c61e1
528161dd
528661d9
528b61d5
529061d1
529461cd
529961c9
529e61c4
52a361c0
52a861bc
52ac61b8
52b161b4
52b661b0
52bb61ac
52bf61a8
52c461a4
52c961a0
52ce619c
52d36198
52d76194
52dc6190
52e1618c
52e66188
52eb6183
52ef617f
52f4617b
52f96177
52fe6173
5303616f
5307616b
530c6167
53116163
5316615f
531a615b
531f6157
53246153
5329614e
532e614a
53326146
53376142
533c613e
5341613a
53456136
534a6132
534f612e
5354612a
53586126
535d6121
5362611d
53676119
536c6115
53706111
5375610d
537a6109
537f6105
53836101
538860fd
538d60f9
539260f4
539660f0
539b60ec
53a060e8
53a560e4
53a960e0
53ae60dc
53b360d8
53b860d4
53bc60cf
53c160cb
53c660c7
53cb60c3
53cf60bf
53d460bb
53d960b7
53de60b3
53e260af
53e760aa
53ec60a6
53f160a2
53f5609e
53fa609a
53ff6096
54046092
5408608e
540d6089
54126085
54176081
541b607d
54206079
54256075
542a6071
542e606d
54336068
54386064
543c6060
5441605c
54466058
544b6054
544f6050
5454604b
54596047
545e6043
5462603f
5467603b
546c6037
54706033
5475602e
547a602a
547f6026
54836022
5488601e
548d601a
54916016
54966011
549b600d
54a06009
54a46005
54a96001
54ae5ffd
54b25ff9
54b75ff4
54bc5ff0
54c15fec
54c55fe8
54ca5fe4
54cf5fe0
54d35fdb
54d85fd7
54dd5fd3
54e25fcf
54e65fcb
54eb5fc7
54f05fc2
54f45fbe
54f95fba
54fe5fb6
55025fb2
55075fae
550c5fa9
55115fa5
55155fa1
551a5f9d
551f5f99
55235f94
55285f90
552d5f8c
55315f88
55365f84
553b5f80
553f5f7b
55445f77
55495f73
554e5f6f
55525f6b
55575f66
555c5f62
55605f5e
55655f5a
556a5f56
556e5f51
55735f4d
55785f49
557c5f45
55815f41
55865f3c
558a5f38
558f5f34
55945f30
55985f2c
559d5f27
55a25f23
55a65f1f
55ab5f1b
55b05f17
55b45f12
55b95f0e
55be5f0a
55c25f06
55c75f02
55cc5efd
55d05ef9
55d55ef5
55da5ef1
55de5eed
55e35ee8
55e85ee4
55ec5ee0
55f15edc
55f65ed7
55fa5ed3
55ff5ecf
56045ecb
56085ec7
560d5ec2
56125ebe
56165eba
561b5eb6
56205eb1
56245ead
56295ea9
562d5ea5
56325ea1
56375e9c
563b5e98
56405e94
56455e90
56495e8b
564e5e87
56535e83
56575e7f
565c5e7a
56615e76
56655e72
566a5e6e
566e5e69
56735e65
56785e61
567c5e5d
56815e58
56865e54
568a5e50
568f5e4c
56935e48
56985e43
569d5e3f
56a15e3b
56a65e37
56ab5e32
56af5e2e
56b45e2a
56b85e25
56bd5e21
56c25e1d
56c65e19
56cb5e14
56d05e10
56d45e0c
56d95e08
56dd5e03
56e25dff
56e75dfb
56eb5df7
56f05df2
56f45dee
56f95dea
56fe5de6
57025de1
57075ddd
570c5dd9
57105dd4
57155dd0
57195dcc
571e5dc8
57235dc3
57275dbf
572c5dbb
57305db7
57355db2
573a5dae
573e5daa
57435da5
57475da1
574c5d9d
57515d99
57555d94
575a5d90
575e5d8c
57635d87
57675d83
576c5d7f
57715d7a
57755d76
577a5d72
577e5d6e
57835d69
57885d65
578c5d61
57915d5c
57955d58
579a5d54
579f5d50
57a35d4b
57a85d47
57ac5d43
57b15d3e
57b55d3a
57ba5d36
57bf5d31
57c35d2d
57c85d29
57cc5d24
57d15d20
57d55d1c
57da5d18
57df5d13
57e35d0f
57e85d0b
57ec5d06
57f15d02
57f55cfe
57fa5cf9
57ff5cf5
58035cf1
58085cec
580c5ce8
58115ce4
58155cdf
581a5cdb
581e5cd7
58235cd2
58285cce
582c5cca
58315cc5
58355cc1
583a5cbd
583e5cb8
58435cb4
58475cb0
584c5cab
58515ca7
58555ca3
585a5c9e
585e5c9a
58635c96
58675c91
586c5c8d
58705c89
58755c84
58795c80
587e5c7c
58825c77
58875c73
588c5c6f
58905c6a
58955c66
58995c62
589e5c5d
58a25c59
58a75c55
58ab5c50
58b05c4c
58b45c48
58b95c43
58bd5c3f
58c25c3a
58c65c36
58cb5c32
58d05c2d
58d45c29
58d95c25
58dd5c20
58e25c1c
58e65c18
58eb5c13
58ef5c0f
58f45c0a
58f85c06
58fd5c02
59015bfd
59065bf9
590a5bf5
590f5bf0
59135bec
59185be8
591c5be3
59215bdf
59255bda
592a5bd6
592e5bd2
59335bcd
59375bc9
593c5bc5
59405bc0
59455bbc
59495bb7
594e5bb3
59525baf
59575baa
595b5ba6
59605ba1
59645b9d
59695b99
596d5b94
59725b90
59765b8c
597b5b87
597f5b83
59845b7e
59885b7a
598d5b76
59915b71
59965b6d
599a5b68
599f5b64
59a35b60
59a85b5b
59ac5b57
59b15b52
59b55b4e
59ba5b4a
59be5b45
59c35b41
59c75b3c
59cc5b38
59d05b34
59d55b2f
59d95b2b
59de5b26
59e25b22
59e65b1d
59eb5b19
59ef5b15
59f45b10
59f85b0c
59fd5b07
5a015b03
5a065aff
5a0a5afa
5a0f5af6
5a135af1
5a185aed
5a1c5ae8
5a215ae4
5a255ae0
5a295adb
5a2e5ad7
5a325ad2
5a375ace
5a3b5ac9
5a405ac5
5a445ac1
5a495abc
5a4d5ab8
5a525ab3
5a565aaf
5a5a5aaa
5a5f5aa6
5a635aa2
5a685a9d
5a6c5a99
5a715a94
5a755a90
5a7a5a8b
5a7e5a87
5a825a82
5a875a7e
5a8b5a7a
5a905a75
5a945a71
5a995a6c
5a9d5a68
5aa25a63
5aa65a5f
5aaa5a5a
5aaf5a56
5ab35a52
5ab85a4d
5abc5a49
5ac15a44
5ac55a40
5ac95a3b
5ace5a37
5ad25a32
5ad75a2e
5adb5a29
5ae05a25
5ae45a21
5ae85a1c
5aed5a18
5af15a13
5af65a0f
5afa5a0a
5aff5a06
5b035a01
5b0759fd
5b0c59f8
5b1059f4
5b1559ef
5b1959eb
5b1d59e6
5b2259e2
5b2659de
5b2b59d9
5b2f59d5
5b3459d0
5b3859cc
5b3c59c7
5b4159c3
5b4559be
5b4a59ba
5b4e59b5
5b5259b1
5b5759ac
5b5b59a8
5b6059a3
5b64599f
5b68599a
5b6d5996
5b715991
5b76598d
5b7a5988
5b7e5984
5b83597f
5b87597b
5b8c5976
5b905972
5b94596d
5b995969
5b9d5964
5ba15960
5ba6595b
5baa5957
5baf5952
5bb3594e
5bb75949
5bbc5945
5bc05940
5bc5593c
5bc95937
5bcd5933
5bd2592e
5bd6592a
5bda5925
5bdf5921
5be3591c
5be85918
5bec5913
5bf0590f
5bf5590a
5bf95906
5bfd5901
5c0258fd
5c0658f8
5c0a58f4
5c0f58ef
5c1358eb
5c1858e6
5c1c58e2
5c2058dd
5c2558d9
5c2958d4
5c2d58d0
5c3258cb
5c3658c6
5c3a58c2
5c3f58bd
5c4358b9
5c4858b4
5c4c58b0
5c5058ab
5c5558a7
5c5958a2
5c5d589e
5c625899
5c665895
5c6a5890
5c6f588c
5c735887
5c775882
5c7c587e
5c805879
5c845875
5c895870
5c8d586c
5c915867
5c965863
5c9a585e
5c9e585a
5ca35855
5ca75851
5cab584c
5cb05847
5cb45843
5cb8583e
5cbd583a
5cc15835
5cc55831
5cca582c
5cce5828
5cd25823
5cd7581e
5cdb581a
5cdf5815
5ce45811
5ce8580c
5cec5808
5cf15803
5cf557ff
5cf957fa
5cfe57f5
5d0257f1
5d0657ec
5d0b57e8
5d0f57e3
5d1357df
5d1857da
5d1c57d5
5d2057d1
5d2457cc
5d2957c8
5d2d57c3
5d3157bf
5d3657ba
5d3a57b5
5d3e57b1
5d4357ac
5d4757a8
5d4b57a3
5d50579f
5d54579a
5d585795
5d5c5791
5d61578c
5d655788
5d695783
5d6e577e
5d72577a
5d765775
5d7a5771
5d7f576c
5d835767
5d875763
5d8c575e
5d90575a
5d945755
5d995751
5d9d574c
5da15747
5da55743
5daa573e
5dae573a
5db25735
5db75730
5dbb572c
5dbf5727
5dc35723
5dc8571e
5dcc5719
5dd05715
5dd45710
5dd9570c
5ddd5707
5de15702
5de656fe
5dea56f9
5dee56f4
5df256f0
5df756eb
5dfb56e7
5dff56e2
5e0356dd
5e0856d9
5e0c56d4
5e1056d0
5e1456cb
5e1956c6
5e1d56c2
5e2156bd
5e2556b8
5e2a56b4
5e2e56af
5e3256ab
5e3756a6
5e3b56a1
5e3f569d
5e435698
5e485693
5e4c568f
5e50568a
5e545686
5e585681
5e5d567c
5e615678
5e655673
5e69566e
5e6e566a
5e725665
5e765661
5e7a565c
5e7f5657
5e835653
5e87564e
5e8b5649
5e905645
5e945640
5e98563b
5e9c5637
5ea15632
5ea5562d
5ea95629
5ead5624
5eb15620
5eb6561b
5eba5616
5ebe5612
5ec2560d
5ec75608
5ecb5604
5ecf55ff
5ed355fa
5ed755f6
5edc55f1
5ee055ec
5ee455e8
5ee855e3
5eed55de
5ef155da
5ef555d5
5ef955d0
5efd55cc
5f0255c7
5f0655c2
5f0a55be
5f0e55b9
5f1255b4
5f1755b0
5f1b55ab
5f1f55a6
5f2355a2
5f27559d
5f2c5598
5f305594
5f34558f
5f38558a
5f3c5586
5f415581
5f45557c
5f495578
5f4d5573
5f51556e
5f56556a
5f5a5565
5f5e5560
5f62555c
5f665557
5f6b5552
5f6f554e
5f735549
5f775544
5f7b553f
5f80553b
5f845536
5f885531
5f8c552d
5f905528
5f945523
5f99551f
5f9d551a
5fa15515
5fa55511
5fa9550c
5fae5507
5fb25502
5fb654fe
5fba54f9
5fbe54f4
5fc254f0
5fc754eb
5fcb54e6
5fcf54e2
5fd354dd
5fd754d8
5fdb54d3
5fe054cf
5fe454ca
5fe854c5
5fec54c1
5ff054bc
5ff454b7
5ff954b2
5ffd54ae
600154a9
600554a4
600954a0
600d549b
60115496
60165491
601a548d
601e5488
60225483
6026547f
602a547a
602e5475
60335470
6037546c
603b5467
603f5462
6043545e
60475459
604b5454
6050544f
6054544b
60585446
605c5441
6060543c
60645438
60685433
606d542e
6071542a
60755425
60795420
607d541b
60815417
60855412
6089540d
608e5408
60925404
609653ff
609a53fa
609e53f5
60a253f1
60a653ec
60aa53e7
60af53e2
60b353de
60b753d9
60bb53d4
60bf53cf
60c353cb
60c753c6
60cb53c1
60cf53bc
60d453b8
60d853b3
60dc53ae
60e053a9
60e453a5
60e853a0
60ec539b
60f05396
60f45392
60f9538d
60fd5388
61015383
6105537f
6109537a
610d5375
61115370
6115536c
61195367
611d5362
6121535d
61265358
612a5354
612e534f
6132534a
61365345
613a5341
613e533c
61425337
61465332
614a532e
614e5329
61535324
6157531f
615b531a
615f5316
61635311
6167530c
616b5307
616f5303
617352fe
617752f9
617b52f4
617f52ef
618352eb
618852e6
618c52e1
619052dc
619452d7
619852d3
619c52ce
61a052c9
61a452c4
61a852bf
61ac52bb
61b052b6
61b452b1
61b852ac
61bc52a8
61c052a3
61c4529e
61c95299
61cd5294
61d15290
61d5528b
61d95286
61dd5281
61e1527c
61e55277
61e95273
61ed526e
61f15269
61f55264
61f9525f
61fd525b
62015256
62055251
6209524c
620d5247
62115243
6215523e
62195239
621d5234
6221522f
6226522b
622a5226
622e5221
6232521c
62365217
623a5212
623e520e
62425209
62465204
624a51ff
624e51fa
625251f5
625651f1
625a51ec
625e51e7
626251e2
626651dd
626a51d8
626e51d4
627251cf
627651ca
627a51c5
627e51c0
628251bb
628651b7
628a51b2
628e51ad
629251a8
629651a3
629a519e
629e519a
62a25195
62a65190
62aa518b
62ae5186
62b25181
62b6517d
62ba5178
62be5173
62c2516e
62c65169
62ca5164
62ce515f
62d2515b
62d65156
62da5151
62de514c
62e25147
62e65142
62ea513e
62ee5139
62f25134
62f6512f
62fa512a
62fe5125
63025120
6306511c
630a5117
630e5112
6312510d
63165108
631a5103
631e50fe
632250f9
632650f5
632a50f0
632e50eb
633250e6
633650e1
633a50dc
633e50d7
634250d3
634650ce
634950c9
634d50c4
635150bf
635550ba
635950b5
635d50b0
636150ac
636550a7
636950a2
636d509d
63715098
63755093
6379508e
637d5089
63815084
63855080
6389507b
638d5076
63915071
6395506c
63995067
639d5062
63a0505d
63a45058
63a85054
63ac504f
63b0504a
63b45045
63b85040
63bc503b
63c05036
63c45031
63c8502c
63cc5028
63d05023
63d4501e
63d85019
63dc5014
63df500f
63e3500a
63e75005
63eb5000
63ef4ffb
63f34ff6
63f74ff2
63fb4fed
63ff4fe8
64034fe3
64074fde
640b4fd9
640f4fd4
64124fcf
64164fca
641a4fc5
641e4fc0
64224fbc
64264fb7
642a4fb2
642e4fad
64324fa8
64364fa3
643a4f9e
643e4f99
64414f94
64454f8f
64494f8a
644d4f85
64514f81
64554f7c
64594f77
645d4f72
64614f6d
64654f68
64684f63
646c4f5e
64704f59
64744f54
64784f4f
647c4f4a
64804f45
64844f40
64884f3c
648b4f37
648f4f32
64934f2d
64974f28
649b4f23
649f4f1e
64a34f19
64a74f14
64ab4f0f
64ae4f0a
64b24f05
64b64f00
64ba4efb
64be4ef6
64c24ef1
64c64eec
64ca4ee8
64cd4ee3
64d14ede
64d54ed9
64d94ed4
64dd4ecf
64e14eca
64e54ec5
64e94ec0
64ec4ebb
64f04eb6
64f44eb1
64f84eac
64fc4ea7
65004ea2
65044e9d
65074e98
650b4e93
650f4e8e
65134e89
65174e84
651b4e7f
651f4e7a
65224e76
65264e71
652a4e6c
652e4e67
65324e62
65364e5d
653a4e58
653d4e53
65414e4e
65454e49
65494e44
654d4e3f
65514e3a
65544e35
65584e30
655c4e2b
65604e26
65644e21
65684e1c
656b4e17
656f4e12
65734e0d
65774e08
657b4e03
657f4dfe
65824df9
65864df4
658a4def
658e4dea
65924de5
65964de0
65994ddb
659d4dd6
65a14dd1
65a54dcc
65a94dc7
65ac4dc2
65b04dbd
65b44db8
65b84db3
65bc4dae
65c04da9
65c34da4
65c74d9f
65cb4d9a
65cf4d95
65d34d90
65d64d8b
65da4d86
65de4d81
65e24d7c
65e64d77
65e94d72
65ed4d6d
65f14d68
65f54d63
65f94d5e
65fc4d59
66004d54
66044d4f
66084d4a
660c4d45
660f4d40
66134d3b
66174d36
661b4d31
661f4d2c
66224d27
66264d22
662a4d1d
662e4d18
66314d13
66354d0e
66394d09
663d4d04
66414cff
66444cfa
66484cf5
664c4cf0
66504ceb
66534ce6
66574ce1
665b4cdc
665f4cd7
66634cd2
66664ccd
666a4cc8
666e4cc3
66724cbe
66754cb9
66794cb4
667d4caf
66814caa
66844ca5
66884ca0
668c4c9b
66904c96
66934c91
66974c8b
669b4c86
669f4c81
66a34c7c
66a64c77
66aa4c72
66ae4c6d
66b24c68
66b54c63
66b94c5e
66bd4c59
66c14c54
66c44c4f
66c84c4a
66cc4c45
66d04c40
66d34c3b
66d74c36
66db4c31
66de4c2c
66e24c27
66e64c22
66ea4c1d
66ed4c17
66f14c12
66f54c0d
66f94c08
66fc4c03
67004bfe
67044bf9
67084bf4
670b4bef
670f4bea
67134be5
67164be0
671a4bdb
671e4bd6
67224bd1
67254bcc
67294bc7
672d4bc1
67304bbc
67344bb7
67384bb2
673c4bad
673f4ba8
67434ba3
67474b9e
674a4b99
674e4b94
67524b8f
67564b8a
67594b85
675d4b80
67614b7b
67644b75
67684b70
676c4b6b
67704b66
67734b61
67774b5c
677b4b57
677e4b52
67824b4d
67864b48
67894b43
678d4b3e
67914b38
67954b33
67984b2e
679c4b29
67a04b24
67a34b1f
67a74b1a
67ab4b15
67ae4b10
67b24b0b
67b64b06
67b94b01
67bd4afb
67c14af6
67c44af1
67c84aec
67cc4ae7
67cf4ae2
67d34add
67d74ad8
67da4ad3
67de4ace
67e24ac8
67e54ac3
67e94abe
67ed4ab9
67f04ab4
67f44aaf
67f84aaa
67fb4aa5
67ff4aa0
68034a9b
68064a95
680a4a90
680e4a8b
68114a86
68154a81
68194a7c
681c4a77
68204a72
68244a6d
68274a67
682b4a62
682f4a5d
68324a58
68364a53
683a4a4e
683d4a49
68414a44
68454a3f
68484a39
684c4a34
68504a2f
68534a2a
68574a25
685a4a20
685e4a1b
68624a16
68654a10
68694a0b
686d4a06
68704a01
687449fc
687849f7
687b49f2
687f49ed
688249e7
688649e2
688a49dd
688d49d8
689149d3
689549ce
689849c9
689c49c3
689f49be
68a349b9
68a749b4
68aa49af
68ae49aa
68b149a5
68b549a0
68b9499a
68bc4995
68c04990
68c4498b
68c74986
68cb4981
68ce497c
68d24976
68d64971
68d9496c
68dd4967
68e04962
68e4495d
68e84958
68eb4952
68ef494d
68f24948
68f64943
68fa493e
68fd4939
69014933
6904492e
69084929
690c4924
690f491f
6913491a
69164915
691a490f
691d490a
69214905
69254900
692848fb
692c48f6
692f48f0
693348eb
693748e6
693a48e1
693e48dc
694148d7
694548d1
694848cc
694c48c7
695048c2
695348bd
695748b8
695a48b2
695e48ad
696148a8
696548a3
6969489e
696c4899
69704893
6973488e
69774889
697a4884
697e487f
69814879
69854874
6989486f
698c486a
69904865
69934860
6997485a
699a4855
699e4850
69a1484b
69a54846
69a94840
69ac483b
69b04836
69b34831
69b7482c
69ba4826
69be4821
69c1481c
69c54817
69c84812
69cc480d
69d04807
69d34802
69d747fd
69da47f8
69de47f3
69e147ed
69e547e8
69e847e3
69ec47de
69ef47d9
69f347d3
69f647ce
69fa47c9
69fd47c4
6a0147bf
6a0447b9
6a0847b4
6a0b47af
6a0f47aa
6a1247a5
6a16479f
6a1a479a
6a1d4795
6a214790
6a24478a
6a284785
6a2b4780
6a2f477b
6a324776
6a364770
6a39476b
6a3d4766
6a404761
6a44475c
6a474756
6a4b4751
6a4e474c
6a524747
6a554741
6a59473c
6a5c4737
6a604732
6a63472d
6a674727
6a6a4722
6a6e471d
6a714718
6a754712
6a78470d
6a7c4708
6a7f4703
6a8346fe
6a8646f8
6a8946f3
6a8d46ee
6a9046e9
6a9446e3
6a9746de
6a9b46d9
6a9e46d4
6aa246ce
6aa546c9
6aa946c4
6aac46bf
6ab046ba
6ab346b4
6ab746af
6aba46aa
6abe46a5
6ac1469f
6ac5469a
6ac84695
6acb4690
6acf468a
6ad24685
6ad64680
6ad9467b
6add4675
6ae04670
6ae4466b
6ae74666
6aeb4660
6aee465b
6af24656
6af54651
6af8464b
6afc4646
6aff4641
6b03463c
6b064636
6b0a4631
6b0d462c
6b114627
6b144621
6b17461c
6b1b4617
6b1e4612
6b22460c
6b254607
6b294602
6b2c45fd
6b3045f7
6b3345f2
6b3645ed
6b3a45e8
6b3d45e2
6b4145dd
6b4445d8
6b4845d2
6b4b45cd
6b4e45c8
6b5245c3
6b5545bd
6b5945b8
6b5c45b3
6b5f45ae
6b6345a8
6b6645a3
6b6a459e
6b6d4599
6b714593
6b74458e
6b774589
6b7b4583
6b7e457e
6b824579
6b854574
6b88456e
6b8c4569
6b8f4564
6b93455e
6b964559
6b994554
6b9d454f
6ba04549
6ba44544
6ba7453f
6baa4539
6bae4534
6bb1452f
6bb5452a
6bb84524
6bbb451f
6bbf451a
6bc24514
6bc6450f
6bc9450a
6bcc4505
6bd044ff
6bd344fa
6bd744f5
6bda44ef
6bdd44ea
6be144e5
6be444e0
6be744da
6beb44d5
6bee44d0
6bf244ca
6bf544c5
6bf844c0
6bfc44ba
6bff44b5
6c0244b0
6c0644ab
6c0944a5
6c0d44a0
6c10449b
6c134495
6c174490
6c1a448b
6c1d4485
6c214480
6c24447b
6c284475
6c2b4470
6c2e446b
6c324466
6c354460
6c38445b
6c3c4456
6c3f4450
6c42444b
6c464446
6c494440
6c4c443b
6c504436
6c534430
6c56442b
6c5a4426
6c5d4420
6c61441b
6c644416
6c674411
6c6b440b
6c6e4406
6c714401
6c7543fb
6c7843f6
6c7b43f1
6c7f43eb
6c8243e6
6c8543e1
6c8943db
6c8c43d6
6c8f43d1
6c9343cb
6c9643c6
6c9943c1
6c9d43bb
6ca043b6
6ca343b1
6ca643ab
6caa43a6
6cad43a1
6cb0439b
6cb44396
6cb74391
6cba438b
6cbe4386
6cc14381
6cc4437b
6cc84376
6ccb4371
6cce436b
6cd24366
6cd54361
6cd8435b
6cdc4356
6cdf4351
6ce2434b
6ce54346
6ce94340
6cec433b
6cef4336
6cf34330
6cf6432b
6cf94326
6cfd4320
6d00431b
6d034316
6d064310
6d0a430b
6d0d4306
6d104300
6d1442fb
6d1742f6
6d1a42f0
6d1d42eb
6d2142e6
6d2442e0
6d2742db
6d2b42d5
6d2e42d0
6d3142cb
6d3442c5
6d3842c0
6d3b42bb
6d3e42b5
6d4142b0
6d4542ab
6d4842a5
6d4b42a0
6d4f429a
6d524295
6d554290
6d58428a
6d5c4285
6d5f4280
6d62427a
6d654275
6d694270
6d6c426a
6d6f4265
6d72425f
6d76425a
6d794255
6d7c424f
6d7f424a
6d834245
6d86423f
6d89423a
6d8c4234
6d90422f
6d93422a
6d964224
6d99421f
6d9d421a
6da04214
6da3420f
6da64209
6daa4204
6dad41ff
6db041f9
6db341f4
6db741ee
6dba41e9
6dbd41e4
6dc041de
6dc441d9
6dc741d4
6dca41ce
6dcd41c9
6dd141c3
6dd441be
6dd741b9
6dda41b3
6ddd41ae
6de141a8
6de441a3
6de7419e
6dea4198
6dee4193
6df1418d
6df44188
6df74183
6dfa417d
6dfe4178
6e014172
6e04416d
6e074168
6e0a4162
6e0e415d
6e114157
6e144152
6e17414d
6e1a4147
6e1e4142
6e21413c
6e244137
6e274132
6e2a412c
6e2e4127
6e314121
6e34411c
6e374117
6e3a4111
6e3e410c
6e414106
6e444101
6e4740fb
6e4a40f6
6e4e40f1
6e5140eb
6e5440e6
6e5740e0
6e5a40db
6e5e40d6
6e6140d0
6e6440cb
6e6740c5
6e6a40c0
6e6d40ba
6e7140b5
6e7440b0
6e7740aa
6e7a40a5
6e7d409f
6e80409a
6e844095
6e87408f
6e8a408a
6e8d4084
6e90407f
6e934079
6e974074
6e9a406f
6e9d4069
6ea04064
6ea3405e
6ea64059
6eaa4053
6ead404e
6eb04048
6eb34043
6eb6403e
6eb94038
6ebd4033
6ec0402d
6ec34028
6ec64022
6ec9401d
6ecc4018
6ecf4012
6ed3400d
6ed64007
6ed94002
6edc3ffc
6edf3ff7
6ee23ff1
6ee53fec
6ee93fe7
6eec3fe1
6eef3fdc
6ef23fd6
6ef53fd1
6ef83fcb
6efb3fc6
6eff3fc0
6f023fbb
6f053fb6
6f083fb0
6f0b3fab
6f0e3fa5
6f113fa0
6f143f9a
6f183f95
6f1b3f8f
6f1e3f8a
6f213f85
6f243f7f
6f273f7a
6f2a3f74
6f2d3f6f
6f303f69
6f343f64
6f373f5e
6f3a3f59
6f3d3f53
6f403f4e
6f433f48
6f463f43
6f493f3e
6f4c3f38
6f503f33
6f533f2d
6f563f28
6f593f22
6f5c3f1d
6f5f3f17
6f623f12
6f653f0c
6f683f07
6f6b3f01
6f6e3efc
6f723ef6
6f753ef1
6f783eec
6f7b3ee6
6f7e3ee1
6f813edb
6f843ed6
6f873ed0
6f8a3ecb
6f8d3ec5
6f903ec0
6f943eba
6f973eb5
6f9a3eaf
6f9d3eaa
6fa03ea4
6fa33e9f
6fa63e99
6fa93e94
6fac3e8e
6faf3e89
6fb23e83
6fb53e7e
6fb83e78
6fbb3e73
6fbf3e6e
6fc23e68
6fc53e63
6fc83e5d
6fcb3e58
6fce3e52
6fd13e4d
6fd43e47
6fd73e42
6fda3e3c
6fdd3e37
6fe03e31
6fe33e2c
6fe63e26
6fe93e21
6fec3e1b
6fef3e16
6ff23e10
6ff63e0b
6ff93e05
6ffc3e00
6fff3dfa
70023df5
70053def
70083dea
700b3de4
700e3ddf
70113dd9
70143dd4
70173dce
701a3dc9
701d3dc3
70203dbe
70233db8
70263db3
70293dad
702c3da8
702f3da2
70323d9d
70353d97
70383d92
703b3d8c
703e3d87
70413d81
70443d7c
70473d76
704a3d71
704d3d6b
70503d66
70533d60
70563d5b
70593d55
705c3d50
705f3d4a
70623d44
70653d3f
70683d39
706b3d34
706e3d2e
70713d29
70743d23
70773d1e
707a3d18
707d3d13
70803d0d
70833d08
70863d02
70893cfd
708c3cf7
708f3cf2
70923cec
70953ce7
70983ce1
709b3cdc
709e3cd6
70a13cd0
70a43ccb
70a73cc5
70aa3cc0
70ad3cba
70b03cb5
70b33caf
70b63caa
70b93ca4
70bc3c9f
70bf3c99
70c23c94
70c53c8e
70c83c89
70cb3c83
70ce3c7e
70d13c78
70d43c72
70d73c6d
70da3c67
70dd3c62
70e03c5c
70e33c57
70e63c51
70e93c4c
70ec3c46
70ef3c41
70f23c3b
70f53c35
70f83c30
70fa3c2a
70fd3c25
71003c1f
71033c1a
71063c14
71093c0f
710c3c09
710f3c04
71123bfe
71153bf8
71183bf3
711b3bed
711e3be8
71213be2
71243bdd
71273bd7
712a3bd2
712d3bcc
712f3bc6
71323bc1
71353bbb
71383bb6
713b3bb0
713e3bab
71413ba5
71443ba0
71473b9a
714a3b94
714d3b8f
71503b89
71533b84
71553b7e
71583b79
715b3b73
715e3b6d
71613b68
71643b62
71673b5d
716a3b57
716d3b52
71703b4c
71733b47
71763b41
71783b3b
717b3b36
717e3b30
71813b2b
71843b25
71873b20
718a3b1a
718d3b14
71903b0f
71933b09
71953b04
71983afe
719b3af9
719e3af3
71a13aed
71a43ae8
71a73ae2
71aa3add
71ad3ad7
71b03ad1
71b23acc
71b53ac6
71b83ac1
71bb3abb
71be3ab6
71c13ab0
71c43aaa
71c73aa5
71c93a9f
71cc3a9a
71cf3a94
71d23a8e
71d53a89
71d83a83
71db3a7e
71de3a78
71e03a73
71e33a6d
71e63a67
71e93a62
71ec3a5c
71ef3a57
71f23a51
71f53a4b
71f73a46
71fa3a40
71fd3a3b
72003a35
72033a2f
72063a2a
72093a24
720b3a1f
720e3a19
72113a13
72143a0e
72173a08
721a3a03
721c39fd
721f39f7
722239f2
722539ec
722839e7
722b39e1
722e39db
723039d6
723339d0
723639cb
723939c5
723c39bf
723f39ba
724139b4
724439af
724739a9
724a39a3
724d399e
72503998
72523992
7255398d
72583987
725b3982
725e397c
72603976
72633971
7266396b
72693966
726c3960
726f395a
72713955
7274394f
72773949
727a3944
727d393e
727f3939
72823933
7285392d
72883928
728b3922
728d391d
72903917
72933911
7296390c
72993906
729b3900
729e38fb
72a138f5
72a438f0
72a738ea
72a938e4
72ac38df
72af38d9
72b238d3
72b538ce
72b738c8
72ba38c2
72bd38bd
72c038b7
72c338b2
72c538ac
72c838a6
72cb38a1
72ce389b
72d03895
72d33890
72d6388a
72d93884
72dc387f
72de3879
72e13874
72e4386e
72e73868
72e93863
72ec385d
72ef3857
72f23852
72f4384c
72f73846
72fa3841
72fd383b
72ff3836
73023830
7305382a
73083825
730b381f
730d3819
73103814
7313380e
73163808
73183803
731b37fd
731e37f7
732137f2
732337ec
732637e6
732937e1
732c37db
732e37d5
733137d0
733437ca
733637c5
733937bf
733c37b9
733f37b4
734137ae
734437a8
734737a3
734a379d
734c3797
734f3792
7352378c
73553786
73573781
735a377b
735d3775
735f3770
7362376a
73653764
7368375f
736a3759
736d3753
7370374e
73723748
73753742
7378373d
737b3737
737d3731
7380372c
73833726
73853720
7388371b
738b3715
738e370f
7390370a
73933704
739636fe
739836f9
739b36f3
739e36ed
73a036e8
73a336e2
73a636dc
73a836d7
73ab36d1
73ae36cb
73b136c5
73b336c0
73b636ba
73b936b4
73bb36af
73be36a9
73c136a3
73c3369e
73c63698
73c93692
73cb368d
73ce3687
73d13681
73d3367c
73d63676
73d93670
73db366b
73de3665
73e1365f
73e33659
73e63654
73e9364e
73eb3648
73ee3643
73f1363d
73f33637
73f63632
73f9362c
73fb3626
73fe3621
7401361b
74033615
7406360f
7409360a
740b3604
740e35fe
741135f9
741335f3
741635ed
741935e8
741b35e2
741e35dc
742135d7
742335d1
742635cb
742835c5
742b35c0
742e35ba
743035b4
743335af
743635a9
743835a3
743b359d
743e3598
74403592
7443358c
74453587
74483581
744b357b
744d3576
74503570
7453356a
74553564
7458355f
745a3559
745d3553
7460354e
74623548
74653542
7467353c
746a3537
746d3531
746f352b
74723526
74753520
7477351a
747a3514
747c350f
747f3509
74823503
748434fe
748734f8
748934f2
748c34ec
748f34e7
749134e1
749434db
749634d5
749934d0
749c34ca
749e34c4
74a134bf
74a334b9
74a634b3
74a834ad
74ab34a8
74ae34a2
74b0349c
74b33497
74b53491
74b8348b
74bb3485
74bd3480
74c0347a
74c23474
74c5346e
74c73469
74ca3463
74cd345d
74cf3457
74d23452
74d4344c
74d73446
74d93441
74dc343b
74df3435
74e1342f
74e4342a
74e63424
74e9341e
74eb3418
74ee3413
74f0340d
74f33407
74f63401
74f833fc
74fb33f6
74fd33f0
750033ea
750233e5
750533df
750733d9
750a33d3
750c33ce
750f33c8
751233c2
751433bc
751733b7
751933b1
751c33ab
751e33a5
752133a0
7523339a
75263394
7528338e
752b3389
752d3383
7530337d
75323377
75353372
7538336c
753a3366
753d3360
753f335b
75423355
7544334f
75473349
75493344
754c333e
754e3338
75513332
7553332d
75563327
75583321
755b331b
755d3316
75603310
7562330a
75653304
756732ff
756a32f9
756c32f3
756f32ed
757132e8
757432e2
757632dc
757932d6
757b32d0
757e32cb
758032c5
758332bf
758532b9
758832b4
758a32ae
758d32a8
758f32a2
7592329d
75943297
75973291
7599328b
759c3285
759e3280
75a1327a
75a33274
75a6326e
75a83269
75aa3263
75ad325d
75af3257
75b23251
75b4324c
75b73246
75b93240
75bc323a
75be3235
75c1322f
75c33229
75c63223
75c8321d
75cb3218
75cd3212
75cf320c
75d23206
75d43201
75d731fb
75d931f5
75dc31ef
75de31e9
75e131e4
75e331de
75e631d8
75e831d2
75ea31cc
75ed31c7
75ef31c1
75f231bb
75f431b5
75f731b0
75f931aa
75fb31a4
75fe319e
76003198
76033193
7605318d
76083187
760a3181
760d317b
760f3176
76113170
7614316a
76163164
7619315e
761b3159
761d3153
7620314d
76223147
76253141
7627313c
762a3136
762c3130
762e312a
76313124
7633311f
76363119
76383113
763a310d
763d3107
763f3102
764230fc
764430f6
764630f0
764930ea
764b30e5
764e30df
765030d9
765230d3
765530cd
765730c8
765a30c2
765c30bc
765e30b6
766130b0
766330aa
766630a5
7668309f
766a3099
766d3093
766f308d
76723088
76743082
7676307c
76793076
767b3070
767d306b
76803065
7682305f
76853059
76873053
7689304d
768c3048
768e3042
7690303c
76933036
76953030
7698302a
769a3025
769c301f
769f3019
76a13013
76a3300d
76a63008
76a83002
76aa2ffc
76ad2ff6
76af2ff0
76b12fea
76b42fe5
76b62fdf
76b92fd9
76bb2fd3
76bd2fcd
76c02fc7
76c22fc2
76c42fbc
76c72fb6
76c92fb0
76cb2faa
76ce2fa4
76d02f9f
76d22f99
76d52f93
76d72f8d
76d92f87
76dc2f81
76de2f7c
76e02f76
76e32f70
76e52f6a
76e72f64
76ea2f5e
76ec2f59
76ee2f53
76f12f4d
76f32f47
76f52f41
76f82f3b
76fa2f36
76fc2f30
76fe2f2a
77012f24
77032f1e
77052f18
77082f13
770a2f0d
770c2f07
770f2f01
77112efb
77132ef5
77162eef
77182eea
771a2ee4
771c2ede
771f2ed8
77212ed2
77232ecc
77262ec7
77282ec1
772a2ebb
772d2eb5
772f2eaf
77312ea9
77332ea3
77362e9e
77382e98
773a2e92
773d2e8c
773f2e86
77412e80
77432e7a
77462e75
77482e6f
774a2e69
774d2e63
774f2e5d
77512e57
77532e51
77562e4c
77582e46
775a2e40
775c2e3a
775f2e34
77612e2e
77632e28
77662e23
77682e1d
776a2e17
776c2e11
776f2e0b
77712e05
77732dff
77752dfa
77782df4
777a2dee
777c2de8
777e2de2
77812ddc
77832dd6
77852dd1
77872dcb
778a2dc5
778c2dbf
778e2db9
77902db3
77932dad
77952da7
77972da2
77992d9c
779c2d96
779e2d90
77a02d8a
77a22d84
77a42d7e
77a72d78
77a92d73
77ab2d6d
77ad2d67
77b02d61
77b22d5b
77b42d55
77b62d4f
77b92d49
77bb2d44
77bd2d3e
77bf2d38
77c12d32
77c42d2c
77c62d26
77c82d20
77ca2d1a
77cd2d15
77cf2d0f
77d12d09
77d32d03
77d52cfd
77d82cf7
77da2cf1
77dc2ceb
77de2ce6
77e02ce0
77e32cda
77e52cd4
77e72cce
77e92cc8
77eb2cc2
77ee2cbc
77f02cb6
77f22cb1
77f42cab
77f62ca5
77f92c9f
77fb2c99
77fd2c93
77ff2c8d
78012c87
78032c81
78062c7c
78082c76
780a2c70
780c2c6a
780e2c64
78112c5e
78132c58
78152c52
78172c4c
78192c46
781b2c41
781e2c3b
78202c35
78222c2f
78242c29
78262c23
78282c1d
782b2c17
782d2c11
782f2c0c
78312c06
78332c00
78352bfa
78382bf4
783a2bee
783c2be8
783e2be2
78402bdc
78422bd6
78452bd0
78472bcb
78492bc5
784b2bbf
784d2bb9
784f2bb3
78512bad
78542ba7
78562ba1
78582b9b
785a2b95
785c2b90
785e2b8a
78602b84
78632b7e
78652b78
78672b72
78692b6c
786b2b66
786d2b60
786f2b5a
78712b54
78742b4f
78762b49
78782b43
787a2b3d
787c2b37
787e2b31
78802b2b
78822b25
78852b1f
78872b19
78892b13
788b2b0d
788d2b08
788f2b02
78912afc
78932af6
78952af0
78982aea
789a2ae4
789c2ade
789e2ad8
78a02ad2
78a22acc
78a42ac6
78a62ac1
78a82abb
78aa2ab5
78ad2aaf
78af2aa9
78b12aa3
78b32a9d
78b52a97
78b72a91
78b92a8b
78bb2a85
78bd2a7f
78bf2a79
78c12a73
78c42a6e
78c62a68
78c82a62
78ca2a5c
78cc2a56
78ce2a50
78d02a4a
78d22a44
78d42a3e
78d62a38
78d82a32
78da2a2c
78dc2a26
78de2a20
78e12a1b
78e32a15
78e52a0f
78e72a09
78e92a03
78eb29fd
78ed29f7
78ef29f1
78f129eb
78f329e5
78f529df
78f729d9
78f929d3
78fb29cd
78fd29c7
78ff29c1
790129bc
790429b6
790629b0
790829aa
790a29a4
790c299e
790e2998
79102992
7912298c
79142986
79162980
7918297a
791a2974
791c296e
791e2968
79202962
7922295c
79242956
79262951
7928294b
792a2945
792c293f
792e2939
79302933
7932292d
79342927
79362921
7938291b
793a2915
793c290f
793e2909
79402903
794228fd
794428f7
794628f1
794828eb
794a28e5
794c28df
794e28da
795128d4
795328ce
795528c8
795728c2
795928bc
795b28b6
795d28b0
795f28aa
796028a4
7962289e
79642898
79662892
7968288c
796a2886
796c2880
796e287a
79702874
7972286e
79742868
79762862
7978285c
797a2856
797c2850
797e284b
79802845
7982283f
79842839
79862833
7988282d
798a2827
798c2821
798e281b
79902815
7992280f
79942809
79962803
799827fd
799a27f7
799c27f1
799e27eb
79a027e5
79a227df
79a427d9
79a627d3
79a827cd
79aa27c7
79ab27c1
79ad27bb
79af27b5
79b127af
79b327a9
79b527a3
79b7279d
79b92797
79bb2791
79bd278b
79bf2786
79c12780
79c3277a
79c52774
79c7276e
79c92768
79cb2762
79cc275c
79ce2756
79d02750
79d2274a
79d42744
79d6273e
79d82738
79da2732
79dc272c
79de2726
79e02720
79e2271a
79e42714
79e6270e
79e72708
79e92702
79eb26fc
79ed26f6
79ef26f0
79f126ea
79f326e4
79f526de
79f726d8
79f926d2
79fb26cc
79fc26c6
79fe26c0
7a0026ba
7a0226b4
7a0426ae
7a0626a8
7a0826a2
7a0a269c
7a0c2696
7a0e2690
7a0f268a
7a112684
7a13267e
7a152678
7a172672
7a19266c
7a1b2666
7a1d2660
7a1f265a
7a202654
7a22264e
7a242648
7a262642
7a28263c
7a2a2636
7a2c2630
7a2e262a
7a2f2624
7a31261e
7a332618
7a352612
7a37260c
7a392606
7a3b2600
7a3c25fa
7a3e25f4
7a4025ee
7a4225e8
7a4425e2
7a4625dc
7a4825d6
7a4925d0
7a4b25ca
7a4d25c4
7a4f25be
7a5125b8
7a5325b2
7a5525ac
7a5625a6
7a5825a0
7a5a259a
7a5c2594
7a5e258e
7a602588
7a622582
7a63257c
7a652576
7a672570
7a69256a
7a6b2564
7a6d255e
7a6e2558
7a702552
7a72254c
7a742546
7a762540
7a78253a
7a792534
7a7b252e
7a7d2528
7a7f2522
7a81251c
7a822516
7a842510
7a86250a
7a882504
7a8a24fe
7a8c24f8
7a8d24f2
7a8f24ec
7a9124e6
7a9324e0
7a9524da
7a9624d4
7a9824ce
7a9a24c8
7a9c24c2
7a9e24bc
7a9f24b6
7aa124b0
7aa324aa
7aa524a4
7aa7249e
7aa82498
7aaa2492
7aac248c
7aae2486
7ab02480
7ab1247a
7ab32474
7ab5246d
7ab72467
7ab92461
7aba245b
7abc2455
7abe244f
7ac02449
7ac12443
7ac3243d
7ac52437
7ac72431
7ac9242b
7aca2425
7acc241f
7ace2419
7ad02413
7ad1240d
7ad32407
7ad52401
7ad723fb
7ad923f5
7ada23ef
7adc23e9
7ade23e3
7ae023dd
7ae123d7
7ae323d1
7ae523cb
7ae723c5
7ae823bf
7aea23b9
7aec23b3
7aee23ad
7aef23a7
7af123a0
7af3239a
7af52394
7af6238e
7af82388
7afa2382
7afc237c
7afd2376
7aff2370
7b01236a
7b032364
7b04235e
7b062358
7b082352
7b0a234c
7b0b2346
7b0d2340
7b0f233a
7b102334
7b12232e
7b142328
7b162322
7b17231c
7b192316
7b1b2310
7b1c230a
7b1e2303
7b2022fd
7b2222f7
7b2322f1
7b2522eb
7b2722e5
7b2922df
7b2a22d9
7b2c22d3
7b2e22cd
7b2f22c7
7b3122c1
7b3322bb
7b3422b5
7b3622af
7b3822a9
7b3a22a3
7b3b229d
7b3d2297
7b3f2291
7b40228b
7b422284
7b44227e
7b452278
7b472272
7b49226c
7b4b2266
7b4c2260
7b4e225a
7b502254
7b51224e
7b532248
7b552242
7b56223c
7b582236
7b5a2230
7b5b222a
7b5d2224
7b5f221e
7b602218
7b622211
7b64220b
7b652205
7b6721ff
7b6921f9
7b6a21f3
7b6c21ed
7b6e21e7
7b6f21e1
7b7121db
7b7321d5
7b7421cf
7b7621c9
7b7821c3
7b7921bd
7b7b21b7
7b7d21b1
7b7e21aa
7b8021a4
7b82219e
7b832198
7b852192
7b87218c
7b882186
7b8a2180
7b8b217a
7b8d2174
7b8f216e
7b902168
7b922162
7b94215c
7b952156
7b972150
7b992149
7b9a2143
7b9c213d
7b9d2137
7b9f2131
7ba1212b
7ba22125
7ba4211f
7ba62119
7ba72113
7ba9210d
7baa2107
7bac2101
7bae20fb
7baf20f4
7bb120ee
7bb320e8
7bb420e2
7bb620dc
7bb720d6
7bb920d0
7bbb20ca
7bbc20c4
7bbe20be
7bbf20b8
7bc120b2
7bc320ac
7bc420a6
7bc6209f
7bc72099
7bc92093
7bcb208d
7bcc2087
7bce2081
7bcf207b
7bd12075
7bd3206f
7bd42069
7bd62063
7bd7205d
7bd92057
7bdb2050
7bdc204a
7bde2044
7bdf203e
7be12038
7be32032
7be4202c
7be62026
7be72020
7be9201a
7bea2014
7bec200e
7bee2007
7bef2001
7bf11ffb
7bf21ff5
7bf41fef
7bf51fe9
7bf71fe3
7bf91fdd
7bfa1fd7
7bfc1fd1
7bfd1fcb
7bff1fc5
7c001fbe
7c021fb8
7c031fb2
7c051fac
7c071fa6
7c081fa0
7c0a1f9a
7c0b1f94
7c0d1f8e
7c0e1f88
7c101f82
7c111f7b
7c131f75
7c141f6f
7c161f69
7c181f63
7c191f5d
7c1b1f57
7c1c1f51
7c1e1f4b
7c1f1f45
7c211f3f
7c221f38
7c241f32
7c251f2c
7c271f26
7c281f20
7c2a1f1a
7c2c1f14
7c2d1f0e
7c2f1f08
7c301f02
7c321efb
7c331ef5
7c351eef
7c361ee9
7c381ee3
7c391edd
7c3b1ed7
7c3c1ed1
7c3e1ecb
7c3f1ec5
7c411ebf
7c421eb8
7c441eb2
7c451eac
7c471ea6
7c481ea0
7c4a1e9a
7c4b1e94
7c4d1e8e
7c4e1e88
7c501e82
7c511e7b
7c531e75
7c541e6f
7c561e69
7c571e63
7c591e5d
7c5a1e57
7c5c1e51
7c5d1e4b
7c5f1e44
7c601e3e
7c621e38
7c631e32
7c651e2c
7c661e26
7c681e20
7c691e1a
7c6b1e14
7c6c1e0e
7c6e1e07
7c6f1e01
7c701dfb
7c721df5
7c731def
7c751de9
7c761de3
7c781ddd
7c791dd7
7c7b1dd0
7c7c1dca
7c7e1dc4
7c7f1dbe
7c811db8
7c821db2
7c831dac
7c851da6
7c861da0
7c881d99
7c891d93
7c8b1d8d
7c8c1d87
7c8e1d81
7c8f1d7b
7c911d75
7c921d6f
7c931d69
7c951d62
7c961d5c
7c981d56
7c991d50
7c9b1d4a
7c9c1d44
7c9e1d3e
7c9f1d38
7ca01d31
7ca21d2b
7ca31d25
7ca51d1f
7ca61d19
7ca81d13
7ca91d0d
7caa1d07
7cac1d01
7cad1cfa
7caf1cf4
7cb01cee
7cb11ce8
7cb31ce2
7cb41cdc
7cb61cd6
7cb71cd0
7cb91cc9
7cba1cc3
7cbb1cbd
7cbd1cb7
7cbe1cb1
7cc01cab
7cc11ca5
7cc21c9f
7cc41c98
7cc51c92
7cc71c8c
7cc81c86
7cc91c80
7ccb1c7a
7ccc1c74
7cce1c6e
7ccf1c67
7cd01c61
7cd21c5b
7cd31c55
7cd51c4f
7cd61c49
7cd71c43
7cd91c3d
7cda1c36
7cdc1c30
7cdd1c2a
7cde1c24
7ce01c1e
7ce11c18
7ce21c12
7ce41c0c
7ce51c05
7ce71bff
7ce81bf9
7ce91bf3
7ceb1bed
7cec1be7
7ced1be1
7cef1bda
7cf01bd4
7cf21bce
7cf31bc8
7cf41bc2
7cf61bbc
7cf71bb6
7cf81bb0
7cfa1ba9
7cfb1ba3
7cfc1b9d
7cfe1b97
7cff1b91
7d001b8b
7d021b85
7d031b7e
7d051b78
7d061b72
7d071b6c
7d091b66
7d0a1b60
7d0b1b5a
7d0d1b53
7d0e1b4d
7d0f1b47
7d111b41
7d121b3b
7d131b35
7d151b2f
7d161b29
7d171b22
7d191b1c
7d1a1b16
7d1b1b10
7d1d1b0a
7d1e1b04
7d1f1afe
7d211af7
7d221af1
7d231aeb
7d251ae5
7d261adf
7d271ad9
7d281ad3
7d2a1acc
7d2b1ac6
7d2c1ac0
7d2e1aba
7d2f1ab4
7d301aae
7d321aa8
7d331aa1
7d341a9b
7d361a95
7d371a8f
7d381a89
7d3a1a83
7d3b1a7c
7d3c1a76
7d3d1a70
7d3f1a6a
7d401a64
7d411a5e
7d431a58
7d441a51
7d451a4b
7d461a45
7d481a3f
7d491a39
7d4a1a33
7d4c1a2d
7d4d1a26
7d4e1a20
7d4f1a1a
7d511a14
7d521a0e
7d531a08
7d551a01
7d5619fb
7d5719f5
7d5819ef
7d5a19e9
7d5b19e3
7d5c19dd
7d5d19d6
7d5f19d0
7d6019ca
7d6119c4
7d6319be
7d6419b8
7d6519b1
7d6619ab
7d6819a5
7d69199f
7d6a1999
7d6b1993
7d6d198d
7d6e1986
7d6f1980
7d70197a
7d721974
7d73196e
7d741968
7d751961
7d77195b
7d781955
7d79194f
7d7a1949
7d7c1943
7d7d193c
7d7e1936
7d7f1930
7d81192a
7d821924
7d83191e
7d841918
7d851911
7d87190b
7d881905
7d8918ff
7d8a18f9
7d8c18f3
7d8d18ec
7d8e18e6
7d8f18e0
7d9018da
7d9218d4
7d9318ce
7d9418c7
7d9518c1
7d9718bb
7d9818b5
7d9918af
7d9a18a9
7d9b18a2
7d9d189c
7d9e1896
7d9f1890
7da0188a
7da11884
7da3187d
7da41877
7da51871
7da6186b
7da71865
7da9185f
7daa1858
7dab1852
7dac184c
7dad1846
7daf1840
7db0183a
7db11833
7db2182d
7db31827
7db51821
7db6181b
7db71815
7db8180e
7db91808
7dba1802
7dbc17fc
7dbd17f6
7dbe17f0
7dbf17e9
7dc017e3
7dc217dd
7dc317d7
7dc417d1
7dc517ca
7dc617c4
7dc717be
7dc917b8
7dca17b2
7dcb17ac
7dcc17a5
7dcd179f
7dce1799
7dcf1793
7dd1178d
7dd21787
7dd31780
7dd4177a
7dd51774
7dd6176e
7dd81768
7dd91761
7dda175b
7ddb1755
7ddc174f
7ddd1749
7dde1743
7de0173c
7de11736
7de21730
7de3172a
7de41724
7de5171e
7de61717
7de81711
7de9170b
7dea1705
7deb16ff
7dec16f8
7ded16f2
7dee16ec
7def16e6
7df116e0
7df216da
7df316d3
7df416cd
7df516c7
7df616c1
7df716bb
7df816b4
7df916ae
7dfb16a8
7dfc16a2
7dfd169c
7dfe1696
7dff168f
7e001689
7e011683
7e02167d
7e031677
7e051670
7e06166a
7e071664
7e08165e
7e091658
7e0a1651
7e0b164b
7e0c1645
7e0d163f
7e0e1639
7e101633
7e11162c
7e121626
7e131620
7e14161a
7e151614
7e16160d
7e171607
7e181601
7e1915fb
7e1a15f5
7e1b15ee
7e1d15e8
7e1e15e2
7e1f15dc
7e2015d6
7e2115d0
7e2215c9
7e2315c3
7e2415bd
7e2515b7
7e2615b1
7e2715aa
7e2815a4
7e29159e
7e2a1598
7e2b1592
7e2d158b
7e2e1585
7e2f157f
7e301579
7e311573
7e32156c
7e331566
7e341560
7e35155a
7e361554
7e37154d
7e381547
7e391541
7e3a153b
7e3b1535
7e3c152e
7e3d1528
7e3e1522
7e3f151c
7e401516
7e41150f
7e421509
7e431503
7e4514fd
7e4614f7
7e4714f0
7e4814ea
7e4914e4
7e4a14de
7e4b14d8
7e4c14d1
7e4d14cb
7e4e14c5
7e4f14bf
7e5014b9
7e5114b2
7e5214ac
7e5314a6
7e5414a0
7e55149a
7e561493
7e57148d
7e581487
7e591481
7e5a147b
7e5b1474
7e5c146e
7e5d1468
7e5e1462
7e5f145c
7e601455
7e61144f
7e621449
7e631443
7e64143d
7e651436
7e661430
7e67142a
7e681424
7e69141e
7e6a1417
7e6b1411
7e6c140b
7e6d1405
7e6e13ff
7e6f13f8
7e7013f2
7e7113ec
7e7213e6
7e7313e0
7e7413d9
7e7513d3
7e7613cd
7e7713c7
7e7813c1
7e7813ba
7e7913b4
7e7a13ae
7e7b13a8
7e7c13a1
7e7d139b
7e7e1395
7e7f138f
7e801389
7e811382
7e82137c
7e831376
7e841370
7e85136a
7e861363
7e87135d
7e881357
7e891351
7e8a134b
7e8b1344
7e8c133e
7e8d1338
7e8d1332
7e8e132b
7e8f1325
7e90131f
7e911319
7e921313
7e93130c
7e941306
7e951300
7e9612fa
7e9712f4
7e9812ed
7e9912e7
7e9a12e1
7e9b12db
7e9b12d4
7e9c12ce
7e9d12c8
7e9e12c2
7e9f12bc
7ea012b5
7ea112af
7ea212a9
7ea312a3
7ea4129d
7ea51296
7ea61290
7ea6128a
7ea71284
7ea8127d
7ea91277
7eaa1271
7eab126b
7eac1265
7ead125e
7eae1258
7eaf1252
7eb0124c
7eb01246
7eb1123f
7eb21239
7eb31233
7eb4122d
7eb51226
7eb61220
7eb7121a
7eb81214
7eb8120e
7eb91207
7eba1201
7ebb11fb
7ebc11f5
7ebd11ee
7ebe11e8
7ebf11e2
7ec011dc
7ec011d6
7ec111cf
7ec211c9
7ec311c3
7ec411bd
7ec511b6
7ec611b0
7ec611aa
7ec711a4
7ec8119e
7ec91197
7eca1191
7ecb118b
7ecc1185
7ecd117e
7ecd1178
7ece1172
7ecf116c
7ed01166
7ed1115f
7ed21159
7ed31153
7ed3114d
7ed41146
7ed51140
7ed6113a
7ed71134
7ed8112d
7ed81127
7ed91121
7eda111b
7edb1115
7edc110e
7edd1108
7edd1102
7ede10fc
7edf10f5
7ee010ef
7ee110e9
7ee210e3
7ee210dd
7ee310d6
7ee410d0
7ee510ca
7ee610c4
7ee710bd
7ee710b7
7ee810b1
7ee910ab
7eea10a4
7eeb109e
7eeb1098
7eec1092
7eed108c
7eee1085
7eef107f
7ef01079
7ef01073
7ef1106c
7ef21066
7ef31060
7ef4105a
7ef41053
7ef5104d
7ef61047
7ef71041
7ef8103b
7ef81034
7ef9102e
7efa1028
7efb1022
7efc101b
7efc1015
7efd100f
7efe1009
7eff1002
7eff0ffc
7f000ff6
7f010ff0
7f020fea
7f030fe3
7f030fdd
7f040fd7
7f050fd1
7f060fca
7f060fc4
7f070fbe
7f080fb8
7f090fb1
7f0a0fab
7f0a0fa5
7f0b0f9f
7f0c0f98
7f0d0f92
7f0d0f8c
7f0e0f86
7f0f0f7f
7f100f79
7f100f73
7f110f6d
7f120f67
7f130f60
7f130f5a
7f140f54
7f150f4e
7f160f47
7f160f41
7f170f3b
7f180f35
7f190f2e
7f190f28
7f1a0f22
7f1b0f1c
7f1c0f15
7f1c0f0f
7f1d0f09
7f1e0f03
7f1f0efc
7f1f0ef6
7f200ef0
7f210eea
7f220ee4
7f220edd
7f230ed7
7f240ed1
7f240ecb
7f250ec4
7f260ebe
7f270eb8
7f270eb2
7f280eab
7f290ea5
7f2a0e9f
7f2a0e99
7f2b0e92
7f2c0e8c
7f2c0e86
7f2d0e80
7f2e0e79
7f2f0e73
7f2f0e6d
7f300e67
7f310e60
7f310e5a
7f320e54
7f330e4e
7f330e47
7f340e41
7f350e3b
7f360e35
7f360e2e
7f370e28
7f380e22
7f380e1c
7f390e16
7f3a0e0f
7f3a0e09
7f3b0e03
7f3c0dfd
7f3c0df6
7f3d0df0
7f3e0dea
7f3f0de4
7f3f0ddd
7f400dd7
7f410dd1
7f410dcb
7f420dc4
7f430dbe
7f430db8
7f440db2
7f450dab
7f450da5
7f460d9f
7f470d99
7f470d92
7f480d8c
7f490d86
7f490d80
7f4a0d79
7f4b0d73
7f4b0d6d
7f4c0d67
7f4d0d60
7f4d0d5a
7f4e0d54
7f4f0d4e
7f4f0d47
7f500d41
7f500d3b
7f510d35
7f520d2e
7f520d28
7f530d22
7f540d1c
7f540d15
7f550d0f
7f560d09
7f560d03
7f570cfc
7f580cf6
7f580cf0
7f590cea
7f590ce3
7f5a0cdd
7f5b0cd7
7f5b0cd1
7f5c0cca
7f5d0cc4
7f5d0cbe
7f5e0cb8
7f5e0cb1
7f5f0cab
7f600ca5
7f600c9f
7f610c98
7f620c92
7f620c8c
7f630c86
7f630c7f
7f640c79
7f650c73
7f650c6d
7f660c66
7f660c60
7f670c5a
7f680c54
7f680c4d
7f690c47
7f6a0c41
7f6a0c3b
7f6b0c34
7f6b0c2e
7f6c0c28
7f6d0c22
7f6d0c1b
7f6e0c15
7f6e0c0f
7f6f0c08
7f6f0c02
7f700bfc
7f710bf6
7f710bef
7f720be9
7f720be3
7f730bdd
7f740bd6
7f740bd0
7f750bca
7f750bc4
7f760bbd
7f760bb7
7f770bb1
7f780bab
7f780ba4
7f790b9e
7f790b98
7f7a0b92
7f7a0b8b
7f7b0b85
7f7c0b7f
7f7c0b79
7f7d0b72
7f7d0b6c
7f7e0b66
7f7e0b60
7f7f0b59
7f800b53
7f800b4d
7f810b47
7f810b40
7f820b3a
7f820b34
7f830b2d
7f830b27
7f840b21
7f840b1b
7f850b14
7f860b0e
7f860b08
7f870b02
7f870afb
7f880af5
7f880aef
7f890ae9
7f890ae2
7f8a0adc
7f8a0ad6
7f8b0ad0
7f8b0ac9
7f8c0ac3
7f8d0abd
7f8d0ab7
7f8e0ab0
7f8e0aaa
7f8f0aa4
7f8f0a9d
7f900a97
7f900a91
7f910a8b
7f910a84
7f920a7e
7f920a78
7f930a72
7f930a6b
7f940a65
7f940a5f
7f950a59
7f950a52
7f960a4c
7f960a46
7f970a40
7f970a39
7f980a33
7f980a2d
7f990a27
7f990a20
7f9a0a1a
7f9a0a14
7f9b0a0d
7f9b0a07
7f9c0a01
7f9c09fb
7f9d09f4
7f9d09ee
7f9e09e8
7f9e09e2
7f9f09db
7f9f09d5
7fa009cf
7fa009c9
7fa109c2
7fa109bc
7fa209b6
7fa209af
7fa309a9
7fa309a3
7fa3099d
7fa40996
7fa40990
7fa5098a
7fa50984
7fa6097d
7fa60977
7fa70971
7fa7096b
7fa80964
7fa8095e
7fa90958
7fa90951
7faa094b
7faa0945
7faa093f
7fab0938
7fab0932
7fac092c
7fac0926
7fad091f
7fad0919
7fae0913
7fae090d
7fae0906
7faf0900
7faf08fa
7fb008f3
7fb008ed
7fb108e7
7fb108e1
7fb208da
7fb208d4
7fb208ce
7fb308c8
7fb308c1
7fb408bb
7fb408b5
7fb508af
7fb508a8
7fb508a2
7fb6089c
7fb60895
7fb7088f
7fb70889
7fb70883
7fb8087c
7fb80876
7fb90870
7fb9086a
7fba0863
7fba085d
7fba0857
7fbb0851
7fbb084a
7fbc0844
7fbc083e
7fbc0837
7fbd0831
7fbd082b
7fbe0825
7fbe081e
7fbe0818
7fbf0812
7fbf080c
7fc00805
7fc007ff
7fc007f9
7fc107f2
7fc107ec
7fc207e6
7fc207e0
7fc207d9
7fc307d3
7fc307cd
7fc307c7
7fc407c0
7fc407ba
7fc507b4
7fc507ad
7fc507a7
7fc607a1
7fc6079b
7fc60794
7fc7078e
7fc70788
7fc80782
7fc8077b
7fc80775
7fc9076f
7fc90768
7fc90762
7fca075c
7fca0756
7fcb074f
7fcb0749
7fcb0743
7fcc073d
7fcc0736
7fcc0730
7fcd072a
7fcd0723
7fcd071d
7fce0717
7fce0711
7fce070a
7fcf0704
7fcf06fe
7fcf06f8
7fd006f1
7fd006eb
7fd006e5
7fd106de
7fd106d8
7fd106d2
7fd206cc
7fd206c5
7fd206bf
7fd306b9
7fd306b3
7fd306ac
7fd406a6
7fd406a0
7fd40699
7fd50693
7fd5068d
7fd50687
7fd60680
7fd6067a
7fd60674
7fd7066e
7fd70667
7fd70661
7fd8065b
7fd80654
7fd8064e
7fd90648
7fd90642
7fd9063b
7fd90635
7fda062f
7fda0628
7fda0622
7fdb061c
7fdb0616
7fdb060f
7fdc0609
7fdc0603
7fdc05fd
7fdc05f6
7fdd05f0
7fdd05ea
7fdd05e3
7fde05dd
7fde05d7
7fde05d1
7fde05ca
7fdf05c4
7fdf05be
7fdf05b7
7fe005b1
7fe005ab
7fe005a5
7fe0059e
7fe10598
7fe10592
7fe1058c
7fe20585
7fe2057f
7fe20579
7fe20572
7fe3056c
7fe30566
7fe30560
7fe30559
7fe40553
7fe4054d
7fe40547
7fe40540
7fe5053a
7fe50534
7fe5052d
7fe50527
7fe60521
7fe6051b
7fe60514
7fe6050e
7fe70508
7fe70501
7fe704fb
7fe704f5
7fe804ef
7fe804e8
7fe804e2
7fe804dc
7fe904d5
7fe904cf
7fe904c9
7fe904c3
7fea04bc
7fea04b6
7fea04b0
7fea04aa
7fea04a3
7feb049d
7feb0497
7feb0490
7feb048a
7fec0484
7fec047e
7fec0477
7fec0471
7fec046b
7fed0464
7fed045e
7fed0458
7fed0452
7fee044b
7fee0445
7fee043f
7fee0439
7fee0432
7fef042c
7fef0426
7fef041f
7fef0419
7fef0413
7ff0040d
7ff00406
7ff00400
7ff003fa
7ff003f3
7ff103ed
7ff103e7
7ff103e1
7ff103da
7ff103d4
7ff203ce
7ff203c7
7ff203c1
7ff203bb
7ff203b5
7ff203ae
7ff303a8
7ff303a2
7ff3039c
7ff30395
7ff3038f
7ff40389
7ff40382
7ff4037c
7ff40376
7ff40370
7ff40369
7ff50363
7ff5035d
7ff50356
7ff50350
7ff5034a
7ff50344
7ff6033d
7ff60337
7ff60331
7ff6032a
7ff60324
7ff6031e
7ff60318
7ff70311
7ff7030b
7ff70305
7ff702fe
7ff702f8
7ff702f2
7ff702ec
7ff802e5
7ff802df
7ff802d9
7ff802d3
7ff802cc
7ff802c6
7ff802c0
7ff902b9
7ff902b3
7ff902ad
7ff902a7
7ff902a0
7ff9029a
7ff90294
7ff9028d
7ffa0287
7ffa0281
7ffa027b
7ffa0274
7ffa026e
7ffa0268
7ffa0261
7ffa025b
7ffb0255
7ffb024f
7ffb0248
7ffb0242
7ffb023c
7ffb0235
7ffb022f
7ffb0229
7ffb0223
7ffc021c
7ffc0216
7ffc0210
7ffc0209
7ffc0203
7ffc01fd
7ffc01f7
7ffc01f0
7ffc01ea
7ffc01e4
7ffd01de
7ffd01d7
7ffd01d1
7ffd01cb
7ffd01c4
7ffd01be
7ffd01b8
7ffd01b2
7ffd01ab
7ffd01a5
7ffd019f
7ffd0198
7ffe0192
7ffe018c
7ffe0186
7ffe017f
7ffe0179
7ffe0173
7ffe016c
7ffe0166
7ffe0160
7ffe015a
7ffe0153
7ffe014d
7ffe0147
7ffe0140
7ffe013a
7fff0134
7fff012e
7fff0127
7fff0121
7fff011b
7fff0114
7fff010e
7fff0108
7fff0102
7fff00fb
7fff00f5
7fff00ef
7fff00e8
7fff00e2
7fff00dc
7fff00d6
7fff00cf
7fff00c9
7fff00c3
7fff00bc
7fff00b6
7fff00b0
7fff00aa
7fff00a3
7fff009d
7fff0097
7fff0091
7fff008a
7fff0084
7fff007e
7fff0077
7fff0071
7fff006b
7fff0065
7fff005e
7fff0058
7fff0052
7fff004b
7fff0045
7fff003f
7fff0039
7fff0032
7fff002c
7fff0026
7fff001f
7fff0019
7fff0013
7fff000d
7fff0006
7fff0000
7ffffffa
7ffffff3
7fffffed
7fffffe7
7fffffe1
7fffffda
7fffffd4
7fffffce
7fffffc7
7fffffc1
7fffffbb
7fffffb5
7fffffae
7fffffa8
7fffffa2
7fffff9b
7fffff95
7fffff8f
7fffff89
7fffff82
7fffff7c
7fffff76
7fffff6f
7fffff69
7fffff63
7fffff5d
7fffff56
7fffff50
7fffff4a
7fffff44
7fffff3d
7fffff37
7fffff31
7fffff2a
7fffff24
7fffff1e
7fffff18
7fffff11
7fffff0b
7fffff05
7ffffefe
7ffffef8
7ffffef2
7ffffeec
7ffffee5
7ffffedf
7ffffed9
7ffffed2
7ffffecc
7ffefec6
7ffefec0
7ffefeb9
7ffefeb3
7ffefead
7ffefea6
7ffefea0
7ffefe9a
7ffefe94
7ffefe8d
7ffefe87
7ffefe81
7ffefe7a
7ffefe74
7ffefe6e
7ffdfe68
7ffdfe61
7ffdfe5b
7ffdfe55
7ffdfe4e
7ffdfe48
7ffdfe42
7ffdfe3c
7ffdfe35
7ffdfe2f
7ffdfe29
7ffdfe22
7ffcfe1c
7ffcfe16
7ffcfe10
7ffcfe09
7ffcfe03
7ffcfdfd
7ffcfdf7
7ffcfdf0
7ffcfdea
7ffcfde4
7ffbfddd
7ffbfdd7
7ffbfdd1
7ffbfdcb
7ffbfdc4
7ffbfdbe
7ffbfdb8
7ffbfdb1
7ffbfdab
7ffafda5
7ffafd9f
7ffafd98
7ffafd92
7ffafd8c
7ffafd85
7ffafd7f
7ffafd79
7ff9fd73
7ff9fd6c
7ff9fd66
7ff9fd60
7ff9fd59
7ff9fd53
7ff9fd4d
7ff9fd47
7ff8fd40
7ff8fd3a
7ff8fd34
7ff8fd2d
7ff8fd27
7ff8fd21
7ff8fd1b
7ff7fd14
7ff7fd0e
7ff7fd08
7ff7fd02
7ff7fcfb
7ff7fcf5
7ff7fcef
7ff6fce8
7ff6fce2
7ff6fcdc
7ff6fcd6
7ff6fccf
7ff6fcc9
7ff6fcc3
7ff5fcbc
7ff5fcb6
7ff5fcb0
7ff5fcaa
7ff5fca3
7ff5fc9d
7ff4fc97
7ff4fc90
7ff4fc8a
7ff4fc84
7ff4fc7e
7ff4fc77
7ff3fc71
7ff3fc6b
7ff3fc64
7ff3fc5e
7ff3fc58
7ff2fc52
7ff2fc4b
7ff2fc45
7ff2fc3f
7ff2fc39
7ff2fc32
7ff1fc2c
7ff1fc26
7ff1fc1f
7ff1fc19
7ff1fc13
7ff0fc0d
7ff0fc06
7ff0fc00
7ff0fbfa
7ff0fbf3
7feffbed
7feffbe7
7feffbe1
7feffbda
7feffbd4
7feefbce
7feefbc7
7feefbc1
7feefbbb
7feefbb5
7fedfbae
7fedfba8
7fedfba2
7fedfb9c
7fecfb95
7fecfb8f
7fecfb89
7fecfb82
7fecfb7c
7febfb76
7febfb70
7febfb69
7febfb63
7feafb5d
7feafb56
7feafb50
7feafb4a
7feafb44
7fe9fb3d
7fe9fb37
7fe9fb31
7fe9fb2b
7fe8fb24
7fe8fb1e
7fe8fb18
7fe8fb11
7fe7fb0b
7fe7fb05
7fe7faff
7fe7faf8
7fe6faf2
7fe6faec
7fe6fae5
7fe6fadf
7fe5fad9
7fe5fad3
7fe5facc
7fe5fac6
7fe4fac0
7fe4fab9
7fe4fab3
7fe4faad
7fe3faa7
7fe3faa0
7fe3fa9a
7fe3fa94
7fe2fa8e
7fe2fa87
7fe2fa81
7fe2fa7b
7fe1fa74
7fe1fa6e
7fe1fa68
7fe0fa62
7fe0fa5b
7fe0fa55
7fe0fa4f
7fdffa49
7fdffa42
7fdffa3c
7fdefa36
7fdefa2f
7fdefa29
7fdefa23
7fddfa1d
7fddfa16
7fddfa10
7fdcfa0a
7fdcfa03
7fdcf9fd
7fdcf9f7
7fdbf9f1
7fdbf9ea
7fdbf9e4
7fdaf9de
7fdaf9d8
7fdaf9d1
7fd9f9cb
7fd9f9c5
7fd9f9be
7fd9f9b8
7fd8f9b2
7fd8f9ac
7fd8f9a5
7fd7f99f
7fd7f999
7fd7f992
7fd6f98c
7fd6f986
7fd6f980
7fd5f979
7fd5f973
7fd5f96d
7fd4f967
7fd4f960
7fd4f95a
7fd3f954
7fd3f94d
7fd3f947
7fd2f941
7fd2f93b
7fd2f934
7fd1f92e
7fd1f928
7fd1f922
7fd0f91b
7fd0f915
7fd0f90f
7fcff908
7fcff902
7fcff8fc
7fcef8f6
7fcef8ef
7fcef8e9
7fcdf8e3
7fcdf8dd
7fcdf8d6
7fccf8d0
7fccf8ca
7fccf8c3
7fcbf8bd
7fcbf8b7
7fcbf8b1
7fcaf8aa
7fcaf8a4
7fc9f89e
7fc9f898
7fc9f891
7fc8f88b
7fc8f885
7fc8f87e
7fc7f878
7fc7f872
7fc6f86c
7fc6f865
7fc6f85f
7fc5f859
7fc5f853
7fc5f84c
7fc4f846
7fc4f840
7fc3f839
7fc3f833
7fc3f82d
7fc2f827
7fc2f820
7fc2f81a
7fc1f814
7fc1f80e
7fc0f807
7fc0f801
7fc0f7fb
7fbff7f4
7fbff7ee
7fbef7e8
7fbef7e2
7fbef7db
7fbdf7d5
7fbdf7cf
7fbcf7c9
7fbcf7c2
7fbcf7bc
7fbbf7b6
7fbbf7af
7fbaf7a9
7fbaf7a3
7fbaf79d
7fb9f796
7fb9f790
7fb8f78a
7fb8f784
7fb7f77d
7fb7f777
7fb7f771
7fb6f76b
7fb6f764
7fb5f75e
7fb5f758
7fb5f751
7fb4f74b
7fb4f745
7fb3f73f
7fb3f738
7fb2f732
7fb2f72c
7fb2f726
7fb1f71f
7fb1f719
7fb0f713
7fb0f70d
7faff706
7faff700
7faef6fa
7faef6f3
7faef6ed
7fadf6e7
7fadf6e1
7facf6da
7facf6d4
7fabf6ce
7fabf6c8
7faaf6c1
7faaf6bb
7faaf6b5
7fa9f6af
7fa9f6a8
7fa8f6a2
7fa8f69c
7fa7f695
7fa7f68f
7fa6f689
7fa6f683
7fa5f67c
7fa5f676
7fa4f670
7fa4f66a
7fa3f663
7fa3f65d
7fa3f657
7fa2f651
7fa2f64a
7fa1f644
7fa1f63e
7fa0f637
7fa0f631
7f9ff62b
7f9ff625
7f9ef61e
7f9ef618
7f9df612
7f9df60c
7f9cf605
7f9cf5ff
7f9bf5f9
7f9bf5f3
7f9af5ec
7f9af5e6
7f99f5e0
7f99f5d9
7f98f5d3
7f98f5cd
7f97f5c7
7f97f5c0
7f96f5ba
7f96f5b4
7f95f5ae
7f95f5a7
7f94f5a1
7f94f59b
7f93f595
7f93f58e
7f92f588
7f92f582
7f91f57c
7f91f575
7f90f56f
7f90f569
7f8ff563
7f8ff55c
7f8ef556
7f8ef550
7f8df549
7f8df543
7f8cf53d
7f8bf537
7f8bf530
7f8af52a
7f8af524
7f89f51e
7f89f517
7f88f511
7f88f50b
7f87f505
7f87f4fe
7f86f4f8
7f86f4f2
7f85f4ec
7f84f4e5
7f84f4df
7f83f4d9
7f83f4d3
7f82f4cc
7f82f4c6
7f81f4c0
7f81f4b9
7f80f4b3
7f80f4ad
7f7ff4a7
7f7ef4a0
7f7ef49a
7f7df494
7f7df48e
7f7cf487
7f7cf481
7f7bf47b
7f7af475
7f7af46e
7f79f468
7f79f462
7f78f45c
7f78f455
7f77f44f
7f76f449
7f76f443
7f75f43c
7f75f436
7f74f430
7f74f42a
7f73f423
7f72f41d
7f72f417
7f71f411
7f71f40a
7f70f404
7f6ff3fe
7f6ff3f8
7f6ef3f1
7f6ef3eb
7f6df3e5
7f6df3de
7f6cf3d8
7f6bf3d2
7f6bf3cc
7f6af3c5
7f6af3bf
7f69f3b9
7f68f3b3
7f68f3ac
7f67f3a6
7f66f3a0
7f66f39a
7f65f393
7f65f38d
7f64f387
7f63f381
7f63f37a
7f62f374
7f62f36e
7f61f368
7f60f361
7f60f35b
7f5ff355
7f5ef34f
7f5ef348
7f5df342
7f5df33c
7f5cf336
7f5bf32f
7f5bf329
7f5af323
7f59f31d
7f59f316
7f58f310
7f58f30a
7f57f304
7f56f2fd
7f56f2f7
7f55f2f1
7f54f2eb
7f54f2e4
7f53f2de
7f52f2d8
7f52f2d2
7f51f2cb
7f50f2c5
7f50f2bf
7f4ff2b9
7f4ff2b2
7f4ef2ac
7f4df2a6
7f4df2a0
7f4cf299
7f4bf293
7f4bf28d
7f4af287
7f49f280
7f49f27a
7f48f274
7f47f26e
7f47f267
7f46f261
7f45f25b
7f45f255
7f44f24e
7f43f248
7f43f242
7f42f23c
7f41f235
7f41f22f
7f40f229
7f3ff223
7f3ff21c
7f3ef216
7f3df210
7f3cf20a
7f3cf203
7f3bf1fd
7f3af1f7
7f3af1f1
7f39f1ea
7f38f1e4
7f38f1de
7f37f1d8
7f36f1d2
7f36f1cb
7f35f1c5
7f34f1bf
7f33f1b9
7f33f1b2
7f32f1ac
7f31f1a6
7f31f1a0
7f30f199
7f2ff193
7f2ff18d
7f2ef187
7f2df180
7f2cf17a
7f2cf174
7f2bf16e
7f2af167
7f2af161
7f29f15b
7f28f155
7f27f14e
7f27f148
7f26f142
7f25f13c
7f24f135
7f24f12f
7f23f129
7f22f123
7f22f11c
7f21f116
7f20f110
7f1ff10a
7f1ff104
7f1ef0fd
7f1df0f7
7f1cf0f1
7f1cf0eb
7f1bf0e4
7f1af0de
7f19f0d8
7f19f0d2
7f18f0cb
7f17f0c5
7f16f0bf
7f16f0b9
7f15f0b2
7f14f0ac
7f13f0a6
7f13f0a0
7f12f099
7f11f093
7f10f08d
7f10f087
7f0ff081
7f0ef07a
7f0df074
7f0df06e
7f0cf068
7f0bf061
7f0af05b
7f0af055
7f09f04f
7f08f048
7f07f042
7f06f03c
7f06f036
7f05f02f
7f04f029
7f03f023
7f03f01d
7f02f016
7f01f010
7f00f00a
7efff004
7effeffe
7efeeff7
7efdeff1
7efcefeb
7efcefe5
7efbefde
7efaefd8
7ef9efd2
7ef8efcc
7ef8efc5
7ef7efbf
7ef6efb9
7ef5efb3
7ef4efad
7ef4efa6
7ef3efa0
7ef2ef9a
7ef1ef94
7ef0ef8d
7ef0ef87
7eefef81
7eeeef7b
7eedef74
7eecef6e
7eebef68
7eebef62
7eeaef5c
7ee9ef55
7ee8ef4f
7ee7ef49
7ee7ef43
7ee6ef3c
7ee5ef36
7ee4ef30
7ee3ef2a
7ee2ef23
7ee2ef1d
7ee1ef17
7ee0ef11
7edfef0b
7edeef04
7eddeefe
7eddeef8
7edceef2
7edbeeeb
7edaeee5
7ed9eedf
7ed8eed9
7ed8eed3
7ed7eecc
7ed6eec6
7ed5eec0
7ed4eeba
7ed3eeb3
7ed3eead
7ed2eea7
7ed1eea1
7ed0ee9a
7ecfee94
7eceee8e
7ecdee88
7ecdee82
7eccee7b
7ecbee75
7ecaee6f
7ec9ee69
7ec8ee62
7ec7ee5c
7ec6ee56
7ec6ee50
7ec5ee4a
7ec4ee43
7ec3ee3d
7ec2ee37
7ec1ee31
7ec0ee2a
7ec0ee24
7ebfee1e
7ebeee18
7ebdee12
7ebcee0b
7ebbee05
7ebaedff
7eb9edf9
7eb8edf2
7eb8edec
7eb7ede6
7eb6ede0
7eb5edda
7eb4edd3
7eb3edcd
7eb2edc7
7eb1edc1
7eb0edba
7eb0edb4
7eafedae
7eaeeda8
7eadeda2
7eaced9b
7eabed95
7eaaed8f
7ea9ed89
7ea8ed83
7ea7ed7c
7ea6ed76
7ea6ed70
7ea5ed6a
7ea4ed63
7ea3ed5d
7ea2ed57
7ea1ed51
7ea0ed4b
7e9fed44
7e9eed3e
7e9ded38
7e9ced32
7e9bed2c
7e9bed25
7e9aed1f
7e99ed19
7e98ed13
7e97ed0c
7e96ed06
7e95ed00
7e94ecfa
7e93ecf4
7e92eced
7e91ece7
7e90ece1
7e8fecdb
7e8eecd5
7e8decce
7e8decc8
7e8cecc2
7e8becbc
7e8aecb5
7e89ecaf
7e88eca9
7e87eca3
7e86ec9d
7e85ec96
7e84ec90
7e83ec8a
7e82ec84
7e81ec7e
7e80ec77
7e7fec71
7e7eec6b
7e7dec65
7e7cec5f
7e7bec58
7e7aec52
7e79ec4c
7e78ec46
7e78ec3f
7e77ec39
7e76ec33
7e75ec2d
7e74ec27
7e73ec20
7e72ec1a
7e71ec14
7e70ec0e
7e6fec08
7e6eec01
7e6debfb
7e6cebf5
7e6bebef
7e6aebe9
7e69ebe2
7e68ebdc
7e67ebd6
7e66ebd0
7e65ebca
7e64ebc3
7e63ebbd
7e62ebb7
7e61ebb1
7e60ebab
7e5feba4
7e5eeb9e
7e5deb98
7e5ceb92
7e5beb8c
7e5aeb85
7e59eb7f
7e58eb79
7e57eb73
7e56eb6d
7e55eb66
7e54eb60
7e53eb5a
7e52eb54
7e51eb4e
7e50eb47
7e4feb41
7e4eeb3b
7e4deb35
7e4ceb2f
7e4beb28
7e4aeb22
7e49eb1c
7e48eb16
7e47eb10
7e46eb09
7e45eb03
7e43eafd
7e42eaf7
7e41eaf1
7e40eaea
7e3feae4
7e3eeade
7e3dead8
7e3cead2
7e3beacb
7e3aeac5
7e39eabf
7e38eab9
7e37eab3
7e36eaac
7e35eaa6
7e34eaa0
7e33ea9a
7e32ea94
7e31ea8d
7e30ea87
7e2fea81
7e2eea7b
7e2dea75
7e2bea6e
7e2aea68
7e29ea62
7e28ea5c
7e27ea56
7e26ea4f
7e25ea49
7e24ea43
7e23ea3d
7e22ea37
7e21ea30
7e20ea2a
7e1fea24
7e1eea1e
7e1dea18
7e1bea12
7e1aea0b
7e19ea05
7e18e9ff
7e17e9f9
7e16e9f3
7e15e9ec
7e14e9e6
7e13e9e0
7e12e9da
7e11e9d4
7e10e9cd
7e0ee9c7
7e0de9c1
7e0ce9bb
7e0be9b5
7e0ae9af
7e09e9a8
7e08e9a2
7e07e99c
7e06e996
7e05e990
7e03e989
7e02e983
7e01e97d
7e00e977
7dffe971
7dfee96a
7dfde964
7dfce95e
7dfbe958
7df9e952
7df8e94c
7df7e945
7df6e93f
7df5e939
7df4e933
7df3e92d
7df2e926
7df1e920
7defe91a
7deee914
7dede90e
7dece908
7debe901
7deae8fb
7de9e8f5
7de8e8ef
7de6e8e9
7de5e8e2
7de4e8dc
7de3e8d6
7de2e8d0
7de1e8ca
7de0e8c4
7ddee8bd
7ddde8b7
7ddce8b1
7ddbe8ab
7ddae8a5
7dd9e89f
7dd8e898
7dd6e892
7dd5e88c
7dd4e886
7dd3e880
7dd2e879
7dd1e873
7dcfe86d
7dcee867
7dcde861
7dcce85b
7dcbe854
7dcae84e
7dc9e848
7dc7e842
7dc6e83c
7dc5e836
7dc4e82f
7dc3e829
7dc2e823
7dc0e81d
7dbfe817
7dbee810
7dbde80a
7dbce804
7dbae7fe
7db9e7f8
7db8e7f2
7db7e7eb
7db6e7e5
7db5e7df
7db3e7d9
7db2e7d3
7db1e7cd
7db0e7c6
7dafe7c0
7dade7ba
7dace7b4
7dabe7ae
7daae7a8
7da9e7a1
7da7e79b
7da6e795
7da5e78f
7da4e789
7da3e783
7da1e77c
7da0e776
7d9fe770
7d9ee76a
7d9de764
7d9be75e
7d9ae757
7d99e751
7d98e74b
7d97e745
7d95e73f
7d94e739
7d93e732
7d92e72c
7d90e726
7d8fe720
7d8ee71a
7d8de714
7d8ce70d
7d8ae707
7d89e701
7d88e6fb
7d87e6f5
7d85e6ef
7d84e6e8
7d83e6e2
7d82e6dc
7d81e6d6
7d7fe6d0
7d7ee6ca
7d7de6c4
7d7ce6bd
7d7ae6b7
7d79e6b1
7d78e6ab
7d77e6a5
7d75e69f
7d74e698
7d73e692
7d72e68c
7d70e686
7d6fe680
7d6ee67a
7d6de673
7d6be66d
7d6ae667
7d69e661
7d68e65b
7d66e655
7d65e64f
7d64e648
7d63e642
7d61e63c
7d60e636
7d5fe630
7d5de62a
7d5ce623
7d5be61d
7d5ae617
7d58e611
7d57e60b
7d56e605
7d55e5ff
7d53e5f8
7d52e5f2
7d51e5ec
7d4fe5e6
7d4ee5e0
7d4de5da
7d4ce5d3
7d4ae5cd
7d49e5c7
7d48e5c1
7d46e5bb
7d45e5b5
7d44e5af
7d43e5a8
7d41e5a2
7d40e59c
7d3fe596
7d3de590
7d3ce58a
7d3be584
7d3ae57d
7d38e577
7d37e571
7d36e56b
7d34e565
7d33e55f
7d32e558
7d30e552
7d2fe54c
7d2ee546
7d2ce540
7d2be53a
7d2ae534
7d28e52d
7d27e527
7d26e521
7d25e51b
7d23e515
7d22e50f
7d21e509
7d1fe502
7d1ee4fc
7d1de4f6
7d1be4f0
7d1ae4ea
7d19e4e4
7d17e4de
7d16e4d7
7d15e4d1
7d13e4cb
7d12e4c5
7d11e4bf
7d0fe4b9
7d0ee4b3
7d0de4ad
7d0be4a6
7d0ae4a0
7d09e49a
7d07e494
7d06e48e
7d05e488
7d03e482
7d02e47b
7d00e475
7cffe46f
7cfee469
7cfce463
7cfbe45d
7cfae457
7cf8e450
7cf7e44a
7cf6e444
7cf4e43e
7cf3e438
7cf2e432
7cf0e42c
7cefe426
7cede41f
7cece419
7cebe413
7ce9e40d
7ce8e407
7ce7e401
7ce5e3fb
7ce4e3f4
7ce2e3ee
7ce1e3e8
7ce0e3e2
7cdee3dc
7cdde3d6
7cdce3d0
7cdae3ca
7cd9e3c3
7cd7e3bd
7cd6e3b7
7cd5e3b1
7cd3e3ab
7cd2e3a5
7cd0e39f
7ccfe399
7ccee392
7ccce38c
7ccbe386
7cc9e380
7cc8e37a
7cc7e374
7cc5e36e
7cc4e368
7cc2e361
7cc1e35b
7cc0e355
7cbee34f
7cbde349
7cbbe343
7cbae33d
7cb9e337
7cb7e330
7cb6e32a
7cb4e324
7cb3e31e
7cb1e318
7cb0e312
7cafe30c
7cade306
7cace2ff
7caae2f9
7ca9e2f3
7ca8e2ed
7ca6e2e7
7ca5e2e1
7ca3e2db
7ca2e2d5
7ca0e2cf
7c9fe2c8
7c9ee2c2
7c9ce2bc
7c9be2b6
7c99e2b0
7c98e2aa
7c96e2a4
7c95e29e
7c93e297
7c92e291
7c91e28b
7c8fe285
7c8ee27f
7c8ce279
7c8be273
7c89e26d
7c88e267
7c86e260
7c85e25a
7c83e254
7c82e24e
7c81e248
7c7fe242
7c7ee23c
7c7ce236
7c7be230
7c79e229
7c78e223
7c76e21d
7c75e217
7c73e211
7c72e20b
7c70e205
7c6fe1ff
7c6ee1f9
7c6ce1f2
7c6be1ec
7c69e1e6
7c68e1e0
7c66e1da
7c65e1d4
7c63e1ce
7c62e1c8
7c60e1c2
7c5fe1bc
7c5de1b5
7c5ce1af
7c5ae1a9
7c59e1a3
7c57e19d
7c56e197
7c54e191
7c53e18b
7c51e185
7c50e17e
7c4ee178
7c4de172
7c4be16c
7c4ae166
7c48e160
7c47e15a
7c45e154
7c44e14e
7c42e148
7c41e141
7c3fe13b
7c3ee135
7c3ce12f
7c3be129
7c39e123
7c38e11d
7c36e117
7c35e111
7c33e10b
7c32e105
7c30e0fe
7c2fe0f8
7c2de0f2
7c2ce0ec
7c2ae0e6
7c28e0e0
7c27e0da
7c25e0d4
7c24e0ce
7c22e0c8
7c21e0c1
7c1fe0bb
7c1ee0b5
7c1ce0af
7c1be0a9
7c19e0a3
7c18e09d
7c16e097
7c14e091
7c13e08b
7c11e085
7c10e07e
7c0ee078
7c0de072
7c0be06c
7c0ae066
7c08e060
7c07e05a
7c05e054
7c03e04e
7c02e048
7c00e042
7bffe03b
7bfde035
7bfce02f
7bfae029
7bf9e023
7bf7e01d
7bf5e017
7bf4e011
7bf2e00b
7bf1e005
7befdfff
7beedff9
7becdff2
7beadfec
7be9dfe6
7be7dfe0
7be6dfda
7be4dfd4
7be3dfce
7be1dfc8
7bdfdfc2
7bdedfbc
7bdcdfb6
7bdbdfb0
7bd9dfa9
7bd7dfa3
7bd6df9d
7bd4df97
7bd3df91
7bd1df8b
7bcfdf85
7bcedf7f
7bccdf79
7bcbdf73
7bc9df6d
7bc7df67
7bc6df61
7bc4df5a
7bc3df54
7bc1df4e
7bbfdf48
7bbedf42
7bbcdf3c
7bbbdf36
7bb9df30
7bb7df2a
7bb6df24
7bb4df1e
7bb3df18
7bb1df12
7bafdf0c
7baedf05
7bacdeff
7baadef9
7ba9def3
7ba7deed
7ba6dee7
7ba4dee1
7ba2dedb
7ba1ded5
7b9fdecf
7b9ddec9
7b9cdec3
7b9adebd
7b99deb7
7b97deb0
7b95deaa
7b94dea4
7b92de9e
7b90de98
7b8fde92
7b8dde8c
7b8bde86
7b8ade80
7b88de7a
7b87de74
7b85de6e
7b83de68
7b82de62
7b80de5c
7b7ede56
7b7dde4f
7b7bde49
7b79de43
7b78de3d
7b76de37
7b74de31
7b73de2b
7b71de25
7b6fde1f
7b6ede19
7b6cde13
7b6ade0d
7b69de07
7b67de01
7b65ddfb
7b64ddf5
7b62ddef
7b60dde8
7b5fdde2
7b5ddddc
7b5bddd6
7b5addd0
7b58ddca
7b56ddc4
7b55ddbe
7b53ddb8
7b51ddb2
7b50ddac
7b4edda6
7b4cdda0
7b4bdd9a
7b49dd94
7b47dd8e
7b45dd88
7b44dd82
7b42dd7c
7b40dd75
7b3fdd6f
7b3ddd69
7b3bdd63
7b3add5d
7b38dd57
7b36dd51
7b34dd4b
7b33dd45
7b31dd3f
7b2fdd39
7b2edd33
7b2cdd2d
7b2add27
7b29dd21
7b27dd1b
7b25dd15
7b23dd0f
7b22dd09
7b20dd03
7b1edcfd
7b1cdcf6
7b1bdcf0
7b19dcea
7b17dce4
7b16dcde
7b14dcd8
7b12dcd2
7b10dccc
7b0fdcc6
7b0ddcc0
7b0bdcba
7b0adcb4
7b08dcae
7b06dca8
7b04dca2
7b03dc9c
7b01dc96
7affdc90
7afddc8a
7afcdc84
7afadc7e
7af8dc78
7af6dc72
7af5dc6c
7af3dc66
7af1dc60
7aefdc59
7aeedc53
7aecdc4d
7aeadc47
7ae8dc41
7ae7dc3b
7ae5dc35
7ae3dc2f
7ae1dc29
7ae0dc23
7adedc1d
7adcdc17
7adadc11
7ad9dc0b
7ad7dc05
7ad5dbff
7ad3dbf9
7ad1dbf3
7ad0dbed
7acedbe7
7accdbe1
7acadbdb
7ac9dbd5
7ac7dbcf
7ac5dbc9
7ac3dbc3
7ac1dbbd
7ac0dbb7
7abedbb1
7abcdbab
7abadba5
7ab9db9f
7ab7db99
7ab5db93
7ab3db8c
7ab1db86
7ab0db80
7aaedb7a
7aacdb74
7aaadb6e
7aa8db68
7aa7db62
7aa5db5c
7aa3db56
7aa1db50
7a9fdb4a
7a9edb44
7a9cdb3e
7a9adb38
7a98db32
7a96db2c
7a95db26
7a93db20
7a91db1a
7a8fdb14
7a8ddb0e
7a8cdb08
7a8adb02
7a88dafc
7a86daf6
7a84daf0
7a82daea
7a81dae4
7a7fdade
7a7ddad8
7a7bdad2
7a79dacc
7a78dac6
7a76dac0
7a74daba
7a72dab4
7a70daae
7a6edaa8
7a6ddaa2
7a6bda9c
7a69da96
7a67da90
7a65da8a
7a63da84
7a62da7e
7a60da78
7a5eda72
7a5cda6c
7a5ada66
7a58da60
7a56da5a
7a55da54
7a53da4e
7a51da48
7a4fda42
7a4dda3c
7a4bda36
7a49da30
7a48da2a
7a46da24
7a44da1e
7a42da18
7a40da12
7a3eda0c
7a3cda06
7a3bda00
7a39d9fa
7a37d9f4
7a35d9ee
7a33d9e8
7a31d9e2
7a2fd9dc
7a2ed9d6
7a2cd9d0
7a2ad9ca
7a28d9c4
7a26d9be
7a24d9b8
7a22d9b2
7a20d9ac
7a1fd9a6
7a1dd9a0
7a1bd99a
7a19d994
7a17d98e
7a15d988
7a13d982
7a11d97c
7a0fd976
7a0ed970
7a0cd96a
7a0ad964
7a08d95e
7a06d958
7a04d952
7a02d94c
7a00d946
79fed940
79fcd93a
79fbd934
79f9d92e
79f7d928
79f5d922
79f3d91c
79f1d916
79efd910
79edd90a
79ebd904
79e9d8fe
79e7d8f8
79e6d8f2
79e4d8ec
79e2d8e6
79e0d8e0
79ded8da
79dcd8d4
79dad8ce
79d8d8c8
79d6d8c2
79d4d8bc
79d2d8b6
79d0d8b0
79ced8aa
79ccd8a4
79cbd89e
79c9d898
79c7d892
79c5d88c
79c3d886
79c1d880
79bfd87a
79bdd875
79bbd86f
79b9d869
79b7d863
79b5d85d
79b3d857
79b1d851
79afd84b
79add845
79abd83f
79aad839
79a8d833
79a6d82d
79a4d827
79a2d821
79a0d81b
799ed815
799cd80f
799ad809
7998d803
7996d7fd
7994d7f7
7992d7f1
7990d7eb
798ed7e5
798cd7df
798ad7d9
7988d7d3
7986d7cd
7984d7c7
7982d7c1
7980d7bb
797ed7b5
797cd7b0
797ad7aa
7978d7a4
7976d79e
7974d798
7972d792
7970d78c
796ed786
796cd780
796ad77a
7968d774
7966d76e
7964d768
7962d762
7960d75c
795fd756
795dd750
795bd74a
7959d744
7957d73e
7955d738
7953d732
7951d72c
794ed726
794cd721
794ad71b
7948d715
7946d70f
7944d709
7942d703
7940d6fd
793ed6f7
793cd6f1
793ad6eb
7938d6e5
7936d6df
7934d6d9
7932d6d3
7930d6cd
792ed6c7
792cd6c1
792ad6bb
7928d6b5
7926d6af
7924d6aa
7922d6a4
7920d69e
791ed698
791cd692
791ad68c
7918d686
7916d680
7914d67a
7912d674
7910d66e
790ed668
790cd662
790ad65c
7908d656
7906d650
7904d64a
7901d644
78ffd63f
78fdd639
78fbd633
78f9d62d
78f7d627
78f5d621
78f3d61b
78f1d615
78efd60f
78edd609
78ebd603
78e9d5fd
78e7d5f7
78e5d5f1
78e3d5eb
78e1d5e5
78ded5e0
78dcd5da
78dad5d4
78d8d5ce
78d6d5c8
78d4d5c2
78d2d5bc
78d0d5b6
78ced5b0
78ccd5aa
78cad5a4
78c8d59e
78c6d598
78c4d592
78c1d58d
78bfd587
78bdd581
78bbd57b
78b9d575
78b7d56f
78b5d569
78b3d563
78b1d55d
78afd557
78add551
78aad54b
78a8d545
78a6d53f
78a4d53a
78a2d534
78a0d52e
789ed528
789cd522
789ad51c
7898d516
7895d510
7893d50a
7891d504
788fd4fe
788dd4f8
788bd4f3
7889d4ed
7887d4e7
7885d4e1
7882d4db
7880d4d5
787ed4cf
787cd4c9
787ad4c3
7878d4bd
7876d4b7
7874d4b1
7871d4ac
786fd4a6
786dd4a0
786bd49a
7869d494
7867d48e
7865d488
7863d482
7860d47c
785ed476
785cd470
785ad46b
7858d465
7856d45f
7854d459
7851d453
784fd44d
784dd447
784bd441
7849d43b
7847d435
7845d430
7842d42a
7840d424
783ed41e
783cd418
783ad412
7838d40c
7835d406
7833d400
7831d3fa
782fd3f4
782dd3ef
782bd3e9
7828d3e3
7826d3dd
7824d3d7
7822d3d1
7820d3cb
781ed3c5
781bd3bf
7819d3ba
7817d3b4
7815d3ae
7813d3a8
7811d3a2
780ed39c
780cd396
780ad390
7808d38a
7806d384
7803d37f
7801d379
77ffd373
77fdd36d
77fbd367
77f9d361
77f6d35b
77f4d355
77f2d34f
77f0d34a
77eed344
77ebd33e
77e9d338
77e7d332
77e5d32c
77e3d326
77e0d320
77ded31a
77dcd315
77dad30f
77d8d309
77d5d303
77d3d2fd
77d1d2f7
77cfd2f1
77cdd2eb
77cad2e6
77c8d2e0
77c6d2da
77c4d2d4
77c1d2ce
77bfd2c8
77bdd2c2
77bbd2bc
77b9d2b7
77b6d2b1
77b4d2ab
77b2d2a5
77b0d29f
77add299
77abd293
77a9d28d
77a7d288
77a4d282
77a2d27c
77a0d276
779ed270
779cd26a
7799d264
7797d25e
7795d259
7793d253
7790d24d
778ed247
778cd241
778ad23b
7787d235
7785d22f
7783d22a
7781d224
777ed21e
777cd218
777ad212
7778d20c
7775d206
7773d201
7771d1fb
776fd1f5
776cd1ef
776ad1e9
7768d1e3
7766d1dd
7763d1d8
7761d1d2
775fd1cc
775cd1c6
775ad1c0
7758d1ba
7756d1b4
7753d1af
7751d1a9
774fd1a3
774dd19d
774ad197
7748d191
7746d18b
7743d186
7741d180
773fd17a
773dd174
773ad16e
7738d168
7736d162
7733d15d
7731d157
772fd151
772dd14b
772ad145
7728d13f
7726d139
7723d134
7721d12e
771fd128
771cd122
771ad11c
7718d116
7716d111
7713d10b
7711d105
770fd0ff
770cd0f9
770ad0f3
7708d0ed
7705d0e8
7703d0e2
7701d0dc
76fed0d6
76fcd0d0
76fad0ca
76f8d0c5
76f5d0bf
76f3d0b9
76f1d0b3
76eed0ad
76ecd0a7
76ead0a2
76e7d09c
76e5d096
76e3d090
76e0d08a
76ded084
76dcd07f
76d9d079
76d7d073
76d5d06d
76d2d067
76d0d061
76ced05c
76cbd056
76c9d050
76c7d04a
76c4d044
76c2d03e
76c0d039
76bdd033
76bbd02d
76b9d027
76b6d021
76b4d01b
76b1d016
76afd010
76add00a
76aad004
76a8cffe
76a6cff8
76a3cff3
76a1cfed
769fcfe7
769ccfe1
769acfdb
7698cfd6
7695cfd0
7693cfca
7690cfc4
768ecfbe
768ccfb8
7689cfb3
7687cfad
7685cfa7
7682cfa1
7680cf9b
767dcf95
767bcf90
7679cf8a
7676cf84
7674cf7e
7672cf78
766fcf73
766dcf6d
766acf67
7668cf61
7666cf5b
7663cf56
7661cf50
765ecf4a
765ccf44
765acf3e
7657cf38
7655cf33
7652cf2d
7650cf27
764ecf21
764bcf1b
7649cf16
7646cf10
7644cf0a
7642cf04
763fcefe
763dcef9
763acef3
7638ceed
7636cee7
7633cee1
7631cedc
762eced6
762cced0
762aceca
7627cec4
7625cebf
7622ceb9
7620ceb3
761dcead
761bcea7
7619cea2
7616ce9c
7614ce96
7611ce90
760fce8a
760dce85
760ace7f
7608ce79
7605ce73
7603ce6d
7600ce68
75fece62
75fbce5c
75f9ce56
75f7ce50
75f4ce4b
75f2ce45
75efce3f
75edce39
75eace34
75e8ce2e
75e6ce28
75e3ce22
75e1ce1c
75dece17
75dcce11
75d9ce0b
75d7ce05
75d4cdff
75d2cdfa
75cfcdf4
75cdcdee
75cbcde8
75c8cde3
75c6cddd
75c3cdd7
75c1cdd1
75becdcb
75bccdc6
75b9cdc0
75b7cdba
75b4cdb4
75b2cdaf
75afcda9
75adcda3
75aacd9d
75a8cd97
75a6cd92
75a3cd8c
75a1cd86
759ecd80
759ccd7b
7599cd75
7597cd6f
7594cd69
7592cd63
758fcd5e
758dcd58
758acd52
7588cd4c
7585cd47
7583cd41
7580cd3b
757ecd35
757bcd30
7579cd2a
7576cd24
7574cd1e
7571cd18
756fcd13
756ccd0d
756acd07
7567cd01
7565ccfc
7562ccf6
7560ccf0
755dccea
755bcce5
7558ccdf
7556ccd9
7553ccd3
7551ccce
754eccc8
754cccc2
7549ccbc
7547ccb7
7544ccb1
7542ccab
753fcca5
753dcca0
753acc9a
7538cc94
7535cc8e
7532cc89
7530cc83
752dcc7d
752bcc77
7528cc72
7526cc6c
7523cc66
7521cc60
751ecc5b
751ccc55
7519cc4f
7517cc49
7514cc44
7512cc3e
750fcc38
750ccc32
750acc2d
7507cc27
7505cc21
7502cc1b
7500cc16
74fdcc10
74fbcc0a
74f8cc04
74f6cbff
74f3cbf9
74f0cbf3
74eecbed
74ebcbe8
74e9cbe2
74e6cbdc
74e4cbd6
74e1cbd1
74dfcbcb
74dccbc5
74d9cbbf
74d7cbba
74d4cbb4
74d2cbae
74cfcba9
74cdcba3
74cacb9d
74c7cb97
74c5cb92
74c2cb8c
74c0cb86
74bdcb80
74bbcb7b
74b8cb75
74b5cb6f
74b3cb69
74b0cb64
74aecb5e
74abcb58
74a8cb53
74a6cb4d
74a3cb47
74a1cb41
749ecb3c
749ccb36
7499cb30
7496cb2b
7494cb25
7491cb1f
748fcb19
748ccb14
7489cb0e
7487cb08
7484cb02
7482cafd
747fcaf7
747ccaf1
747acaec
7477cae6
7475cae0
7472cada
746fcad5
746dcacf
746acac9
7467cac4
7465cabe
7462cab8
7460cab2
745dcaad
745acaa7
7458caa1
7455ca9c
7453ca96
7450ca90
744dca8a
744bca85
7448ca7f
7445ca79
7443ca74
7440ca6e
743eca68
743bca63
7438ca5d
7436ca57
7433ca51
7430ca4c
742eca46
742bca40
7428ca3b
7426ca35
7423ca2f
7421ca29
741eca24
741bca1e
7419ca18
7416ca13
7413ca0d
7411ca07
740eca02
740bc9fc
7409c9f6
7406c9f1
7403c9eb
7401c9e5
73fec9df
73fbc9da
73f9c9d4
73f6c9ce
73f3c9c9
73f1c9c3
73eec9bd
73ebc9b8
73e9c9b2
73e6c9ac
73e3c9a7
73e1c9a1
73dec99b
73dbc995
73d9c990
73d6c98a
73d3c984
73d1c97f
73cec979
73cbc973
73c9c96e
73c6c968
73c3c962
73c1c95d
73bec957
73bbc951
73b9c94c
73b6c946
73b3c940
73b1c93b
73aec935
73abc92f
73a8c929
73a6c924
73a3c91e
73a0c918
739ec913
739bc90d
7398c907
7396c902
7393c8fc
7390c8f6
738ec8f1
738bc8eb
7388c8e5
7385c8e0
7383c8da
7380c8d4
737dc8cf
737bc8c9
7378c8c3
7375c8be
7372c8b8
7370c8b2
736dc8ad
736ac8a7
7368c8a1
7365c89c
7362c896
735fc890
735dc88b
735ac885
7357c87f
7355c87a
7352c874
734fc86e
734cc869
734ac863
7347c85d
7344c858
7341c852
733fc84c
733cc847
7339c841
7336c83b
7334c836
7331c830
732ec82b
732cc825
7329c81f
7326c81a
7323c814
7321c80e
731ec809
731bc803
7318c7fd
7316c7f8
7313c7f2
7310c7ec
730dc7e7
730bc7e1
7308c7db
7305c7d6
7302c7d0
72ffc7ca
72fdc7c5
72fac7bf
72f7c7ba
72f4c7b4
72f2c7ae
72efc7a9
72ecc7a3
72e9c79d
72e7c798
72e4c792
72e1c78c
72dec787
72dcc781
72d9c77c
72d6c776
72d3c770
72d0c76b
72cec765
72cbc75f
72c8c75a
72c5c754
72c3c74e
72c0c749
72bdc743
72bac73e
72b7c738
72b5c732
72b2c72d
72afc727
72acc721
72a9c71c
72a7c716
72a4c710
72a1c70b
729ec705
729bc700
7299c6fa
7296c6f4
7293c6ef
7290c6e9
728dc6e3
728bc6de
7288c6d8
7285c6d3
7282c6cd
727fc6c7
727dc6c2
727ac6bc
7277c6b7
7274c6b1
7271c6ab
726fc6a6
726cc6a0
7269c69a
7266c695
7263c68f
7260c68a
725ec684
725bc67e
7258c679
7255c673
7252c66e
7250c668
724dc662
724ac65d
7247c657
7244c651
7241c64c
723fc646
723cc641
7239c63b
7236c635
7233c630
7230c62a
722ec625
722bc61f
7228c619
7225c614
7222c60e
721fc609
721cc603
721ac5fd
7217c5f8
7214c5f2
7211c5ed
720ec5e7
720bc5e1
7209c5dc
7206c5d6
7203c5d1
7200c5cb
71fdc5c5
71fac5c0
71f7c5ba
71f5c5b5
71f2c5af
71efc5a9
71ecc5a4
71e9c59e
71e6c599
71e3c593
71e0c58d
71dec588
71dbc582
71d8c57d
71d5c577
71d2c572
71cfc56c
71ccc566
71c9c561
71c7c55b
71c4c556
71c1c550
71bec54a
71bbc545
71b8c53f
71b5c53a
71b2c534
71b0c52f
71adc529
71aac523
71a7c51e
71a4c518
71a1c513
719ec50d
719bc507
7198c502
7195c4fc
7193c4f7
7190c4f1
718dc4ec
718ac4e6
7187c4e0
7184c4db
7181c4d5
717ec4d0
717bc4ca
7178c4c5
7176c4bf
7173c4b9
7170c4b4
716dc4ae
716ac4a9
7167c4a3
7164c49e
7161c498
715ec493
715bc48d
7158c487
7155c482
7153c47c
7150c477
714dc471
714ac46c
7147c466
7144c460
7141c45b
713ec455
713bc450
7138c44a
7135c445
7132c43f
712fc43a
712dc434
712ac42e
7127c429
7124c423
7121c41e
711ec418
711bc413
7118c40d
7115c408
7112c402
710fc3fc
710cc3f7
7109c3f1
7106c3ec
7103c3e6
7100c3e1
70fdc3db
70fac3d6
70f8c3d0
70f5c3cb
70f2c3c5
70efc3bf
70ecc3ba
70e9c3b4
70e6c3af
70e3c3a9
70e0c3a4
70ddc39e
70dac399
70d7c393
70d4c38e
70d1c388
70cec382
70cbc37d
70c8c377
70c5c372
70c2c36c
70bfc367
70bcc361
70b9c35c
70b6c356
70b3c351
70b0c34b
70adc346
70aac340
70a7c33b
70a4c335
70a1c330
709ec32a
709bc324
7098c31f
7095c319
7092c314
708fc30e
708cc309
7089c303
7086c2fe
7083c2f8
7080c2f3
707dc2ed
707ac2e8
7077c2e2
7074c2dd
7071c2d7
706ec2d2
706bc2cc
7068c2c7
7065c2c1
7062c2bc
705fc2b6
705cc2b0
7059c2ab
7056c2a5
7053c2a0
7050c29a
704dc295
704ac28f
7047c28a
7044c284
7041c27f
703ec279
703bc274
7038c26e
7035c269
7032c263
702fc25e
702cc258
7029c253
7026c24d
7023c248
7020c242
701dc23d
701ac237
7017c232
7014c22c
7011c227
700ec221
700bc21c
7008c216
7005c211
7002c20b
6fffc206
6ffcc200
6ff9c1fb
6ff6c1f5
6ff2c1f0
6fefc1ea
6fecc1e5
6fe9c1df
6fe6c1da
6fe3c1d4
6fe0c1cf
6fddc1c9
6fdac1c4
6fd7c1be
6fd4c1b9
6fd1c1b3
6fcec1ae
6fcbc1a8
6fc8c1a3
6fc5c19d
6fc2c198
6fbfc192
6fbbc18d
6fb8c188
6fb5c182
6fb2c17d
6fafc177
6facc172
6fa9c16c
6fa6c167
6fa3c161
6fa0c15c
6f9dc156
6f9ac151
6f97c14b
6f94c146
6f90c140
6f8dc13b
6f8ac135
6f87c130
6f84c12a
6f81c125
6f7ec11f
6f7bc11a
6f78c114
6f75c10f
6f72c10a
6f6ec104
6f6bc0ff
6f68c0f9
6f65c0f4
6f62c0ee
6f5fc0e9
6f5cc0e3
6f59c0de
6f56c0d8
6f53c0d3
6f50c0cd
6f4cc0c8
6f49c0c2
6f46c0bd
6f43c0b8
6f40c0b2
6f3dc0ad
6f3ac0a7
6f37c0a2
6f34c09c
6f30c097
6f2dc091
6f2ac08c
6f27c086
6f24c081
6f21c07b
6f1ec076
6f1bc071
6f18c06b
6f14c066
6f11c060
6f0ec05b
6f0bc055
6f08c050
6f05c04a
6f02c045
6effc040
6efbc03a
6ef8c035
6ef5c02f
6ef2c02a
6eefc024
6eecc01f
6ee9c019
6ee5c014
6ee2c00f
6edfc009
6edcc004
6ed9bffe
6ed6bff9
6ed3bff3
6ecfbfee
6eccbfe8
6ec9bfe3
6ec6bfde
6ec3bfd8
6ec0bfd3
6ebdbfcd
6eb9bfc8
6eb6bfc2
6eb3bfbd
6eb0bfb8
6eadbfb2
6eaabfad
6ea6bfa7
6ea3bfa2
6ea0bf9c
6e9dbf97
6e9abf91
6e97bf8c
6e93bf87
6e90bf81
6e8dbf7c
6e8abf76
6e87bf71
6e84bf6b
6e80bf66
6e7dbf61
6e7abf5b
6e77bf56
6e74bf50
6e71bf4b
6e6dbf46
6e6abf40
6e67bf3b
6e64bf35
6e61bf30
6e5ebf2a
6e5abf25
6e57bf20
6e54bf1a
6e51bf15
6e4ebf0f
6e4abf0a
6e47bf05
6e44beff
6e41befa
6e3ebef4
6e3abeef
6e37bee9
6e34bee4
6e31bedf
6e2ebed9
6e2abed4
6e27bece
6e24bec9
6e21bec4
6e1ebebe
6e1abeb9
6e17beb3
6e14beae
6e11bea9
6e0ebea3
6e0abe9e
6e07be98
6e04be93
6e01be8e
6dfebe88
6dfabe83
6df7be7d
6df4be78
6df1be73
6deebe6d
6deabe68
6de7be62
6de4be5d
6de1be58
6dddbe52
6ddabe4d
6dd7be47
6dd4be42
6dd1be3d
6dcdbe37
6dcabe32
6dc7be2c
6dc4be27
6dc0be22
6dbdbe1c
6dbabe17
6db7be12
6db3be0c
6db0be07
6dadbe01
6daabdfc
6da6bdf7
6da3bdf1
6da0bdec
6d9dbde6
6d99bde1
6d96bddc
6d93bdd6
6d90bdd1
6d8cbdcc
6d89bdc6
6d86bdc1
6d83bdbb
6d7fbdb6
6d7cbdb1
6d79bdab
6d76bda6
6d72bda1
6d6fbd9b
6d6cbd96
6d69bd90
6d65bd8b
6d62bd86
6d5fbd80
6d5cbd7b
6d58bd76
6d55bd70
6d52bd6b
6d4fbd66
6d4bbd60
6d48bd5b
6d45bd55
6d41bd50
6d3ebd4b
6d3bbd45
6d38bd40
6d34bd3b
6d31bd35
6d2ebd30
6d2bbd2b
6d27bd25
6d24bd20
6d21bd1a
6d1dbd15
6d1abd10
6d17bd0a
6d14bd05
6d10bd00
6d0dbcfa
6d0abcf5
6d06bcf0
6d03bcea
6d00bce5
6cfdbce0
6cf9bcda
6cf6bcd5
6cf3bcd0
6cefbcca
6cecbcc5
6ce9bcc0
6ce5bcba
6ce2bcb5
6cdfbcaf
6cdcbcaa
6cd8bca5
6cd5bc9f
6cd2bc9a
6ccebc95
6ccbbc8f
6cc8bc8a
6cc4bc85
6cc1bc7f
6cbebc7a
6cbabc75
6cb7bc6f
6cb4bc6a
6cb0bc65
6cadbc5f
6caabc5a
6ca6bc55
6ca3bc4f
6ca0bc4a
6c9dbc45
6c99bc3f
6c96bc3a
6c93bc35
6c8fbc2f
6c8cbc2a
6c89bc25
6c85bc1f
6c82bc1a
6c7fbc15
6c7bbc0f
6c78bc0a
6c75bc05
6c71bbff
6c6ebbfa
6c6bbbf5
6c67bbef
6c64bbea
6c61bbe5
6c5dbbe0
6c5abbda
6c56bbd5
6c53bbd0
6c50bbca
6c4cbbc5
6c49bbc0
6c46bbba
6c42bbb5
6c3fbbb0
6c3cbbaa
6c38bba5
6c35bba0
6c32bb9a
6c2ebb95
6c2bbb90
6c28bb8b
6c24bb85
6c21bb80
6c1dbb7b
6c1abb75
6c17bb70
6c13bb6b
6c10bb65
6c0dbb60
6c09bb5b
6c06bb55
6c02bb50
6bffbb4b
6bfcbb46
6bf8bb40
6bf5bb3b
6bf2bb36
6beebb30
6bebbb2b
6be7bb26
6be4bb20
6be1bb1b
6bddbb16
6bdabb11
6bd7bb0b
6bd3bb06
6bd0bb01
6bccbafb
6bc9baf6
6bc6baf1
6bc2baec
6bbfbae6
6bbbbae1
6bb8badc
6bb5bad6
6bb1bad1
6baebacc
6baabac7
6ba7bac1
6ba4babc
6ba0bab7
6b9dbab1
6b99baac
6b96baa7
6b93baa2
6b8fba9c
6b8cba97
6b88ba92
6b85ba8c
6b82ba87
6b7eba82
6b7bba7d
6b77ba77
6b74ba72
6b71ba6d
6b6dba67
6b6aba62
6b66ba5d
6b63ba58
6b5fba52
6b5cba4d
6b59ba48
6b55ba43
6b52ba3d
6b4eba38
6b4bba33
6b48ba2e
6b44ba28
6b41ba23
6b3dba1e
6b3aba18
6b36ba13
6b33ba0e
6b30ba09
6b2cba03
6b29b9fe
6b25b9f9
6b22b9f4
6b1eb9ee
6b1bb9e9
6b17b9e4
6b14b9df
6b11b9d9
6b0db9d4
6b0ab9cf
6b06b9ca
6b03b9c4
6affb9bf
6afcb9ba
6af8b9b5
6af5b9af
6af2b9aa
6aeeb9a5
6aebb9a0
6ae7b99a
6ae4b995
6ae0b990
6addb98b
6ad9b985
6ad6b980
6ad2b97b
6acfb976
6acbb970
6ac8b96b
6ac5b966
6ac1b961
6abeb95b
6abab956
6ab7b951
6ab3b94c
6ab0b946
6aacb941
6aa9b93c
6aa5b937
6aa2b932
6a9eb92c
6a9bb927
6a97b922
6a94b91d
6a90b917
6a8db912
6a89b90d
6a86b908
6a83b902
6a7fb8fd
6a7cb8f8
6a78b8f3
6a75b8ee
6a71b8e8
6a6eb8e3
6a6ab8de
6a67b8d9
6a63b8d3
6a60b8ce
6a5cb8c9
6a59b8c4
6a55b8bf
6a52b8b9
6a4eb8b4
6a4bb8af
6a47b8aa
6a44b8a4
6a40b89f
6a3db89a
6a39b895
6a36b890
6a32b88a
6a2fb885
6a2bb880
6a28b87b
6a24b876
6a21b870
6a1db86b
6a1ab866
6a16b861
6a12b85b
6a0fb856
6a0bb851
6a08b84c
6a04b847
6a01b841
69fdb83c
69fab837
69f6b832
69f3b82d
69efb827
69ecb822
69e8b81d
69e5b818
69e1b813
69deb80d
69dab808
69d7b803
69d3b7fe
69d0b7f9
69ccb7f3
69c8b7ee
69c5b7e9
69c1b7e4
69beb7df
69bab7da
69b7b7d4
69b3b7cf
69b0b7ca
69acb7c5
69a9b7c0
69a5b7ba
69a1b7b5
699eb7b0
699ab7ab
6997b7a6
6993b7a0
6990b79b
698cb796
6989b791
6985b78c
6981b787
697eb781
697ab77c
6977b777
6973b772
6970b76d
696cb767
6969b762
6965b75d
6961b758
695eb753
695ab74e
6957b748
6953b743
6950b73e
694cb739
6948b734
6945b72f
6941b729
693eb724
693ab71f
6937b71a
6933b715
692fb710
692cb70a
6928b705
6925b700
6921b6fb
691db6f6
691ab6f1
6916b6eb
6913b6e6
690fb6e1
690cb6dc
6908b6d7
6904b6d2
6901b6cd
68fdb6c7
68fab6c2
68f6b6bd
68f2b6b8
68efb6b3
68ebb6ae
68e8b6a8
68e4b6a3
68e0b69e
68ddb699
68d9b694
68d6b68f
68d2b68a
68ceb684
68cbb67f
68c7b67a
68c4b675
68c0b670
68bcb66b
68b9b666
68b5b660
68b1b65b
68aeb656
68aab651
68a7b64c
68a3b647
689fb642
689cb63d
6898b637
6895b632
6891b62d
688db628
688ab623
6886b61e
6882b619
687fb613
687bb60e
6878b609
6874b604
6870b5ff
686db5fa
6869b5f5
6865b5f0
6862b5ea
685eb5e5
685ab5e0
6857b5db
6853b5d6
6850b5d1
684cb5cc
6848b5c7
6845b5c1
6841b5bc
683db5b7
683ab5b2
6836b5ad
6832b5a8
682fb5a3
682bb59e
6827b599
6824b593
6820b58e
681cb589
6819b584
6815b57f
6811b57a
680eb575
680ab570
6806b56b
6803b565
67ffb560
67fbb55b
67f8b556
67f4b551
67f0b54c
67edb547
67e9b542
67e5b53d
67e2b538
67deb532
67dab52d
67d7b528
67d3b523
67cfb51e
67ccb519
67c8b514
67c4b50f
67c1b50a
67bdb505
67b9b4ff
67b6b4fa
67b2b4f5
67aeb4f0
67abb4eb
67a7b4e6
67a3b4e1
67a0b4dc
679cb4d7
6798b4d2
6795b4cd
6791b4c8
678db4c2
6789b4bd
6786b4b8
6782b4b3
677eb4ae
677bb4a9
6777b4a4
6773b49f
6770b49a
676cb495
6768b490
6764b48b
6761b485
675db480
6759b47b
6756b476
6752b471
674eb46c
674ab467
6747b462
6743b45d
673fb458
673cb453
6738b44e
6734b449
6730b444
672db43f
6729b439
6725b434
6722b42f
671eb42a
671ab425
6716b420
6713b41b
670fb416
670bb411
6708b40c
6704b407
6700b402
66fcb3fd
66f9b3f8
66f5b3f3
66f1b3ee
66edb3e9
66eab3e3
66e6b3de
66e2b3d9
66deb3d4
66dbb3cf
66d7b3ca
66d3b3c5
66d0b3c0
66ccb3bb
66c8b3b6
66c4b3b1
66c1b3ac
66bdb3a7
66b9b3a2
66b5b39d
66b2b398
66aeb393
66aab38e
66a6b389
66a3b384
669fb37f
669bb37a
6697b375
6693b36f
6690b36a
668cb365
6688b360
6684b35b
6681b356
667db351
6679b34c
6675b347
6672b342
666eb33d
666ab338
6666b333
6663b32e
665fb329
665bb324
6657b31f
6653b31a
6650b315
664cb310
6648b30b
6644b306
6641b301
663db2fc
6639b2f7
6635b2f2
6631b2ed
662eb2e8
662ab2e3
6626b2de
6622b2d9
661fb2d4
661bb2cf
6617b2ca
6613b2c5
660fb2c0
660cb2bb
6608b2b6
6604b2b1
6600b2ac
65fcb2a7
65f9b2a2
65f5b29d
65f1b298
65edb293
65e9b28e
65e6b289
65e2b284
65deb27f
65dab27a
65d6b275
65d3b270
65cfb26b
65cbb266
65c7b261
65c3b25c
65c0b257
65bcb252
65b8b24d
65b4b248
65b0b243
65acb23e
65a9b239
65a5b234
65a1b22f
659db22a
6599b225
6596b220
6592b21b
658eb216
658ab211
6586b20c
6582b207
657fb202
657bb1fd
6577b1f8
6573b1f3
656fb1ee
656bb1e9
6568b1e4
6564b1df
6560b1da
655cb1d5
6558b1d0
6554b1cb
6551b1c6
654db1c1
6549b1bc
6545b1b7
6541b1b2
653db1ad
653ab1a8
6536b1a3
6532b19e
652eb199
652ab194
6526b18f
6522b18a
651fb186
651bb181
6517b17c
6513b177
650fb172
650bb16d
6507b168
6504b163
6500b15e
64fcb159
64f8b154
64f4b14f
64f0b14a
64ecb145
64e9b140
64e5b13b
64e1b136
64ddb131
64d9b12c
64d5b127
64d1b122
64cdb11d
64cab118
64c6b114
64c2b10f
64beb10a
64bab105
64b6b100
64b2b0fb
64aeb0f6
64abb0f1
64a7b0ec
64a3b0e7
649fb0e2
649bb0dd
6497b0d8
6493b0d3
648fb0ce
648bb0c9
6488b0c4
6484b0c0
6480b0bb
647cb0b6
6478b0b1
6474b0ac
6470b0a7
646cb0a2
6468b09d
6465b098
6461b093
645db08e
6459b089
6455b084
6451b07f
644db07b
6449b076
6445b071
6441b06c
643eb067
643ab062
6436b05d
6432b058
642eb053
642ab04e
6426b049
6422b044
641eb040
641ab03b
6416b036
6412b031
640fb02c
640bb027
6407b022
6403b01d
63ffb018
63fbb013
63f7b00e
63f3b00a
63efb005
63ebb000
63e7affb
63e3aff6
63dfaff1
63dcafec
63d8afe7
63d4afe2
63d0afdd
63ccafd8
63c8afd4
63c4afcf
63c0afca
63bcafc5
63b8afc0
63b4afbb
63b0afb6
63acafb1
63a8afac
63a4afa8
63a0afa3
639daf9e
6399af99
6395af94
6391af8f
638daf8a
6389af85
6385af80
6381af7c
637daf77
6379af72
6375af6d
6371af68
636daf63
6369af5e
6365af59
6361af54
635daf50
6359af4b
6355af46
6351af41
634daf3c
6349af37
6346af32
6342af2d
633eaf29
633aaf24
6336af1f
6332af1a
632eaf15
632aaf10
6326af0b
6322af07
631eaf02
631aaefd
6316aef8
6312aef3
630eaeee
630aaee9
6306aee4
6302aee0
62feaedb
62faaed6
62f6aed1
62f2aecc
62eeaec7
62eaaec2
62e6aebe
62e2aeb9
62deaeb4
62daaeaf
62d6aeaa
62d2aea5
62ceaea1
62caae9c
62c6ae97
62c2ae92
62beae8d
62baae88
62b6ae83
62b2ae7f
62aeae7a
62aaae75
62a6ae70
62a2ae6b
629eae66
629aae62
6296ae5d
6292ae58
628eae53
628aae4e
6286ae49
6282ae45
627eae40
627aae3b
6276ae36
6272ae31
626eae2c
626aae28
6266ae23
6262ae1e
625eae19
625aae14
6256ae0f
6252ae0b
624eae06
624aae01
6246adfc
6242adf7
623eadf2
623aadee
6236ade9
6232ade4
622eaddf
622aadda
6226add5
6221add1
621dadcc
6219adc7
6215adc2
6211adbd
620dadb9
6209adb4
6205adaf
6201adaa
61fdada5
61f9ada1
61f5ad9c
61f1ad97
61edad92
61e9ad8d
61e5ad89
61e1ad84
61ddad7f
61d9ad7a
61d5ad75
61d1ad70
61cdad6c
61c9ad67
61c4ad62
61c0ad5d
61bcad58
61b8ad54
61b4ad4f
61b0ad4a
61acad45
61a8ad41
61a4ad3c
61a0ad37
619cad32
6198ad2d
6194ad29
6190ad24
618cad1f
6188ad1a
6183ad15
617fad11
617bad0c
6177ad07
6173ad02
616facfd
616bacf9
6167acf4
6163acef
615facea
615bace6
6157ace1
6153acdc
614eacd7
614aacd2
6146acce
6142acc9
613eacc4
613aacbf
6136acbb
6132acb6
612eacb1
612aacac
6126aca8
6121aca3
611dac9e
6119ac99
6115ac94
6111ac90
610dac8b
6109ac86
6105ac81
6101ac7d
60fdac78
60f9ac73
60f4ac6e
60f0ac6a
60ecac65
60e8ac60
60e4ac5b
60e0ac57
60dcac52
60d8ac4d
60d4ac48
60cfac44
60cbac3f
60c7ac3a
60c3ac35
60bfac31
60bbac2c
60b7ac27
60b3ac22
60afac1e
60aaac19
60a6ac14
60a2ac0f
609eac0b
609aac06
6096ac01
6092abfc
608eabf8
6089abf3
6085abee
6081abe9
607dabe5
6079abe0
6075abdb
6071abd6
606dabd2
6068abcd
6064abc8
6060abc4
605cabbf
6058abba
6054abb5
6050abb1
604babac
6047aba7
6043aba2
603fab9e
603bab99
6037ab94
6033ab90
602eab8b
602aab86
6026ab81
6022ab7d
601eab78
601aab73
6016ab6f
6011ab6a
600dab65
6009ab60
6005ab5c
6001ab57
5ffdab52
5ff9ab4e
5ff4ab49
5ff0ab44
5fecab3f
5fe8ab3b
5fe4ab36
5fe0ab31
5fdbab2d
5fd7ab28
5fd3ab23
5fcfab1e
5fcbab1a
5fc7ab15
5fc2ab10
5fbeab0c
5fbaab07
5fb6ab02
5fb2aafe
5faeaaf9
5fa9aaf4
5fa5aaef
5fa1aaeb
5f9daae6
5f99aae1
5f94aadd
5f90aad8
5f8caad3
5f88aacf
5f84aaca
5f80aac5
5f7baac1
5f77aabc
5f73aab7
5f6faab2
5f6baaae
5f66aaa9
5f62aaa4
5f5eaaa0
5f5aaa9b
5f56aa96
5f51aa92
5f4daa8d
5f49aa88
5f45aa84
5f41aa7f
5f3caa7a
5f38aa76
5f34aa71
5f30aa6c
5f2caa68
5f27aa63
5f23aa5e
5f1faa5a
5f1baa55
5f17aa50
5f12aa4c
5f0eaa47
5f0aaa42
5f06aa3e
5f02aa39
5efdaa34
5ef9aa30
5ef5aa2b
5ef1aa26
5eedaa22
5ee8aa1d
5ee4aa18
5ee0aa14
5edcaa0f
5ed7aa0a
5ed3aa06
5ecfaa01
5ecba9fc
5ec7a9f8
5ec2a9f3
5ebea9ee
5ebaa9ea
5eb6a9e5
5eb1a9e0
5eada9dc
5ea9a9d7
5ea5a9d3
5ea1a9ce
5e9ca9c9
5e98a9c5
5e94a9c0
5e90a9bb
5e8ba9b7
5e87a9b2
5e83a9ad
5e7fa9a9
5e7aa9a4
5e76a99f
5e72a99b
5e6ea996
5e69a992
5e65a98d
5e61a988
5e5da984
5e58a97f
5e54a97a
5e50a976
5e4ca971
5e48a96d
5e43a968
5e3fa963
5e3ba95f
5e37a95a
5e32a955
5e2ea951
5e2aa94c
5e25a948
5e21a943
5e1da93e
5e19a93a
5e14a935
5e10a930
5e0ca92c
5e08a927
5e03a923
5dffa91e
5dfba919
5df7a915
5df2a910
5deea90c
5deaa907
5de6a902
5de1a8fe
5ddda8f9
5dd9a8f4
5dd4a8f0
5dd0a8eb
5dcca8e7
5dc8a8e2
5dc3a8dd
5dbfa8d9
5dbba8d4
5db7a8d0
5db2a8cb
5daea8c6
5daaa8c2
5da5a8bd
5da1a8b9
5d9da8b4
5d99a8af
5d94a8ab
5d90a8a6
5d8ca8a2
5d87a89d
5d83a899
5d7fa894
5d7aa88f
5d76a88b
5d72a886
5d6ea882
5d69a87d
5d65a878
5d61a874
5d5ca86f
5d58a86b
5d54a866
5d50a861
5d4ba85d
5d47a858
5d43a854
5d3ea84f
5d3aa84b
5d36a846
5d31a841
5d2da83d
5d29a838
5d24a834
5d20a82f
5d1ca82b
5d18a826
5d13a821
5d0fa81d
5d0ba818
5d06a814
5d02a80f
5cfea80b
5cf9a806
5cf5a801
5cf1a7fd
5ceca7f8
5ce8a7f4
5ce4a7ef
5cdfa7eb
5cdba7e6
5cd7a7e2
5cd2a7dd
5ccea7d8
5ccaa7d4
5cc5a7cf
5cc1a7cb
5cbda7c6
5cb8a7c2
5cb4a7bd
5cb0a7b9
5caba7b4
5ca7a7af
5ca3a7ab
5c9ea7a6
5c9aa7a2
5c96a79d
5c91a799
5c8da794
5c89a790
5c84a78b
5c80a787
5c7ca782
5c77a77e
5c73a779
5c6fa774
5c6aa770
5c66a76b
5c62a767
5c5da762
5c59a75e
5c55a759
5c50a755
5c4ca750
5c48a74c
5c43a747
5c3fa743
5c3aa73e
5c36a73a
5c32a735
5c2da730
5c29a72c
5c25a727
5c20a723
5c1ca71e
5c18a71a
5c13a715
5c0fa711
5c0aa70c
5c06a708
5c02a703
5bfda6ff
5bf9a6fa
5bf5a6f6
5bf0a6f1
5beca6ed
5be8a6e8
5be3a6e4
5bdfa6df
5bdaa6db
5bd6a6d6
5bd2a6d2
5bcda6cd
5bc9a6c9
5bc5a6c4
5bc0a6c0
5bbca6bb
5bb7a6b7
5bb3a6b2
5bafa6ae
5baaa6a9
5ba6a6a5
5ba1a6a0
5b9da69c
5b99a697
5b94a693
5b90a68e
5b8ca68a
5b87a685
5b83a681
5b7ea67c
5b7aa678
5b76a673
5b71a66f
5b6da66a
5b68a666
5b64a661
5b60a65d
5b5ba658
5b57a654
5b52a64f
5b4ea64b
5b4aa646
5b45a642
5b41a63d
5b3ca639
5b38a634
5b34a630
5b2fa62b
5b2ba627
5b26a622
5b22a61e
5b1da61a
5b19a615
5b15a611
5b10a60c
5b0ca608
5b07a603
5b03a5ff
5affa5fa
5afaa5f6
5af6a5f1
5af1a5ed
5aeda5e8
5ae8a5e4
5ae4a5df
5ae0a5db
5adba5d7
5ad7a5d2
5ad2a5ce
5acea5c9
5ac9a5c5
5ac5a5c0
5ac1a5bc
5abca5b7
5ab8a5b3
5ab3a5ae
5aafa5aa
5aaaa5a6
5aa6a5a1
5aa2a59d
5a9da598
5a99a594
5a94a58f
5a90a58b
5a8ba586
5a87a582
5a82a57e
5a7ea579
5a7aa575
5a75a570
5a71a56c
5a6ca567
5a68a563
5a63a55e
5a5fa55a
5a5aa556
5a56a551
5a52a54d
5a4da548
5a49a544
5a44a53f
5a40a53b
5a3ba537
5a37a532
5a32a52e
5a2ea529
5a29a525
5a25a520
5a21a51c
5a1ca518
5a18a513
5a13a50f
5a0fa50a
5a0aa506
5a06a501
5a01a4fd
59fda4f9
59f8a4f4
59f4a4f0
59efa4eb
59eba4e7
59e6a4e3
59e2a4de
59dea4da
59d9a4d5
59d5a4d1
59d0a4cc
59cca4c8
59c7a4c4
59c3a4bf
59bea4bb
59baa4b6
59b5a4b2
59b1a4ae
59aca4a9
59a8a4a5
59a3a4a0
599fa49c
599aa498
5996a493
5991a48f
598da48a
5988a486
5984a482
597fa47d
597ba479
5976a474
5972a470
596da46c
5969a467
5964a463
5960a45f
595ba45a
5957a456
5952a451
594ea44d
5949a449
5945a444
5940a440
593ca43b
5937a437
5933a433
592ea42e
592aa42a
5925a426
5921a421
591ca41d
5918a418
5913a414
590fa410
590aa40b
5906a407
5901a403
58fda3fe
58f8a3fa
58f4a3f6
58efa3f1
58eba3ed
58e6a3e8
58e2a3e4
58dda3e0
58d9a3db
58d4a3d7
58d0a3d3
58cba3ce
58c6a3ca
58c2a3c6
58bda3c1
58b9a3bd
58b4a3b8
58b0a3b4
58aba3b0
58a7a3ab
58a2a3a7
589ea3a3
5899a39e
5895a39a
5890a396
588ca391
5887a38d
5882a389
587ea384
5879a380
5875a37c
5870a377
586ca373
5867a36f
5863a36a
585ea366
585aa362
5855a35d
5851a359
584ca355
5847a350
5843a34c
583ea348
583aa343
5835a33f
5831a33b
582ca336
5828a332
5823a32e
581ea329
581aa325
5815a321
5811a31c
580ca318
5808a314
5803a30f
57ffa30b
57faa307
57f5a302
57f1a2fe
57eca2fa
57e8a2f5
57e3a2f1
57dfa2ed
57daa2e8
57d5a2e4
57d1a2e0
57cca2dc
57c8a2d7
57c3a2d3
57bfa2cf
57baa2ca
57b5a2c6
57b1a2c2
57aca2bd
57a8a2b9
57a3a2b5
579fa2b0
579aa2ac
5795a2a8
5791a2a4
578ca29f
5788a29b
5783a297
577ea292
577aa28e
5775a28a
5771a286
576ca281
5767a27d
5763a279
575ea274
575aa270
5755a26c
5751a267
574ca263
5747a25f
5743a25b
573ea256
573aa252
5735a24e
5730a249
572ca245
5727a241
5723a23d
571ea238
5719a234
5715a230
5710a22c
570ca227
5707a223
5702a21f
56fea21a
56f9a216
56f4a212
56f0a20e
56eba209
56e7a205
56e2a201
56dda1fd
56d9a1f8
56d4a1f4
56d0a1f0
56cba1ec
56c6a1e7
56c2a1e3
56bda1df
56b8a1db
56b4a1d6
56afa1d2
56aba1ce
56a6a1c9
56a1a1c5
569da1c1
5698a1bd
5693a1b8
568fa1b4
568aa1b0
5686a1ac
5681a1a8
567ca1a3
5678a19f
5673a19b
566ea197
566aa192
5665a18e
5661a18a
565ca186
5657a181
5653a17d
564ea179
5649a175
5645a170
5640a16c
563ba168
5637a164
5632a15f
562da15b
5629a157
5624a153
5620a14f
561ba14a
5616a146
5612a142
560da13e
5608a139
5604a135
55ffa131
55faa12d
55f6a129
55f1a124
55eca120
55e8a11c
55e3a118
55dea113
55daa10f
55d5a10b
55d0a107
55cca103
55c7a0fe
55c2a0fa
55bea0f6
55b9a0f2
55b4a0ee
55b0a0e9
55aba0e5
55a6a0e1
55a2a0dd
559da0d9
5598a0d4
5594a0d0
558fa0cc
558aa0c8
5586a0c4
5581a0bf
557ca0bb
5578a0b7
5573a0b3
556ea0af
556aa0aa
5565a0a6
5560a0a2
555ca09e
5557a09a
5552a095
554ea091
5549a08d
5544a089
553fa085
553ba080
5536a07c
5531a078
552da074
5528a070
5523a06c
551fa067
551aa063
5515a05f
5511a05b
550ca057
5507a052
5502a04e
54fea04a
54f9a046
54f4a042
54f0a03e
54eba039
54e6a035
54e2a031
54dda02d
54d8a029
54d3a025
54cfa020
54caa01c
54c5a018
54c1a014
54bca010
54b7a00c
54b2a007
54aea003
54a99fff
54a49ffb
54a09ff7
549b9ff3
54969fef
54919fea
548d9fe6
54889fe2
54839fde
547f9fda
547a9fd6
54759fd2
54709fcd
546c9fc9
54679fc5
54629fc1
545e9fbd
54599fb9
54549fb5
544f9fb0
544b9fac
54469fa8
54419fa4
543c9fa0
54389f9c
54339f98
542e9f93
542a9f8f
54259f8b
54209f87
541b9f83
54179f7f
54129f7b
540d9f77
54089f72
54049f6e
53ff9f6a
53fa9f66
53f59f62
53f19f5e
53ec9f5a
53e79f56
53e29f51
53de9f4d
53d99f49
53d49f45
53cf9f41
53cb9f3d
53c69f39
53c19f35
53bc9f31
53b89f2c
53b39f28
53ae9f24
53a99f20
53a59f1c
53a09f18
539b9f14
53969f10
53929f0c
538d9f07
53889f03
53839eff
537f9efb
537a9ef7
53759ef3
53709eef
536c9eeb
53679ee7
53629ee3
535d9edf
53589eda
53549ed6
534f9ed2
534a9ece
53459eca
53419ec6
533c9ec2
53379ebe
53329eba
532e9eb6
53299eb2
53249ead
531f9ea9
531a9ea5
53169ea1
53119e9d
530c9e99
53079e95
53039e91
52fe9e8d
52f99e89
52f49e85
52ef9e81
52eb9e7d
52e69e78
52e19e74
52dc9e70
52d79e6c
52d39e68
52ce9e64
52c99e60
52c49e5c
52bf9e58
52bb9e54
52b69e50
52b19e4c
52ac9e48
52a89e44
52a39e40
529e9e3c
52999e37
52949e33
52909e2f
528b9e2b
52869e27
52819e23
527c9e1f
52779e1b
52739e17
526e9e13
52699e0f
52649e0b
525f9e07
525b9e03
52569dff
52519dfb
524c9df7
52479df3
52439def
523e9deb
52399de7
52349de3
522f9ddf
522b9dda
52269dd6
52219dd2
521c9dce
52179dca
52129dc6
520e9dc2
52099dbe
52049dba
51ff9db6
51fa9db2
51f59dae
51f19daa
51ec9da6
51e79da2
51e29d9e
51dd9d9a
51d89d96
51d49d92
51cf9d8e
51ca9d8a
51c59d86
51c09d82
51bb9d7e
51b79d7a
51b29d76
51ad9d72
51a89d6e
51a39d6a
519e9d66
519a9d62
51959d5e
51909d5a
518b9d56
51869d52
51819d4e
517d9d4a
51789d46
51739d42
516e9d3e
51699d3a
51649d36
515f9d32
515b9d2e
51569d2a
51519d26
514c9d22
51479d1e
51429d1a
513e9d16
51399d12
51349d0e
512f9d0a
512a9d06
51259d02
51209cfe
511c9cfa
51179cf6
51129cf2
510d9cee
51089cea
51039ce6
50fe9ce2
50f99cde
50f59cda
50f09cd6
50eb9cd2
50e69cce
50e19cca
50dc9cc6
50d79cc2
50d39cbe
50ce9cba
50c99cb7
50c49cb3
50bf9caf
50ba9cab
50b59ca7
50b09ca3
50ac9c9f
50a79c9b
50a29c97
509d9c93
50989c8f
50939c8b
508e9c87
50899c83
50849c7f
50809c7b
507b9c77
50769c73
50719c6f
506c9c6b
50679c67
50629c63
505d9c60
50589c5c
50549c58
504f9c54
504a9c50
50459c4c
50409c48
503b9c44
50369c40
50319c3c
502c9c38
50289c34
50239c30
501e9c2c
50199c28
50149c24
500f9c21
500a9c1d
50059c19
50009c15
4ffb9c11
4ff69c0d
4ff29c09
4fed9c05
4fe89c01
4fe39bfd
4fde9bf9
4fd99bf5
4fd49bf1
4fcf9bee
4fca9bea
4fc59be6
4fc09be2
4fbc9bde
4fb79bda
4fb29bd6
4fad9bd2
4fa89bce
4fa39bca
4f9e9bc6
4f999bc2
4f949bbf
4f8f9bbb
4f8a9bb7
4f859bb3
4f819baf
4f7c9bab
4f779ba7
4f729ba3
4f6d9b9f
4f689b9b
4f639b98
4f5e9b94
4f599b90
4f549b8c
4f4f9b88
4f4a9b84
4f459b80
4f409b7c
4f3c9b78
4f379b75
4f329b71
4f2d9b6d
4f289b69
4f239b65
4f1e9b61
4f199b5d
4f149b59
4f0f9b55
4f0a9b52
4f059b4e
4f009b4a
4efb9b46
4ef69b42
4ef19b3e
4eec9b3a
4ee89b36
4ee39b33
4ede9b2f
4ed99b2b
4ed49b27
4ecf9b23
4eca9b1f
4ec59b1b
4ec09b17
4ebb9b14
4eb69b10
4eb19b0c
4eac9b08
4ea79b04
4ea29b00
4e9d9afc
4e989af9
4e939af5
4e8e9af1
4e899aed
4e849ae9
4e7f9ae5
4e7a9ae1
4e769ade
4e719ada
4e6c9ad6
4e679ad2
4e629ace
4e5d9aca
4e589ac6
4e539ac3
4e4e9abf
4e499abb
4e449ab7
4e3f9ab3
4e3a9aaf
4e359aac
4e309aa8
4e2b9aa4
4e269aa0
4e219a9c
4e1c9a98
4e179a95
4e129a91
4e0d9a8d
4e089a89
4e039a85
4dfe9a81
4df99a7e
4df49a7a
4def9a76
4dea9a72
4de59a6e
4de09a6a
4ddb9a67
4dd69a63
4dd19a5f
4dcc9a5b
4dc79a57
4dc29a54
4dbd9a50
4db89a4c
4db39a48
4dae9a44
4da99a40
4da49a3d
4d9f9a39
4d9a9a35
4d959a31
4d909a2d
4d8b9a2a
4d869a26
4d819a22
4d7c9a1e
4d779a1a
4d729a17
4d6d9a13
4d689a0f
4d639a0b
4d5e9a07
4d599a04
4d549a00
4d4f99fc
4d4a99f8
4d4599f4
4d4099f1
4d3b99ed
4d3699e9
4d3199e5
4d2c99e1
4d2799de
4d2299da
4d1d99d6
4d1899d2
4d1399cf
4d0e99cb
4d0999c7
4d0499c3
4cff99bf
4cfa99bc
4cf599b8
4cf099b4
4ceb99b0
4ce699ad
4ce199a9
4cdc99a5
4cd799a1
4cd2999d
4ccd999a
4cc89996
4cc39992
4cbe998e
4cb9998b
4cb49987
4caf9983
4caa997f
4ca5997c
4ca09978
4c9b9974
4c969970
4c91996d
4c8b9969
4c869965
4c819961
4c7c995d
4c77995a
4c729956
4c6d9952
4c68994e
4c63994b
4c5e9947
4c599943
4c54993f
4c4f993c
4c4a9938
4c459934
4c409930
4c3b992d
4c369929
4c319925
4c2c9922
4c27991e
4c22991a
4c1d9916
4c179913
4c12990f
4c0d990b
4c089907
4c039904
4bfe9900
4bf998fc
4bf498f8
4bef98f5
4bea98f1
4be598ed
4be098ea
4bdb98e6
4bd698e2
4bd198de
4bcc98db
4bc798d7
4bc198d3
4bbc98d0
4bb798cc
4bb298c8
4bad98c4
4ba898c1
4ba398bd
4b9e98b9
4b9998b6
4b9498b2
4b8f98ae
4b8a98aa
4b8598a7
4b8098a3
4b7b989f
4b75989c
4b709898
4b6b9894
4b669890
4b61988d
4b5c9889
4b579885
4b529882
4b4d987e
4b48987a
4b439877
4b3e9873
4b38986f
4b33986b
4b2e9868
4b299864
4b249860
4b1f985d
4b1a9859
4b159855
4b109852
4b0b984e
4b06984a
4b019847
4afb9843
4af6983f
4af1983c
4aec9838
4ae79834
4ae29831
4add982d
4ad89829
4ad39826
4ace9822
4ac8981e
4ac3981b
4abe9817
4ab99813
4ab49810
4aaf980c
4aaa9808
4aa59805
4aa09801
4a9b97fd
4a9597fa
4a9097f6
4a8b97f2
4a8697ef
4a8197eb
4a7c97e7
4a7797e4
4a7297e0
4a6d97dc
4a6797d9
4a6297d5
4a5d97d1
4a5897ce
4a5397ca
4a4e97c6
4a4997c3
4a4497bf
4a3f97bb
4a3997b8
4a3497b4
4a2f97b0
4a2a97ad
4a2597a9
4a2097a6
4a1b97a2
4a16979e
4a10979b
4a0b9797
4a069793
4a019790
49fc978c
49f79788
49f29785
49ed9781
49e7977e
49e2977a
49dd9776
49d89773
49d3976f
49ce976b
49c99768
49c39764
49be9761
49b9975d
49b49759
49af9756
49aa9752
49a5974f
49a0974b
499a9747
49959744
49909740
498b973c
49869739
49819735
497c9732
4976972e
4971972a
496c9727
49679723
49629720
495d971c
49589718
49529715
494d9711
4948970e
4943970a
493e9706
49399703
493396ff
492e96fc
492996f8
492496f4
491f96f1
491a96ed
491596ea
490f96e6
490a96e3
490596df
490096db
48fb96d8
48f696d4
48f096d1
48eb96cd
48e696c9
48e196c6
48dc96c2
48d796bf
48d196bb
48cc96b8
48c796b4
48c296b0
48bd96ad
48b896a9
48b296a6
48ad96a2
48a8969f
48a3969b
489e9697
48999694
48939690
488e968d
48899689
48849686
487f9682
4879967f
4874967b
486f9677
486a9674
48659670
4860966d
485a9669
48559666
48509662
484b965f
4846965b
48409657
483b9654
48369650
4831964d
482c9649
48269646
48219642
481c963f
4817963b
48129638
480d9634
48079630
4802962d
47fd9629
47f89626
47f39622
47ed961f
47e8961b
47e39618
47de9614
47d99611
47d3960d
47ce960a
47c99606
47c49603
47bf95ff
47b995fc
47b495f8
47af95f5
47aa95f1
47a595ee
479f95ea
479a95e6
479595e3
479095df
478a95dc
478595d8
478095d5
477b95d1
477695ce
477095ca
476b95c7
476695c3
476195c0
475c95bc
475695b9
475195b5
474c95b2
474795ae
474195ab
473c95a7
473795a4
473295a0
472d959d
47279599
47229596
471d9592
4718958f
4712958b
470d9588
47089584
47039581
46fe957d
46f8957a
46f39577
46ee9573
46e99570
46e3956c
46de9569
46d99565
46d49562
46ce955e
46c9955b
46c49557
46bf9554
46ba9550
46b4954d
46af9549
46aa9546
46a59542
469f953f
469a953b
46959538
46909535
468a9531
4685952e
4680952a
467b9527
46759523
46709520
466b951c
46669519
46609515
465b9512
4656950e
4651950b
464b9508
46469504
46419501
463c94fd
463694fa
463194f6
462c94f3
462794ef
462194ec
461c94e9
461794e5
461294e2
460c94de
460794db
460294d7
45fd94d4
45f794d0
45f294cd
45ed94ca
45e894c6
45e294c3
45dd94bf
45d894bc
45d294b8
45cd94b5
45c894b2
45c394ae
45bd94ab
45b894a7
45b394a4
45ae94a1
45a8949d
45a3949a
459e9496
45999493
4593948f
458e948c
45899489
45839485
457e9482
4579947e
4574947b
456e9478
45699474
45649471
455e946d
4559946a
45549467
454f9463
45499460
4544945c
453f9459
45399456
45349452
452f944f
452a944b
45249448
451f9445
451a9441
4514943e
450f943a
450a9437
45059434
44ff9430
44fa942d
44f59429
44ef9426
44ea9423
44e5941f
44e0941c
44da9419
44d59415
44d09412
44ca940e
44c5940b
44c09408
44ba9404
44b59401
44b093fe
44ab93fa
44a593f7
44a093f3
449b93f0
449593ed
449093e9
448b93e6
448593e3
448093df
447b93dc
447593d8
447093d5
446b93d2
446693ce
446093cb
445b93c8
445693c4
445093c1
444b93be
444693ba
444093b7
443b93b4
443693b0
443093ad
442b93aa
442693a6
442093a3
441b939f
4416939c
44119399
440b9395
44069392
4401938f
43fb938b
43f69388
43f19385
43eb9381
43e6937e
43e1937b
43db9377
43d69374
43d19371
43cb936d
43c6936a
43c19367
43bb9363
43b69360
43b1935d
43ab935a
43a69356
43a19353
439b9350
4396934c
43919349
438b9346
43869342
4381933f
437b933c
43769338
43719335
436b9332
4366932e
4361932b
435b9328
43569324
43519321
434b931e
4346931b
43409317
433b9314
43369311
4330930d
432b930a
43269307
43209303
431b9300
431692fd
431092fa
430b92f6
430692f3
430092f0
42fb92ec
42f692e9
42f092e6
42eb92e3
42e692df
42e092dc
42db92d9
42d592d5
42d092d2
42cb92cf
42c592cc
42c092c8
42bb92c5
42b592c2
42b092bf
42ab92bb
42a592b8
42a092b5
429a92b1
429592ae
429092ab
428a92a8
428592a4
428092a1
427a929e
4275929b
42709297
426a9294
42659291
425f928e
425a928a
42559287
424f9284
424a9281
4245927d
423f927a
423a9277
42349274
422f9270
422a926d
4224926a
421f9267
421a9263
42149260
420f925d
4209925a
42049256
41ff9253
41f99250
41f4924d
41ee9249
41e99246
41e49243
41de9240
41d9923c
41d49239
41ce9236
41c99233
41c3922f
41be922c
41b99229
41b39226
41ae9223
41a8921f
41a3921c
419e9219
41989216
41939212
418d920f
4188920c
41839209
417d9206
41789202
417291ff
416d91fc
416891f9
416291f6
415d91f2
415791ef
415291ec
414d91e9
414791e6
414291e2
413c91df
413791dc
413291d9
412c91d6
412791d2
412191cf
411c91cc
411791c9
411191c6
410c91c2
410691bf
410191bc
40fb91b9
40f691b6
40f191b2
40eb91af
40e691ac
40e091a9
40db91a6
40d691a2
40d0919f
40cb919c
40c59199
40c09196
40ba9193
40b5918f
40b0918c
40aa9189
40a59186
409f9183
409a9180
4095917c
408f9179
408a9176
40849173
407f9170
4079916d
40749169
406f9166
40699163
40649160
405e915d
4059915a
40539156
404e9153
40489150
4043914d
403e914a
40389147
40339143
402d9140
4028913d
4022913a
401d9137
40189134
40129131
400d912d
4007912a
40029127
3ffc9124
3ff79121
3ff1911e
3fec911b
3fe79117
3fe19114
3fdc9111
3fd6910e
3fd1910b
3fcb9108
3fc69105
3fc09101
3fbb90fe
3fb690fb
3fb090f8
3fab90f5
3fa590f2
3fa090ef
3f9a90ec
3f9590e8
3f8f90e5
3f8a90e2
3f8590df
3f7f90dc
3f7a90d9
3f7490d6
3f6f90d3
3f6990d0
3f6490cc
3f5e90c9
3f5990c6
3f5390c3
3f4e90c0
3f4890bd
3f4390ba
3f3e90b7
3f3890b4
3f3390b0
3f2d90ad
3f2890aa
3f2290a7
3f1d90a4
3f1790a1
3f12909e
3f0c909b
3f079098
3f019095
3efc9092
3ef6908e
3ef1908b
3eec9088
3ee69085
3ee19082
3edb907f
3ed6907c
3ed09079
3ecb9076
3ec59073
3ec09070
3eba906c
3eb59069
3eaf9066
3eaa9063
3ea49060
3e9f905d
3e99905a
3e949057
3e8e9054
3e899051
3e83904e
3e7e904b
3e789048
3e739045
3e6e9041
3e68903e
3e63903b
3e5d9038
3e589035
3e529032
3e4d902f
3e47902c
3e429029
3e3c9026
3e379023
3e319020
3e2c901d
3e26901a
3e219017
3e1b9014
3e169011
3e10900e
3e0b900a
3e059007
3e009004
3dfa9001
3df58ffe
3def8ffb
3dea8ff8
3de48ff5
3ddf8ff2
3dd98fef
3dd48fec
3dce8fe9
3dc98fe6
3dc38fe3
3dbe8fe0
3db88fdd
3db38fda
3dad8fd7
3da88fd4
3da28fd1
3d9d8fce
3d978fcb
3d928fc8
3d8c8fc5
3d878fc2
3d818fbf
3d7c8fbc
3d768fb9
3d718fb6
3d6b8fb3
3d668fb0
3d608fad
3d5b8faa
3d558fa7
3d508fa4
3d4a8fa1
3d448f9e
3d3f8f9b
3d398f98
3d348f95
3d2e8f92
3d298f8f
3d238f8c
3d1e8f89
3d188f86
3d138f83
3d0d8f80
3d088f7d
3d028f7a
3cfd8f77
3cf78f74
3cf28f71
3cec8f6e
3ce78f6b
3ce18f68
3cdc8f65
3cd68f62
3cd08f5f
3ccb8f5c
3cc58f59
3cc08f56
3cba8f53
3cb58f50
3caf8f4d
3caa8f4a
3ca48f47
3c9f8f44
3c998f41
3c948f3e
3c8e8f3b
3c898f38
3c838f35
3c7e8f32
3c788f2f
3c728f2c
3c6d8f29
3c678f26
3c628f23
3c5c8f20
3c578f1d
3c518f1a
3c4c8f17
3c468f14
3c418f11
3c3b8f0e
3c358f0b
3c308f08
3c2a8f06
3c258f03
3c1f8f00
3c1a8efd
3c148efa
3c0f8ef7
3c098ef4
3c048ef1
3bfe8eee
3bf88eeb
3bf38ee8
3bed8ee5
3be88ee2
3be28edf
3bdd8edc
3bd78ed9
3bd28ed6
3bcc8ed3
3bc68ed1
3bc18ece
3bbb8ecb
3bb68ec8
3bb08ec5
3bab8ec2
3ba58ebf
3ba08ebc
3b9a8eb9
3b948eb6
3b8f8eb3
3b898eb0
3b848ead
3b7e8eab
3b798ea8
3b738ea5
3b6d8ea2
3b688e9f
3b628e9c
3b5d8e99
3b578e96
3b528e93
3b4c8e90
3b478e8d
3b418e8a
3b3b8e88
3b368e85
3b308e82
3b2b8e7f
3b258e7c
3b208e79
3b1a8e76
3b148e73
3b0f8e70
3b098e6d
3b048e6b
3afe8e68
3af98e65
3af38e62
3aed8e5f
3ae88e5c
3ae28e59
3add8e56
3ad78e53
3ad18e50
3acc8e4e
3ac68e4b
3ac18e48
3abb8e45
3ab68e42
3ab08e3f
3aaa8e3c
3aa58e39
3a9f8e37
3a9a8e34
3a948e31
3a8e8e2e
3a898e2b
3a838e28
3a7e8e25
3a788e22
3a738e20
3a6d8e1d
3a678e1a
3a628e17
3a5c8e14
3a578e11
3a518e0e
3a4b8e0b
3a468e09
3a408e06
3a3b8e03
3a358e00
3a2f8dfd
3a2a8dfa
3a248df7
3a1f8df5
3a198df2
3a138def
3a0e8dec
3a088de9
3a038de6
39fd8de4
39f78de1
39f28dde
39ec8ddb
39e78dd8
39e18dd5
39db8dd2
39d68dd0
39d08dcd
39cb8dca
39c58dc7
39bf8dc4
39ba8dc1
39b48dbf
39af8dbc
39a98db9
39a38db6
399e8db3
39988db0
39928dae
398d8dab
39878da8
39828da5
397c8da2
39768da0
39718d9d
396b8d9a
39668d97
39608d94
395a8d91
39558d8f
394f8d8c
39498d89
39448d86
393e8d83
39398d81
39338d7e
392d8d7b
39288d78
39228d75
391d8d73
39178d70
39118d6d
390c8d6a
39068d67
39008d65
38fb8d62
38f58d5f
38f08d5c
38ea8d59
38e48d57
38df8d54
38d98d51
38d38d4e
38ce8d4b
38c88d49
38c28d46
38bd8d43
38b78d40
38b28d3d
38ac8d3b
38a68d38
38a18d35
389b8d32
38958d30
38908d2d
388a8d2a
38848d27
387f8d24
38798d22
38748d1f
386e8d1c
38688d19
38638d17
385d8d14
38578d11
38528d0e
384c8d0c
38468d09
38418d06
383b8d03
38368d01
38308cfe
382a8cfb
38258cf8
381f8cf5
38198cf3
38148cf0
380e8ced
38088cea
38038ce8
37fd8ce5
37f78ce2
37f28cdf
37ec8cdd
37e68cda
37e18cd7
37db8cd4
37d58cd2
37d08ccf
37ca8ccc
37c58cca
37bf8cc7
37b98cc4
37b48cc1
37ae8cbf
37a88cbc
37a38cb9
379d8cb6
37978cb4
37928cb1
378c8cae
37868cab
37818ca9
377b8ca6
37758ca3
37708ca1
376a8c9e
37648c9b
375f8c98
37598c96
37538c93
374e8c90
37488c8e
37428c8b
373d8c88
37378c85
37318c83
372c8c80
37268c7d
37208c7b
371b8c78
37158c75
370f8c72
370a8c70
37048c6d
36fe8c6a
36f98c68
36f38c65
36ed8c62
36e88c60
36e28c5d
36dc8c5a
36d78c58
36d18c55
36cb8c52
36c58c4f
36c08c4d
36ba8c4a
36b48c47
36af8c45
36a98c42
36a38c3f
369e8c3d
36988c3a
36928c37
368d8c35
36878c32
36818c2f
367c8c2d
36768c2a
36708c27
366b8c25
36658c22
365f8c1f
36598c1d
36548c1a
364e8c17
36488c15
36438c12
363d8c0f
36378c0d
36328c0a
362c8c07
36268c05
36218c02
361b8bff
36158bfd
360f8bfa
360a8bf7
36048bf5
35fe8bf2
35f98bef
35f38bed
35ed8bea
35e88be7
35e28be5
35dc8be2
35d78bdf
35d18bdd
35cb8bda
35c58bd8
35c08bd5
35ba8bd2
35b48bd0
35af8bcd
35a98bca
35a38bc8
359d8bc5
35988bc2
35928bc0
358c8bbd
35878bbb
35818bb8
357b8bb5
35768bb3
35708bb0
356a8bad
35648bab
355f8ba8
35598ba6
35538ba3
354e8ba0
35488b9e
35428b9b
353c8b99
35378b96
35318b93
352b8b91
35268b8e
35208b8b
351a8b89
35148b86
350f8b84
35098b81
35038b7e
34fe8b7c
34f88b79
34f28b77
34ec8b74
34e78b71
34e18b6f
34db8b6c
34d58b6a
34d08b67
34ca8b64
34c48b62
34bf8b5f
34b98b5d
34b38b5a
34ad8b58
34a88b55
34a28b52
349c8b50
34978b4d
34918b4b
348b8b48
34858b45
34808b43
347a8b40
34748b3e
346e8b3b
34698b39
34638b36
345d8b33
34578b31
34528b2e
344c8b2c
34468b29
34418b27
343b8b24
34358b21
342f8b1f
342a8b1c
34248b1a
341e8b17
34188b15
34138b12
340d8b10
34078b0d
34018b0a
33fc8b08
33f68b05
33f08b03
33ea8b00
33e58afe
33df8afb
33d98af9
33d38af6
33ce8af4
33c88af1
33c28aee
33bc8aec
33b78ae9
33b18ae7
33ab8ae4
33a58ae2
33a08adf
339a8add
33948ada
338e8ad8
33898ad5
33838ad3
337d8ad0
33778ace
33728acb
336c8ac8
33668ac6
33608ac3
335b8ac1
33558abe
334f8abc
33498ab9
33448ab7
333e8ab4
33388ab2
33328aaf
332d8aad
33278aaa
33218aa8
331b8aa5
33168aa3
33108aa0
330a8a9e
33048a9b
32ff8a99
32f98a96
32f38a94
32ed8a91
32e88a8f
32e28a8c
32dc8a8a
32d68a87
32d08a85
32cb8a82
32c58a80
32bf8a7d
32b98a7b
32b48a78
32ae8a76
32a88a73
32a28a71
329d8a6e
32978a6c
32918a69
328b8a67
32858a64
32808a62
327a8a5f
32748a5d
326e8a5a
32698a58
32638a56
325d8a53
32578a51
32518a4e
324c8a4c
32468a49
32408a47
323a8a44
32358a42
322f8a3f
32298a3d
32238a3a
321d8a38
32188a35
32128a33
320c8a31
32068a2e
32018a2c
31fb8a29
31f58a27
31ef8a24
31e98a22
31e48a1f
31de8a1d
31d88a1a
31d28a18
31cc8a16
31c78a13
31c18a11
31bb8a0e
31b58a0c
31b08a09
31aa8a07
31a48a05
319e8a02
31988a00
319389fd
318d89fb
318789f8
318189f6
317b89f3
317689f1
317089ef
316a89ec
316489ea
315e89e7
315989e5
315389e3
314d89e0
314789de
314189db
313c89d9
313689d6
313089d4
312a89d2
312489cf
311f89cd
311989ca
311389c8
310d89c6
310789c3
310289c1
30fc89be
30f689bc
30f089ba
30ea89b7
30e589b5
30df89b2
30d989b0
30d389ae
30cd89ab
30c889a9
30c289a6
30bc89a4
30b689a2
30b0899f
30aa899d
30a5899a
309f8998
30998996
30938993
308d8991
3088898e
3082898c
307c898a
30768987
30708985
306b8983
30658980
305f897e
3059897b
30538979
304d8977
30488974
30428972
303c8970
3036896d
3030896b
302a8968
30258966
301f8964
30198961
3013895f
300d895d
3008895a
30028958
2ffc8956
2ff68953
2ff08951
2fea894f
2fe5894c
2fdf894a
2fd98947
2fd38945
2fcd8943
2fc78940
2fc2893e
2fbc893c
2fb68939
2fb08937
2faa8935
2fa48932
2f9f8930
2f99892e
2f93892b
2f8d8929
2f878927
2f818924
2f7c8922
2f768920
2f70891d
2f6a891b
2f648919
2f5e8916
2f598914
2f538912
2f4d890f
2f47890d
2f41890b
2f3b8908
2f368906
2f308904
2f2a8902
2f2488ff
2f1e88fd
2f1888fb
2f1388f8
2f0d88f6
2f0788f4
2f0188f1
2efb88ef
2ef588ed
2eef88ea
2eea88e8
2ee488e6
2ede88e4
2ed888e1
2ed288df
2ecc88dd
2ec788da
2ec188d8
2ebb88d6
2eb588d3
2eaf88d1
2ea988cf
2ea388cd
2e9e88ca
2e9888c8
2e9288c6
2e8c88c3
2e8688c1
2e8088bf
2e7a88bd
2e7588ba
2e6f88b8
2e6988b6
2e6388b3
2e5d88b1
2e5788af
2e5188ad
2e4c88aa
2e4688a8
2e4088a6
2e3a88a4
2e3488a1
2e2e889f
2e28889d
2e23889a
2e1d8898
2e178896
2e118894
2e0b8891
2e05888f
2dff888d
2dfa888b
2df48888
2dee8886
2de88884
2de28882
2ddc887f
2dd6887d
2dd1887b
2dcb8879
2dc58876
2dbf8874
2db98872
2db38870
2dad886d
2da7886b
2da28869
2d9c8867
2d968864
2d908862
2d8a8860
2d84885e
2d7e885c
2d788859
2d738857
2d6d8855
2d678853
2d618850
2d5b884e
2d55884c
2d4f884a
2d498847
2d448845
2d3e8843
2d388841
2d32883f
2d2c883c
2d26883a
2d208838
2d1a8836
2d158833
2d0f8831
2d09882f
2d03882d
2cfd882b
2cf78828
2cf18826
2ceb8824
2ce68822
2ce08820
2cda881d
2cd4881b
2cce8819
2cc88817
2cc28815
2cbc8812
2cb68810
2cb1880e
2cab880c
2ca5880a
2c9f8807
2c998805
2c938803
2c8d8801
2c8787ff
2c8187fd
2c7c87fa
2c7687f8
2c7087f6
2c6a87f4
2c6487f2
2c5e87ef
2c5887ed
2c5287eb
2c4c87e9
2c4687e7
2c4187e5
2c3b87e2
2c3587e0
2c2f87de
2c2987dc
2c2387da
2c1d87d8
2c1787d5
2c1187d3
2c0c87d1
2c0687cf
2c0087cd
2bfa87cb
2bf487c8
2bee87c6
2be887c4
2be287c2
2bdc87c0
2bd687be
2bd087bb
2bcb87b9
2bc587b7
2bbf87b5
2bb987b3
2bb387b1
2bad87af
2ba787ac
2ba187aa
2b9b87a8
2b9587a6
2b9087a4
2b8a87a2
2b8487a0
2b7e879d
2b78879b
2b728799
2b6c8797
2b668795
2b608793
2b5a8791
2b54878f
2b4f878c
2b49878a
2b438788
2b3d8786
2b378784
2b318782
2b2b8780
2b25877e
2b1f877b
2b198779
2b138777
2b0d8775
2b088773
2b028771
2afc876f
2af6876d
2af0876b
2aea8768
2ae48766
2ade8764
2ad88762
2ad28760
2acc875e
2ac6875c
2ac1875a
2abb8758
2ab58756
2aaf8753
2aa98751
2aa3874f
2a9d874d
2a97874b
2a918749
2a8b8747
2a858745
2a7f8743
2a798741
2a73873f
2a6e873c
2a68873a
2a628738
2a5c8736
2a568734
2a508732
2a4a8730
2a44872e
2a3e872c
2a38872a
2a328728
2a2c8726
2a268724
2a208722
2a1b871f
2a15871d
2a0f871b
2a098719
2a038717
29fd8715
29f78713
29f18711
29eb870f
29e5870d
29df870b
29d98709
29d38707
29cd8705
29c78703
29c18701
29bc86ff
29b686fc
29b086fa
29aa86f8
29a486f6
299e86f4
299886f2
299286f0
298c86ee
298686ec
298086ea
297a86e8
297486e6
296e86e4
296886e2
296286e0
295c86de
295686dc
295186da
294b86d8
294586d6
293f86d4
293986d2
293386d0
292d86ce
292786cc
292186ca
291b86c8
291586c6
290f86c4
290986c2
290386c0
28fd86be
28f786bc
28f186ba
28eb86b8
28e586b6
28df86b4
28da86b2
28d486af
28ce86ad
28c886ab
28c286a9
28bc86a7
28b686a5
28b086a3
28aa86a1
28a486a0
289e869e
2898869c
2892869a
288c8698
28868696
28808694
287a8692
28748690
286e868e
2868868c
2862868a
285c8688
28568686
28508684
284b8682
28458680
283f867e
2839867c
2833867a
282d8678
28278676
28218674
281b8672
28158670
280f866e
2809866c
2803866a
27fd8668
27f78666
27f18664
27eb8662
27e58660
27df865e
27d9865c
27d3865a
27cd8658
27c78656
27c18655
27bb8653
27b58651
27af864f
27a9864d
27a3864b
279d8649
27978647
27918645
278b8643
27868641
2780863f
277a863d
2774863b
276e8639
27688637
27628635
275c8634
27568632
27508630
274a862e
2744862c
273e862a
27388628
27328626
272c8624
27268622
27208620
271a861e
2714861c
270e861a
27088619
27028617
26fc8615
26f68613
26f08611
26ea860f
26e4860d
26de860b
26d88609
26d28607
26cc8605
26c68604
26c08602
26ba8600
26b485fe
26ae85fc
26a885fa
26a285f8
269c85f6
269685f4
269085f2
268a85f1
268485ef
267e85ed
267885eb
267285e9
266c85e7
266685e5
266085e3
265a85e1
265485e0
264e85de
264885dc
264285da
263c85d8
263685d6
263085d4
262a85d2
262485d1
261e85cf
261885cd
261285cb
260c85c9
260685c7
260085c5
25fa85c4
25f485c2
25ee85c0
25e885be
25e285bc
25dc85ba
25d685b8
25d085b7
25ca85b5
25c485b3
25be85b1
25b885af
25b285ad
25ac85ab
25a685aa
25a085a8
259a85a6
259485a4
258e85a2
258885a0
2582859e
257c859d
2576859b
25708599
256a8597
25648595
255e8593
25588592
25528590
254c858e
2546858c
2540858a
253a8588
25348587
252e8585
25288583
25228581
251c857f
2516857e
2510857c
250a857a
25048578
24fe8576
24f88574
24f28573
24ec8571
24e6856f
24e0856d
24da856b
24d4856a
24ce8568
24c88566
24c28564
24bc8562
24b68561
24b0855f
24aa855d
24a4855b
249e8559
24988558
24928556
248c8554
24868552
24808550
247a854f
2474854d
246d854b
24678549
24618547
245b8546
24558544
244f8542
24498540
2443853f
243d853d
2437853b
24318539
242b8537
24258536
241f8534
24198532
24138530
240d852f
2407852d
2401852b
23fb8529
23f58527
23ef8526
23e98524
23e38522
23dd8520
23d7851f
23d1851d
23cb851b
23c58519
23bf8518
23b98516
23b38514
23ad8512
23a78511
23a0850f
239a850d
2394850b
238e850a
23888508
23828506
237c8504
23768503
23708501
236a84ff
236484fd
235e84fc
235884fa
235284f8
234c84f6
234684f5
234084f3
233a84f1
233484f0
232e84ee
232884ec
232284ea
231c84e9
231684e7
231084e5
230a84e4
230384e2
22fd84e0
22f784de
22f184dd
22eb84db
22e584d9
22df84d7
22d984d6
22d384d4
22cd84d2
22c784d1
22c184cf
22bb84cd
22b584cc
22af84ca
22a984c8
22a384c6
229d84c5
229784c3
229184c1
228b84c0
228484be
227e84bc
227884bb
227284b9
226c84b7
226684b5
226084b4
225a84b2
225484b0
224e84af
224884ad
224284ab
223c84aa
223684a8
223084a6
222a84a5
222484a3
221e84a1
221884a0
2211849e
220b849c
2205849b
21ff8499
21f98497
21f38496
21ed8494
21e78492
21e18491
21db848f
21d5848d
21cf848c
21c9848a
21c38488
21bd8487
21b78485
21b18483
21aa8482
21a48480
219e847e
2198847d
2192847b
218c8479
21868478
21808476
217a8475
21748473
216e8471
21688470
2162846e
215c846c
2156846b
21508469
21498467
21438466
213d8464
21378463
21318461
212b845f
2125845e
211f845c
2119845a
21138459
210d8457
21078456
21018454
20fb8452
20f48451
20ee844f
20e8844d
20e2844c
20dc844a
20d68449
20d08447
20ca8445
20c48444
20be8442
20b88441
20b2843f
20ac843d
20a6843c
209f843a
20998439
20938437
208d8435
20878434
20818432
207b8431
2075842f
206f842d
2069842c
2063842a
205d8429
20578427
20508425
204a8424
20448422
203e8421
2038841f
2032841d
202c841c
2026841a
20208419
201a8417
20148416
200e8414
20078412
20018411
1ffb840f
1ff5840e
1fef840c
1fe9840b
1fe38409
1fdd8407
1fd78406
1fd18404
1fcb8403
1fc58401
1fbe8400
1fb883fe
1fb283fd
1fac83fb
1fa683f9
1fa083f8
1f9a83f6
1f9483f5
1f8e83f3
1f8883f2
1f8283f0
1f7b83ef
1f7583ed
1f6f83ec
1f6983ea
1f6383e8
1f5d83e7
1f5783e5
1f5183e4
1f4b83e2
1f4583e1
1f3f83df
1f3883de
1f3283dc
1f2c83db
1f2683d9
1f2083d8
1f1a83d6
1f1483d4
1f0e83d3
1f0883d1
1f0283d0
1efb83ce
1ef583cd
1eef83cb
1ee983ca
1ee383c8
1edd83c7
1ed783c5
1ed183c4
1ecb83c2
1ec583c1
1ebf83bf
1eb883be
1eb283bc
1eac83bb
1ea683b9
1ea083b8
1e9a83b6
1e9483b5
1e8e83b3
1e8883b2
1e8283b0
1e7b83af
1e7583ad
1e6f83ac
1e6983aa
1e6383a9
1e5d83a7
1e5783a6
1e5183a4
1e4b83a3
1e4483a1
1e3e83a0
1e38839e
1e32839d
1e2c839b
1e26839a
1e208398
1e1a8397
1e148395
1e0e8394
1e078392
1e018391
1dfb8390
1df5838e
1def838d
1de9838b
1de3838a
1ddd8388
1dd78387
1dd08385
1dca8384
1dc48382
1dbe8381
1db8837f
1db2837e
1dac837d
1da6837b
1da0837a
1d998378
1d938377
1d8d8375
1d878374
1d818372
1d7b8371
1d75836f
1d6f836e
1d69836d
1d62836b
1d5c836a
1d568368
1d508367
1d4a8365
1d448364
1d3e8362
1d388361
1d318360
1d2b835e
1d25835d
1d1f835b
1d19835a
1d138358
1d0d8357
1d078356
1d018354
1cfa8353
1cf48351
1cee8350
1ce8834f
1ce2834d
1cdc834c
1cd6834a
1cd08349
1cc98347
1cc38346
1cbd8345
1cb78343
1cb18342
1cab8340
1ca5833f
1c9f833e
1c98833c
1c92833b
1c8c8339
1c868338
1c808337
1c7a8335
1c748334
1c6e8332
1c678331
1c618330
1c5b832e
1c55832d
1c4f832b
1c49832a
1c438329
1c3d8327
1c368326
1c308324
1c2a8323
1c248322
1c1e8320
1c18831f
1c12831e
1c0c831c
1c05831b
1bff8319
1bf98318
1bf38317
1bed8315
1be78314
1be18313
1bda8311
1bd48310
1bce830e
1bc8830d
1bc2830c
1bbc830a
1bb68309
1bb08308
1ba98306
1ba38305
1b9d8304
1b978302
1b918301
1b8b8300
1b8582fe
1b7e82fd
1b7882fb
1b7282fa
1b6c82f9
1b6682f7
1b6082f6
1b5a82f5
1b5382f3
1b4d82f2
1b4782f1
1b4182ef
1b3b82ee
1b3582ed
1b2f82eb
1b2982ea
1b2282e9
1b1c82e7
1b1682e6
1b1082e5
1b0a82e3
1b0482e2
1afe82e1
1af782df
1af182de
1aeb82dd
1ae582db
1adf82da
1ad982d9
1ad382d8
1acc82d6
1ac682d5
1ac082d4
1aba82d2
1ab482d1
1aae82d0
1aa882ce
1aa182cd
1a9b82cc
1a9582ca
1a8f82c9
1a8982c8
1a8382c6
1a7c82c5
1a7682c4
1a7082c3
1a6a82c1
1a6482c0
1a5e82bf
1a5882bd
1a5182bc
1a4b82bb
1a4582ba
1a3f82b8
1a3982b7
1a3382b6
1a2d82b4
1a2682b3
1a2082b2
1a1a82b1
1a1482af
1a0e82ae
1a0882ad
1a0182ab
19fb82aa
19f582a9
19ef82a8
19e982a6
19e382a5
19dd82a4
19d682a3
19d082a1
19ca82a0
19c4829f
19be829d
19b8829c
19b1829b
19ab829a
19a58298
199f8297
19998296
19938295
198d8293
19868292
19808291
197a8290
1974828e
196e828d
1968828c
1961828b
195b8289
19558288
194f8287
19498286
19438284
193c8283
19368282
19308281
192a827f
1924827e
191e827d
1918827c
1911827b
190b8279
19058278
18ff8277
18f98276
18f38274
18ec8273
18e68272
18e08271
18da8270
18d4826e
18ce826d
18c7826c
18c1826b
18bb8269
18b58268
18af8267
18a98266
18a28265
189c8263
18968262
18908261
188a8260
1884825f
187d825d
1877825c
1871825b
186b825a
18658259
185f8257
18588256
18528255
184c8254
18468253
18408251
183a8250
1833824f
182d824e
1827824d
1821824b
181b824a
18158249
180e8248
18088247
18028246
17fc8244
17f68243
17f08242
17e98241
17e38240
17dd823e
17d7823d
17d1823c
17ca823b
17c4823a
17be8239
17b88237
17b28236
17ac8235
17a58234
179f8233
17998232
17938231
178d822f
1787822e
1780822d
177a822c
1774822b
176e822a
17688228
17618227
175b8226
17558225
174f8224
17498223
17438222
173c8220
1736821f
1730821e
172a821d
1724821c
171e821b
1717821a
17118218
170b8217
17058216
16ff8215
16f88214
16f28213
16ec8212
16e68211
16e0820f
16da820e
16d3820d
16cd820c
16c7820b
16c1820a
16bb8209
16b48208
16ae8207
16a88205
16a28204
169c8203
16968202
168f8201
16898200
168381ff
167d81fe
167781fd
167081fb
166a81fa
166481f9
165e81f8
165881f7
165181f6
164b81f5
164581f4
163f81f3
163981f2
163381f0
162c81ef
162681ee
162081ed
161a81ec
161481eb
160d81ea
160781e9
160181e8
15fb81e7
15f581e6
15ee81e5
15e881e3
15e281e2
15dc81e1
15d681e0
15d081df
15c981de
15c381dd
15bd81dc
15b781db
15b181da
15aa81d9
15a481d8
159e81d7
159881d6
159281d5
158b81d3
158581d2
157f81d1
157981d0
157381cf
156c81ce
156681cd
156081cc
155a81cb
155481ca
154d81c9
154781c8
154181c7
153b81c6
153581c5
152e81c4
152881c3
152281c2
151c81c1
151681c0
150f81bf
150981be
150381bd
14fd81bb
14f781ba
14f081b9
14ea81b8
14e481b7
14de81b6
14d881b5
14d181b4
14cb81b3
14c581b2
14bf81b1
14b981b0
14b281af
14ac81ae
14a681ad
14a081ac
149a81ab
149381aa
148d81a9
148781a8
148181a7
147b81a6
147481a5
146e81a4
146881a3
146281a2
145c81a1
145581a0
144f819f
1449819e
1443819d
143d819c
1436819b
1430819a
142a8199
14248198
141e8197
14178196
14118195
140b8194
14058193
13ff8192
13f88191
13f28190
13ec818f
13e6818e
13e0818d
13d9818c
13d3818b
13cd818a
13c78189
13c18188
13ba8188
13b48187
13ae8186
13a88185
13a18184
139b8183
13958182
138f8181
13898180
1382817f
137c817e
1376817d
1370817c
136a817b
1363817a
135d8179
13578178
13518177
134b8176
13448175
133e8174
13388173
13328173
132b8172
13258171
131f8170
1319816f
1313816e
130c816d
1306816c
1300816b
12fa816a
12f48169
12ed8168
12e78167
12e18166
12db8165
12d48165
12ce8164
12c88163
12c28162
12bc8161
12b58160
12af815f
12a9815e
12a3815d
129d815c
1296815b
1290815a
128a815a
12848159
127d8158
12778157
12718156
126b8155
12658154
125e8153
12588152
12528151
124c8150
12468150
123f814f
1239814e
1233814d
122d814c
1226814b
1220814a
121a8149
12148148
120e8148
12078147
12018146
11fb8145
11f58144
11ee8143
11e88142
11e28141
11dc8140
11d68140
11cf813f
11c9813e
11c3813d
11bd813c
11b6813b
11b0813a
11aa813a
11a48139
119e8138
11978137
11918136
118b8135
11858134
117e8133
11788133
11728132
116c8131
11668130
115f812f
1159812e
1153812d
114d812d
1146812c
1140812b
113a812a
11348129
112d8128
11278128
11218127
111b8126
11158125
110e8124
11088123
11028123
10fc8122
10f58121
10ef8120
10e9811f
10e3811e
10dd811e
10d6811d
10d0811c
10ca811b
10c4811a
10bd8119
10b78119
10b18118
10ab8117
10a48116
109e8115
10988115
10928114
108c8113
10858112
107f8111
10798110
10738110
106c810f
1066810e
1060810d
105a810c
1053810c
104d810b
1047810a
10418109
103b8108
10348108
102e8107
10288106
10228105
101b8104
10158104
100f8103
10098102
10028101
0ffc8101
0ff68100
0ff080ff
0fea80fe
0fe380fd
0fdd80fd
0fd780fc
0fd180fb
0fca80fa
0fc480fa
0fbe80f9
0fb880f8
0fb180f7
0fab80f6
0fa580f6
0f9f80f5
0f9880f4
0f9280f3
0f8c80f3
0f8680f2
0f7f80f1
0f7980f0
0f7380f0
0f6d80ef
0f6780ee
0f6080ed
0f5a80ed
0f5480ec
0f4e80eb
0f4780ea
0f4180ea
0f3b80e9
0f3580e8
0f2e80e7
0f2880e7
0f2280e6
0f1c80e5
0f1580e4
0f0f80e4
0f0980e3
0f0380e2
0efc80e1
0ef680e1
0ef080e0
0eea80df
0ee480de
0edd80de
0ed780dd
0ed180dc
0ecb80dc
0ec480db
0ebe80da
0eb880d9
0eb280d9
0eab80d8
0ea580d7
0e9f80d6
0e9980d6
0e9280d5
0e8c80d4
0e8680d4
0e8080d3
0e7980d2
0e7380d1
0e6d80d1
0e6780d0
0e6080cf
0e5a80cf
0e5480ce
0e4e80cd
0e4780cd
0e4180cc
0e3b80cb
0e3580ca
0e2e80ca
0e2880c9
0e2280c8
0e1c80c8
0e1680c7
0e0f80c6
0e0980c6
0e0380c5
0dfd80c4
0df680c4
0df080c3
0dea80c2
0de480c1
0ddd80c1
0dd780c0
0dd180bf
0dcb80bf
0dc480be
0dbe80bd
0db880bd
0db280bc
0dab80bb
0da580bb
0d9f80ba
0d9980b9
0d9280b9
0d8c80b8
0d8680b7
0d8080b7
0d7980b6
0d7380b5
0d6d80b5
0d6780b4
0d6080b3
0d5a80b3
0d5480b2
0d4e80b1
0d4780b1
0d4180b0
0d3b80b0
0d3580af
0d2e80ae
0d2880ae
0d2280ad
0d1c80ac
0d1580ac
0d0f80ab
0d0980aa
0d0380aa
0cfc80a9
0cf680a8
0cf080a8
0cea80a7
0ce380a7
0cdd80a6
0cd780a5
0cd180a5
0cca80a4
0cc480a3
0cbe80a3
0cb880a2
0cb180a2
0cab80a1
0ca580a0
0c9f80a0
0c98809f
0c92809e
0c8c809e
0c86809d
0c7f809d
0c79809c
0c73809b
0c6d809b
0c66809a
0c60809a
0c5a8099
0c548098
0c4d8098
0c478097
0c418096
0c3b8096
0c348095
0c2e8095
0c288094
0c228093
0c1b8093
0c158092
0c0f8092
0c088091
0c028091
0bfc8090
0bf6808f
0bef808f
0be9808e
0be3808e
0bdd808d
0bd6808c
0bd0808c
0bca808b
0bc4808b
0bbd808a
0bb7808a
0bb18089
0bab8088
0ba48088
0b9e8087
0b988087
0b928086
0b8b8086
0b858085
0b7f8084
0b798084
0b728083
0b6c8083
0b668082
0b608082
0b598081
0b538080
0b4d8080
0b47807f
0b40807f
0b3a807e
0b34807e
0b2d807d
0b27807d
0b21807c
0b1b807c
0b14807b
0b0e807a
0b08807a
0b028079
0afb8079
0af58078
0aef8078
0ae98077
0ae28077
0adc8076
0ad68076
0ad08075
0ac98075
0ac38074
0abd8073
0ab78073
0ab08072
0aaa8072
0aa48071
0a9d8071
0a978070
0a918070
0a8b806f
0a84806f
0a7e806e
0a78806e
0a72806d
0a6b806d
0a65806c
0a5f806c
0a59806b
0a52806b
0a4c806a
0a46806a
0a408069
0a398069
0a338068
0a2d8068
0a278067
0a208067
0a1a8066
0a148066
0a0d8065
0a078065
0a018064
09fb8064
09f48063
09ee8063
09e88062
09e28062
09db8061
09d58061
09cf8060
09c98060
09c2805f
09bc805f
09b6805e
09af805e
09a9805d
09a3805d
099d805d
0996805c
0990805c
098a805b
0984805b
097d805a
0977805a
09718059
096b8059
09648058
095e8058
09588057
09518057
094b8056
09458056
093f8056
09388055
09328055
092c8054
09268054
091f8053
09198053
09138052
090d8052
09068052
09008051
08fa8051
08f38050
08ed8050
08e7804f
08e1804f
08da804e
08d4804e
08ce804e
08c8804d
08c1804d
08bb804c
08b5804c
08af804b
08a8804b
08a2804b
089c804a
0895804a
088f8049
08898049
08838049
087c8048
08768048
08708047
086a8047
08638046
085d8046
08578046
08518045
084a8045
08448044
083e8044
08378044
08318043
082b8043
08258042
081e8042
08188042
08128041
080c8041
08058040
07ff8040
07f98040
07f2803f
07ec803f
07e6803e
07e0803e
07d9803e
07d3803d
07cd803d
07c7803d
07c0803c
07ba803c
07b4803b
07ad803b
07a7803b
07a1803a
079b803a
0794803a
078e8039
07888039
07828038
077b8038
07758038
076f8037
07688037
07628037
075c8036
07568036
074f8035
07498035
07438035
073d8034
07368034
07308034
072a8033
07238033
071d8033
07178032
07118032
070a8032
07048031
06fe8031
06f88031
06f18030
06eb8030
06e58030
06de802f
06d8802f
06d2802f
06cc802e
06c5802e
06bf802e
06b9802d
06b3802d
06ac802d
06a6802c
06a0802c
0699802c
0693802b
068d802b
0687802b
0680802a
067a802a
0674802a
066e8029
06678029
06618029
065b8028
06548028
064e8028
06488027
06428027
063b8027
06358027
062f8026
06288026
06228026
061c8025
06168025
060f8025
06098024
06038024
05fd8024
05f68024
05f08023
05ea8023
05e38023
05dd8022
05d78022
05d18022
05ca8022
05c48021
05be8021
05b78021
05b18020
05ab8020
05a58020
059e8020
0598801f
0592801f
058c801f
0585801e
057f801e
0579801e
0572801e
056c801d
0566801d
0560801d
0559801d
0553801c
054d801c
0547801c
0540801c
053a801b
0534801b
052d801b
0527801b
0521801a
051b801a
0514801a
050e801a
05088019
05018019
04fb8019
04f58019
04ef8018
04e88018
04e28018
04dc8018
04d58017
04cf8017
04c98017
04c38017
04bc8016
04b68016
04b08016
04aa8016
04a38016
049d8015
04978015
04908015
048a8015
04848014
047e8014
04778014
04718014
046b8014
04648013
045e8013
04588013
04528013
044b8012
04458012
043f8012
04398012
04328012
042c8011
04268011
041f8011
04198011
04138011
040d8010
04068010
04008010
03fa8010
03f38010
03ed800f
03e7800f
03e1800f
03da800f
03d4800f
03ce800e
03c7800e
03c1800e
03bb800e
03b5800e
03ae800e
03a8800d
03a2800d
039c800d
0395800d
038f800d
0389800c
0382800c
037c800c
0376800c
0370800c
0369800c
0363800b
035d800b
0356800b
0350800b
034a800b
0344800b
033d800a
0337800a
0331800a
032a800a
0324800a
031e800a
0318800a
03118009
030b8009
03058009
02fe8009
02f88009
02f28009
02ec8009
02e58008
02df8008
02d98008
02d38008
02cc8008
02c68008
02c08008
02b98007
02b38007
02ad8007
02a78007
02a08007
029a8007
02948007
028d8007
02878006
02818006
027b8006
02748006
026e8006
02688006
02618006
025b8006
02558005
024f8005
02488005
02428005
023c8005
02358005
022f8005
02298005
02238005
021c8004
02168004
02108004
02098004
02038004
01fd8004
01f78004
01f08004
01ea8004
01e48004
01de8003
01d78003
01d18003
01cb8003
01c48003
01be8003
01b88003
01b28003
01ab8003
01a58003
019f8003
01988003
01928002
018c8002
01868002
017f8002
01798002
01738002
016c8002
01668002
01608002
015a8002
01538002
014d8002
01478002
01408002
013a8002
01348001
012e8001
01278001
01218001
011b8001
01148001
010e8001
01088001
01028001
00fb8001
00f58001
00ef8001
00e88001
00e28001
00dc8001
00d68001
00cf8001
00c98001
00c38001
00bc8001
00b68001
00b08000
00aa8000
00a38000
009d8000
00978000
00918000
008a8000
00848000
007e8000
00778000
00718000
006b8000
00658000
005e8000
00588000
00528000
004b8000
00458000
003f8000
00398000
00328000
002c8000
00268000
001f8000
00198000
00138000
000d8000
00068000
00008000
fffa8000
fff38000
ffed8000
ffe78000
ffe18000
ffda8000
ffd48000
ffce8000
ffc78000
ffc18000
ffbb8000
ffb58000
ffae8000
ffa88000
ffa28000
ff9b8000
ff958000
ff8f8000
ff898000
ff828000
ff7c8000
ff768000
ff6f8000
ff698000
ff638000
ff5d8000
ff568000
ff508000
ff4a8001
ff448001
ff3d8001
ff378001
ff318001
ff2a8001
ff248001
ff1e8001
ff188001
ff118001
ff0b8001
ff058001
fefe8001
fef88001
fef28001
feec8001
fee58001
fedf8001
fed98001
fed28001
fecc8001
fec68002
fec08002
feb98002
feb38002
fead8002
fea68002
fea08002
fe9a8002
fe948002
fe8d8002
fe878002
fe818002
fe7a8002
fe748002
fe6e8002
fe688003
fe618003
fe5b8003
fe558003
fe4e8003
fe488003
fe428003
fe3c8003
fe358003
fe2f8003
fe298003
fe228003
fe1c8004
fe168004
fe108004
fe098004
fe038004
fdfd8004
fdf78004
fdf08004
fdea8004
fde48004
fddd8005
fdd78005
fdd18005
fdcb8005
fdc48005
fdbe8005
fdb88005
fdb18005
fdab8005
fda58006
fd9f8006
fd988006
fd928006
fd8c8006
fd858006
fd7f8006
fd798006
fd738007
fd6c8007
fd668007
fd608007
fd598007
fd538007
fd4d8007
fd478007
fd408008
fd3a8008
fd348008
fd2d8008
fd278008
fd218008
fd1b8008
fd148009
fd0e8009
fd088009
fd028009
fcfb8009
fcf58009
fcef8009
fce8800a
fce2800a
fcdc800a
fcd6800a
fccf800a
fcc9800a
fcc3800a
fcbc800b
fcb6800b
fcb0800b
fcaa800b
fca3800b
fc9d800b
fc97800c
fc90800c
fc8a800c
fc84800c
fc7e800c
fc77800c
fc71800d
fc6b800d
fc64800d
fc5e800d
fc58800d
fc52800e
fc4b800e
fc45800e
fc3f800e
fc39800e
fc32800e
fc2c800f
fc26800f
fc1f800f
fc19800f
fc13800f
fc0d8010
fc068010
fc008010
fbfa8010
fbf38010
fbed8011
fbe78011
fbe18011
fbda8011
fbd48011
fbce8012
fbc78012
fbc18012
fbbb8012
fbb58012
fbae8013
fba88013
fba28013
fb9c8013
fb958014
fb8f8014
fb898014
fb828014
fb7c8014
fb768015
fb708015
fb698015
fb638015
fb5d8016
fb568016
fb508016
fb4a8016
fb448016
fb3d8017
fb378017
fb318017
fb2b8017
fb248018
fb1e8018
fb188018
fb118018
fb0b8019
fb058019
faff8019
faf88019
faf2801a
faec801a
fae5801a
fadf801a
fad9801b
fad3801b
facc801b
fac6801b
fac0801c
fab9801c
fab3801c
faad801c
faa7801d
faa0801d
fa9a801d
fa94801d
fa8e801e
fa87801e
fa81801e
fa7b801e
fa74801f
fa6e801f
fa68801f
fa628020
fa5b8020
fa558020
fa4f8020
fa498021
fa428021
fa3c8021
fa368022
fa2f8022
fa298022
fa238022
fa1d8023
fa168023
fa108023
fa0a8024
fa038024
f9fd8024
f9f78024
f9f18025
f9ea8025
f9e48025
f9de8026
f9d88026
f9d18026
f9cb8027
f9c58027
f9be8027
f9b88027
f9b28028
f9ac8028
f9a58028
f99f8029
f9998029
f9928029
f98c802a
f986802a
f980802a
f979802b
f973802b
f96d802b
f967802c
f960802c
f95a802c
f954802d
f94d802d
f947802d
f941802e
f93b802e
f934802e
f92e802f
f928802f
f922802f
f91b8030
f9158030
f90f8030
f9088031
f9028031
f8fc8031
f8f68032
f8ef8032
f8e98032
f8e38033
f8dd8033
f8d68033
f8d08034
f8ca8034
f8c38034
f8bd8035
f8b78035
f8b18035
f8aa8036
f8a48036
f89e8037
f8988037
f8918037
f88b8038
f8858038
f87e8038
f8788039
f8728039
f86c803a
f865803a
f85f803a
f859803b
f853803b
f84c803b
f846803c
f840803c
f839803d
f833803d
f82d803d
f827803e
f820803e
f81a803e
f814803f
f80e803f
f8078040
f8018040
f7fb8040
f7f48041
f7ee8041
f7e88042
f7e28042
f7db8042
f7d58043
f7cf8043
f7c98044
f7c28044
f7bc8044
f7b68045
f7af8045
f7a98046
f7a38046
f79d8046
f7968047
f7908047
f78a8048
f7848048
f77d8049
f7778049
f7718049
f76b804a
f764804a
f75e804b
f758804b
f751804b
f74b804c
f745804c
f73f804d
f738804d
f732804e
f72c804e
f726804e
f71f804f
f719804f
f7138050
f70d8050
f7068051
f7008051
f6fa8052
f6f38052
f6ed8052
f6e78053
f6e18053
f6da8054
f6d48054
f6ce8055
f6c88055
f6c18056
f6bb8056
f6b58056
f6af8057
f6a88057
f6a28058
f69c8058
f6958059
f68f8059
f689805a
f683805a
f67c805b
f676805b
f670805c
f66a805c
f663805d
f65d805d
f657805d
f651805e
f64a805e
f644805f
f63e805f
f6378060
f6318060
f62b8061
f6258061
f61e8062
f6188062
f6128063
f60c8063
f6058064
f5ff8064
f5f98065
f5f38065
f5ec8066
f5e68066
f5e08067
f5d98067
f5d38068
f5cd8068
f5c78069
f5c08069
f5ba806a
f5b4806a
f5ae806b
f5a7806b
f5a1806c
f59b806c
f595806d
f58e806d
f588806e
f582806e
f57c806f
f575806f
f56f8070
f5698070
f5638071
f55c8071
f5568072
f5508072
f5498073
f5438073
f53d8074
f5378075
f5308075
f52a8076
f5248076
f51e8077
f5178077
f5118078
f50b8078
f5058079
f4fe8079
f4f8807a
f4f2807a
f4ec807b
f4e5807c
f4df807c
f4d9807d
f4d3807d
f4cc807e
f4c6807e
f4c0807f
f4b9807f
f4b38080
f4ad8080
f4a78081
f4a08082
f49a8082
f4948083
f48e8083
f4878084
f4818084
f47b8085
f4758086
f46e8086
f4688087
f4628087
f45c8088
f4558088
f44f8089
f449808a
f443808a
f43c808b
f436808b
f430808c
f42a808c
f423808d
f41d808e
f417808e
f411808f
f40a808f
f4048090
f3fe8091
f3f88091
f3f18092
f3eb8092
f3e58093
f3de8093
f3d88094
f3d28095
f3cc8095
f3c58096
f3bf8096
f3b98097
f3b38098
f3ac8098
f3a68099
f3a0809a
f39a809a
f393809b
f38d809b
f387809c
f381809d
f37a809d
f374809e
f36e809e
f368809f
f36180a0
f35b80a0
f35580a1
f34f80a2
f34880a2
f34280a3
f33c80a3
f33680a4
f32f80a5
f32980a5
f32380a6
f31d80a7
f31680a7
f31080a8
f30a80a8
f30480a9
f2fd80aa
f2f780aa
f2f180ab
f2eb80ac
f2e480ac
f2de80ad
f2d880ae
f2d280ae
f2cb80af
f2c580b0
f2bf80b0
f2b980b1
f2b280b1
f2ac80b2
f2a680b3
f2a080b3
f29980b4
f29380b5
f28d80b5
f28780b6
f28080b7
f27a80b7
f27480b8
f26e80b9
f26780b9
f26180ba
f25b80bb
f25580bb
f24e80bc
f24880bd
f24280bd
f23c80be
f23580bf
f22f80bf
f22980c0
f22380c1
f21c80c1
f21680c2
f21080c3
f20a80c4
f20380c4
f1fd80c5
f1f780c6
f1f180c6
f1ea80c7
f1e480c8
f1de80c8
f1d880c9
f1d280ca
f1cb80ca
f1c580cb
f1bf80cc
f1b980cd
f1b280cd
f1ac80ce
f1a680cf
f1a080cf
f19980d0
f19380d1
f18d80d1
f18780d2
f18080d3
f17a80d4
f17480d4
f16e80d5
f16780d6
f16180d6
f15b80d7
f15580d8
f14e80d9
f14880d9
f14280da
f13c80db
f13580dc
f12f80dc
f12980dd
f12380de
f11c80de
f11680df
f11080e0
f10a80e1
f10480e1
f0fd80e2
f0f780e3
f0f180e4
f0eb80e4
f0e480e5
f0de80e6
f0d880e7
f0d280e7
f0cb80e8
f0c580e9
f0bf80ea
f0b980ea
f0b280eb
f0ac80ec
f0a680ed
f0a080ed
f09980ee
f09380ef
f08d80f0
f08780f0
f08180f1
f07a80f2
f07480f3
f06e80f3
f06880f4
f06180f5
f05b80f6
f05580f6
f04f80f7
f04880f8
f04280f9
f03c80fa
f03680fa
f02f80fb
f02980fc
f02380fd
f01d80fd
f01680fe
f01080ff
f00a8100
f0048101
effe8101
eff78102
eff18103
efeb8104
efe58104
efde8105
efd88106
efd28107
efcc8108
efc58108
efbf8109
efb9810a
efb3810b
efad810c
efa6810c
efa0810d
ef9a810e
ef94810f
ef8d8110
ef878110
ef818111
ef7b8112
ef748113
ef6e8114
ef688115
ef628115
ef5c8116
ef558117
ef4f8118
ef498119
ef438119
ef3c811a
ef36811b
ef30811c
ef2a811d
ef23811e
ef1d811e
ef17811f
ef118120
ef0b8121
ef048122
eefe8123
eef88123
eef28124
eeeb8125
eee58126
eedf8127
eed98128
eed38128
eecc8129
eec6812a
eec0812b
eeba812c
eeb3812d
eead812d
eea7812e
eea1812f
ee9a8130
ee948131
ee8e8132
ee888133
ee828133
ee7b8134
ee758135
ee6f8136
ee698137
ee628138
ee5c8139
ee56813a
ee50813a
ee4a813b
ee43813c
ee3d813d
ee37813e
ee31813f
ee2a8140
ee248140
ee1e8141
ee188142
ee128143
ee0b8144
ee058145
edff8146
edf98147
edf28148
edec8148
ede68149
ede0814a
edda814b
edd3814c
edcd814d
edc7814e
edc1814f
edba8150
edb48150
edae8151
eda88152
eda28153
ed9b8154
ed958155
ed8f8156
ed898157
ed838158
ed7c8159
ed76815a
ed70815a
ed6a815b
ed63815c
ed5d815d
ed57815e
ed51815f
ed4b8160
ed448161
ed3e8162
ed388163
ed328164
ed2c8165
ed258165
ed1f8166
ed198167
ed138168
ed0c8169
ed06816a
ed00816b
ecfa816c
ecf4816d
eced816e
ece7816f
ece18170
ecdb8171
ecd58172
ecce8173
ecc88173
ecc28174
ecbc8175
ecb58176
ecaf8177
eca98178
eca38179
ec9d817a
ec96817b
ec90817c
ec8a817d
ec84817e
ec7e817f
ec778180
ec718181
ec6b8182
ec658183
ec5f8184
ec588185
ec528186
ec4c8187
ec468188
ec3f8188
ec398189
ec33818a
ec2d818b
ec27818c
ec20818d
ec1a818e
ec14818f
ec0e8190
ec088191
ec018192
ebfb8193
ebf58194
ebef8195
ebe98196
ebe28197
ebdc8198
ebd68199
ebd0819a
ebca819b
ebc3819c
ebbd819d
ebb7819e
ebb1819f
ebab81a0
eba481a1
eb9e81a2
eb9881a3
eb9281a4
eb8c81a5
eb8581a6
eb7f81a7
eb7981a8
eb7381a9
eb6d81aa
eb6681ab
eb6081ac
eb5a81ad
eb5481ae
eb4e81af
eb4781b0
eb4181b1
eb3b81b2
eb3581b3
eb2f81b4
eb2881b5
eb2281b6
eb1c81b7
eb1681b8
eb1081b9
eb0981ba
eb0381bb
eafd81bd
eaf781be
eaf181bf
eaea81c0
eae481c1
eade81c2
ead881c3
ead281c4
eacb81c5
eac581c6
eabf81c7
eab981c8
eab381c9
eaac81ca
eaa681cb
eaa081cc
ea9a81cd
ea9481ce
ea8d81cf
ea8781d0
ea8181d1
ea7b81d2
ea7581d3
ea6e81d5
ea6881d6
ea6281d7
ea5c81d8
ea5681d9
ea4f81da
ea4981db
ea4381dc
ea3d81dd
ea3781de
ea3081df
ea2a81e0
ea2481e1
ea1e81e2
ea1881e3
ea1281e5
ea0b81e6
ea0581e7
e9ff81e8
e9f981e9
e9f381ea
e9ec81eb
e9e681ec
e9e081ed
e9da81ee
e9d481ef
e9cd81f0
e9c781f2
e9c181f3
e9bb81f4
e9b581f5
e9af81f6
e9a881f7
e9a281f8
e99c81f9
e99681fa
e99081fb
e98981fd
e98381fe
e97d81ff
e9778200
e9718201
e96a8202
e9648203
e95e8204
e9588205
e9528207
e94c8208
e9458209
e93f820a
e939820b
e933820c
e92d820d
e926820e
e920820f
e91a8211
e9148212
e90e8213
e9088214
e9018215
e8fb8216
e8f58217
e8ef8218
e8e9821a
e8e2821b
e8dc821c
e8d6821d
e8d0821e
e8ca821f
e8c48220
e8bd8222
e8b78223
e8b18224
e8ab8225
e8a58226
e89f8227
e8988228
e892822a
e88c822b
e886822c
e880822d
e879822e
e873822f
e86d8231
e8678232
e8618233
e85b8234
e8548235
e84e8236
e8488237
e8428239
e83c823a
e836823b
e82f823c
e829823d
e823823e
e81d8240
e8178241
e8108242
e80a8243
e8048244
e7fe8246
e7f88247
e7f28248
e7eb8249
e7e5824a
e7df824b
e7d9824d
e7d3824e
e7cd824f
e7c68250
e7c08251
e7ba8253
e7b48254
e7ae8255
e7a88256
e7a18257
e79b8259
e795825a
e78f825b
e789825c
e783825d
e77c825f
e7768260
e7708261
e76a8262
e7648263
e75e8265
e7578266
e7518267
e74b8268
e7458269
e73f826b
e739826c
e732826d
e72c826e
e7268270
e7208271
e71a8272
e7148273
e70d8274
e7078276
e7018277
e6fb8278
e6f58279
e6ef827b
e6e8827c
e6e2827d
e6dc827e
e6d6827f
e6d08281
e6ca8282
e6c48283
e6bd8284
e6b78286
e6b18287
e6ab8288
e6a58289
e69f828b
e698828c
e692828d
e68c828e
e6868290
e6808291
e67a8292
e6738293
e66d8295
e6678296
e6618297
e65b8298
e655829a
e64f829b
e648829c
e642829d
e63c829f
e63682a0
e63082a1
e62a82a3
e62382a4
e61d82a5
e61782a6
e61182a8
e60b82a9
e60582aa
e5ff82ab
e5f882ad
e5f282ae
e5ec82af
e5e682b1
e5e082b2
e5da82b3
e5d382b4
e5cd82b6
e5c782b7
e5c182b8
e5bb82ba
e5b582bb
e5af82bc
e5a882bd
e5a282bf
e59c82c0
e59682c1
e59082c3
e58a82c4
e58482c5
e57d82c6
e57782c8
e57182c9
e56b82ca
e56582cc
e55f82cd
e55882ce
e55282d0
e54c82d1
e54682d2
e54082d4
e53a82d5
e53482d6
e52d82d8
e52782d9
e52182da
e51b82db
e51582dd
e50f82de
e50982df
e50282e1
e4fc82e2
e4f682e3
e4f082e5
e4ea82e6
e4e482e7
e4de82e9
e4d782ea
e4d182eb
e4cb82ed
e4c582ee
e4bf82ef
e4b982f1
e4b382f2
e4ad82f3
e4a682f5
e4a082f6
e49a82f7
e49482f9
e48e82fa
e48882fb
e48282fd
e47b82fe
e4758300
e46f8301
e4698302
e4638304
e45d8305
e4578306
e4508308
e44a8309
e444830a
e43e830c
e438830d
e432830e
e42c8310
e4268311
e41f8313
e4198314
e4138315
e40d8317
e4078318
e4018319
e3fb831b
e3f4831c
e3ee831e
e3e8831f
e3e28320
e3dc8322
e3d68323
e3d08324
e3ca8326
e3c38327
e3bd8329
e3b7832a
e3b1832b
e3ab832d
e3a5832e
e39f8330
e3998331
e3928332
e38c8334
e3868335
e3808337
e37a8338
e3748339
e36e833b
e368833c
e361833e
e35b833f
e3558340
e34f8342
e3498343
e3438345
e33d8346
e3378347
e3308349
e32a834a
e324834c
e31e834d
e318834f
e3128350
e30c8351
e3068353
e2ff8354
e2f98356
e2f38357
e2ed8358
e2e7835a
e2e1835b
e2db835d
e2d5835e
e2cf8360
e2c88361
e2c28362
e2bc8364
e2b68365
e2b08367
e2aa8368
e2a4836a
e29e836b
e297836d
e291836e
e28b836f
e2858371
e27f8372
e2798374
e2738375
e26d8377
e2678378
e260837a
e25a837b
e254837d
e24e837e
e248837f
e2428381
e23c8382
e2368384
e2308385
e2298387
e2238388
e21d838a
e217838b
e211838d
e20b838e
e2058390
e1ff8391
e1f98392
e1f28394
e1ec8395
e1e68397
e1e08398
e1da839a
e1d4839b
e1ce839d
e1c8839e
e1c283a0
e1bc83a1
e1b583a3
e1af83a4
e1a983a6
e1a383a7
e19d83a9
e19783aa
e19183ac
e18b83ad
e18583af
e17e83b0
e17883b2
e17283b3
e16c83b5
e16683b6
e16083b8
e15a83b9
e15483bb
e14e83bc
e14883be
e14183bf
e13b83c1
e13583c2
e12f83c4
e12983c5
e12383c7
e11d83c8
e11783ca
e11183cb
e10b83cd
e10583ce
e0fe83d0
e0f883d1
e0f283d3
e0ec83d4
e0e683d6
e0e083d8
e0da83d9
e0d483db
e0ce83dc
e0c883de
e0c183df
e0bb83e1
e0b583e2
e0af83e4
e0a983e5
e0a383e7
e09d83e8
e09783ea
e09183ec
e08b83ed
e08583ef
e07e83f0
e07883f2
e07283f3
e06c83f5
e06683f6
e06083f8
e05a83f9
e05483fb
e04e83fd
e04883fe
e0428400
e03b8401
e0358403
e02f8404
e0298406
e0238407
e01d8409
e017840b
e011840c
e00b840e
e005840f
dfff8411
dff98412
dff28414
dfec8416
dfe68417
dfe08419
dfda841a
dfd4841c
dfce841d
dfc8841f
dfc28421
dfbc8422
dfb68424
dfb08425
dfa98427
dfa38429
df9d842a
df97842c
df91842d
df8b842f
df858431
df7f8432
df798434
df738435
df6d8437
df678439
df61843a
df5a843c
df54843d
df4e843f
df488441
df428442
df3c8444
df368445
df308447
df2a8449
df24844a
df1e844c
df18844d
df12844f
df0c8451
df058452
deff8454
def98456
def38457
deed8459
dee7845a
dee1845c
dedb845e
ded5845f
decf8461
dec98463
dec38464
debd8466
deb78467
deb08469
deaa846b
dea4846c
de9e846e
de988470
de928471
de8c8473
de868475
de808476
de7a8478
de748479
de6e847b
de68847d
de62847e
de5c8480
de568482
de4f8483
de498485
de438487
de3d8488
de37848a
de31848c
de2b848d
de25848f
de1f8491
de198492
de138494
de0d8496
de078497
de018499
ddfb849b
ddf5849c
ddef849e
dde884a0
dde284a1
dddc84a3
ddd684a5
ddd084a6
ddca84a8
ddc484aa
ddbe84ab
ddb884ad
ddb284af
ddac84b0
dda684b2
dda084b4
dd9a84b5
dd9484b7
dd8e84b9
dd8884bb
dd8284bc
dd7c84be
dd7584c0
dd6f84c1
dd6984c3
dd6384c5
dd5d84c6
dd5784c8
dd5184ca
dd4b84cc
dd4584cd
dd3f84cf
dd3984d1
dd3384d2
dd2d84d4
dd2784d6
dd2184d7
dd1b84d9
dd1584db
dd0f84dd
dd0984de
dd0384e0
dcfd84e2
dcf684e4
dcf084e5
dcea84e7
dce484e9
dcde84ea
dcd884ec
dcd284ee
dccc84f0
dcc684f1
dcc084f3
dcba84f5
dcb484f6
dcae84f8
dca884fa
dca284fc
dc9c84fd
dc9684ff
dc908501
dc8a8503
dc848504
dc7e8506
dc788508
dc72850a
dc6c850b
dc66850d
dc60850f
dc598511
dc538512
dc4d8514
dc478516
dc418518
dc3b8519
dc35851b
dc2f851d
dc29851f
dc238520
dc1d8522
dc178524
dc118526
dc0b8527
dc058529
dbff852b
dbf9852d
dbf3852f
dbed8530
dbe78532
dbe18534
dbdb8536
dbd58537
dbcf8539
dbc9853b
dbc3853d
dbbd853f
dbb78540
dbb18542
dbab8544
dba58546
db9f8547
db998549
db93854b
db8c854d
db86854f
db808550
db7a8552
db748554
db6e8556
db688558
db628559
db5c855b
db56855d
db50855f
db4a8561
db448562
db3e8564
db388566
db328568
db2c856a
db26856b
db20856d
db1a856f
db148571
db0e8573
db088574
db028576
dafc8578
daf6857a
daf0857c
daea857e
dae4857f
dade8581
dad88583
dad28585
dacc8587
dac68588
dac0858a
daba858c
dab4858e
daae8590
daa88592
daa28593
da9c8595
da968597
da908599
da8a859b
da84859d
da7e859e
da7885a0
da7285a2
da6c85a4
da6685a6
da6085a8
da5a85aa
da5485ab
da4e85ad
da4885af
da4285b1
da3c85b3
da3685b5
da3085b7
da2a85b8
da2485ba
da1e85bc
da1885be
da1285c0
da0c85c2
da0685c4
da0085c5
d9fa85c7
d9f485c9
d9ee85cb
d9e885cd
d9e285cf
d9dc85d1
d9d685d2
d9d085d4
d9ca85d6
d9c485d8
d9be85da
d9b885dc
d9b285de
d9ac85e0
d9a685e1
d9a085e3
d99a85e5
d99485e7
d98e85e9
d98885eb
d98285ed
d97c85ef
d97685f1
d97085f2
d96a85f4
d96485f6
d95e85f8
d95885fa
d95285fc
d94c85fe
d9468600
d9408602
d93a8604
d9348605
d92e8607
d9288609
d922860b
d91c860d
d916860f
d9108611
d90a8613
d9048615
d8fe8617
d8f88619
d8f2861a
d8ec861c
d8e6861e
d8e08620
d8da8622
d8d48624
d8ce8626
d8c88628
d8c2862a
d8bc862c
d8b6862e
d8b08630
d8aa8632
d8a48634
d89e8635
d8988637
d8928639
d88c863b
d886863d
d880863f
d87a8641
d8758643
d86f8645
d8698647
d8638649
d85d864b
d857864d
d851864f
d84b8651
d8458653
d83f8655
d8398656
d8338658
d82d865a
d827865c
d821865e
d81b8660
d8158662
d80f8664
d8098666
d8038668
d7fd866a
d7f7866c
d7f1866e
d7eb8670
d7e58672
d7df8674
d7d98676
d7d38678
d7cd867a
d7c7867c
d7c1867e
d7bb8680
d7b58682
d7b08684
d7aa8686
d7a48688
d79e868a
d798868c
d792868e
d78c8690
d7868692
d7808694
d77a8696
d7748698
d76e869a
d768869c
d762869e
d75c86a0
d75686a1
d75086a3
d74a86a5
d74486a7
d73e86a9
d73886ab
d73286ad
d72c86af
d72686b2
d72186b4
d71b86b6
d71586b8
d70f86ba
d70986bc
d70386be
d6fd86c0
d6f786c2
d6f186c4
d6eb86c6
d6e586c8
d6df86ca
d6d986cc
d6d386ce
d6cd86d0
d6c786d2
d6c186d4
d6bb86d6
d6b586d8
d6af86da
d6aa86dc
d6a486de
d69e86e0
d69886e2
d69286e4
d68c86e6
d68686e8
d68086ea
d67a86ec
d67486ee
d66e86f0
d66886f2
d66286f4
d65c86f6
d65686f8
d65086fa
d64a86fc
d64486ff
d63f8701
d6398703
d6338705
d62d8707
d6278709
d621870b
d61b870d
d615870f
d60f8711
d6098713
d6038715
d5fd8717
d5f78719
d5f1871b
d5eb871d
d5e5871f
d5e08722
d5da8724
d5d48726
d5ce8728
d5c8872a
d5c2872c
d5bc872e
d5b68730
d5b08732
d5aa8734
d5a48736
d59e8738
d598873a
d592873c
d58d873f
d5878741
d5818743
d57b8745
d5758747
d56f8749
d569874b
d563874d
d55d874f
d5578751
d5518753
d54b8756
d5458758
d53f875a
d53a875c
d534875e
d52e8760
d5288762
d5228764
d51c8766
d5168768
d510876b
d50a876d
d504876f
d4fe8771
d4f88773
d4f38775
d4ed8777
d4e78779
d4e1877b
d4db877e
d4d58780
d4cf8782
d4c98784
d4c38786
d4bd8788
d4b7878a
d4b1878c
d4ac878f
d4a68791
d4a08793
d49a8795
d4948797
d48e8799
d488879b
d482879d
d47c87a0
d47687a2
d47087a4
d46b87a6
d46587a8
d45f87aa
d45987ac
d45387af
d44d87b1
d44787b3
d44187b5
d43b87b7
d43587b9
d43087bb
d42a87be
d42487c0
d41e87c2
d41887c4
d41287c6
d40c87c8
d40687cb
d40087cd
d3fa87cf
d3f487d1
d3ef87d3
d3e987d5
d3e387d8
d3dd87da
d3d787dc
d3d187de
d3cb87e0
d3c587e2
d3bf87e5
d3ba87e7
d3b487e9
d3ae87eb
d3a887ed
d3a287ef
d39c87f2
d39687f4
d39087f6
d38a87f8
d38487fa
d37f87fd
d37987ff
d3738801
d36d8803
d3678805
d3618807
d35b880a
d355880c
d34f880e
d34a8810
d3448812
d33e8815
d3388817
d3328819
d32c881b
d326881d
d3208820
d31a8822
d3158824
d30f8826
d3098828
d303882b
d2fd882d
d2f7882f
d2f18831
d2eb8833
d2e68836
d2e08838
d2da883a
d2d4883c
d2ce883f
d2c88841
d2c28843
d2bc8845
d2b78847
d2b1884a
d2ab884c
d2a5884e
d29f8850
d2998853
d2938855
d28d8857
d2888859
d282885c
d27c885e
d2768860
d2708862
d26a8864
d2648867
d25e8869
d259886b
d253886d
d24d8870
d2478872
d2418874
d23b8876
d2358879
d22f887b
d22a887d
d224887f
d21e8882
d2188884
d2128886
d20c8888
d206888b
d201888d
d1fb888f
d1f58891
d1ef8894
d1e98896
d1e38898
d1dd889a
d1d8889d
d1d2889f
d1cc88a1
d1c688a4
d1c088a6
d1ba88a8
d1b488aa
d1af88ad
d1a988af
d1a388b1
d19d88b3
d19788b6
d19188b8
d18b88ba
d18688bd
d18088bf
d17a88c1
d17488c3
d16e88c6
d16888c8
d16288ca
d15d88cd
d15788cf
d15188d1
d14b88d3
d14588d6
d13f88d8
d13988da
d13488dd
d12e88df
d12888e1
d12288e4
d11c88e6
d11688e8
d11188ea
d10b88ed
d10588ef
d0ff88f1
d0f988f4
d0f388f6
d0ed88f8
d0e888fb
d0e288fd
d0dc88ff
d0d68902
d0d08904
d0ca8906
d0c58908
d0bf890b
d0b9890d
d0b3890f
d0ad8912
d0a78914
d0a28916
d09c8919
d096891b
d090891d
d08a8920
d0848922
d07f8924
d0798927
d0738929
d06d892b
d067892e
d0618930
d05c8932
d0568935
d0508937
d04a8939
d044893c
d03e893e
d0398940
d0338943
d02d8945
d0278947
d021894a
d01b894c
d016894f
d0108951
d00a8953
d0048956
cffe8958
cff8895a
cff3895d
cfed895f
cfe78961
cfe18964
cfdb8966
cfd68968
cfd0896b
cfca896d
cfc48970
cfbe8972
cfb88974
cfb38977
cfad8979
cfa7897b
cfa1897e
cf9b8980
cf958983
cf908985
cf8a8987
cf84898a
cf7e898c
cf78898e
cf738991
cf6d8993
cf678996
cf618998
cf5b899a
cf56899d
cf50899f
cf4a89a2
cf4489a4
cf3e89a6
cf3889a9
cf3389ab
cf2d89ae
cf2789b0
cf2189b2
cf1b89b5
cf1689b7
cf1089ba
cf0a89bc
cf0489be
cefe89c1
cef989c3
cef389c6
ceed89c8
cee789ca
cee189cd
cedc89cf
ced689d2
ced089d4
ceca89d6
cec489d9
cebf89db
ceb989de
ceb389e0
cead89e3
cea789e5
cea289e7
ce9c89ea
ce9689ec
ce9089ef
ce8a89f1
ce8589f3
ce7f89f6
ce7989f8
ce7389fb
ce6d89fd
ce688a00
ce628a02
ce5c8a05
ce568a07
ce508a09
ce4b8a0c
ce458a0e
ce3f8a11
ce398a13
ce348a16
ce2e8a18
ce288a1a
ce228a1d
ce1c8a1f
ce178a22
ce118a24
ce0b8a27
ce058a29
cdff8a2c
cdfa8a2e
cdf48a31
cdee8a33
cde88a35
cde38a38
cddd8a3a
cdd78a3d
cdd18a3f
cdcb8a42
cdc68a44
cdc08a47
cdba8a49
cdb48a4c
cdaf8a4e
cda98a51
cda38a53
cd9d8a56
cd978a58
cd928a5a
cd8c8a5d
cd868a5f
cd808a62
cd7b8a64
cd758a67
cd6f8a69
cd698a6c
cd638a6e
cd5e8a71
cd588a73
cd528a76
cd4c8a78
cd478a7b
cd418a7d
cd3b8a80
cd358a82
cd308a85
cd2a8a87
cd248a8a
cd1e8a8c
cd188a8f
cd138a91
cd0d8a94
cd078a96
cd018a99
ccfc8a9b
ccf68a9e
ccf08aa0
ccea8aa3
cce58aa5
ccdf8aa8
ccd98aaa
ccd38aad
ccce8aaf
ccc88ab2
ccc28ab4
ccbc8ab7
ccb78ab9
ccb18abc
ccab8abe
cca58ac1
cca08ac3
cc9a8ac6
cc948ac8
cc8e8acb
cc898ace
cc838ad0
cc7d8ad3
cc778ad5
cc728ad8
cc6c8ada
cc668add
cc608adf
cc5b8ae2
cc558ae4
cc4f8ae7
cc498ae9
cc448aec
cc3e8aee
cc388af1
cc328af4
cc2d8af6
cc278af9
cc218afb
cc1b8afe
cc168b00
cc108b03
cc0a8b05
cc048b08
cbff8b0a
cbf98b0d
cbf38b10
cbed8b12
cbe88b15
cbe28b17
cbdc8b1a
cbd68b1c
cbd18b1f
cbcb8b21
cbc58b24
cbbf8b27
cbba8b29
cbb48b2c
cbae8b2e
cba98b31
cba38b33
cb9d8b36
cb978b39
cb928b3b
cb8c8b3e
cb868b40
cb808b43
cb7b8b45
cb758b48
cb6f8b4b
cb698b4d
cb648b50
cb5e8b52
cb588b55
cb538b58
cb4d8b5a
cb478b5d
cb418b5f
cb3c8b62
cb368b64
cb308b67
cb2b8b6a
cb258b6c
cb1f8b6f
cb198b71
cb148b74
cb0e8b77
cb088b79
cb028b7c
cafd8b7e
caf78b81
caf18b84
caec8b86
cae68b89
cae08b8b
cada8b8e
cad58b91
cacf8b93
cac98b96
cac48b99
cabe8b9b
cab88b9e
cab28ba0
caad8ba3
caa78ba6
caa18ba8
ca9c8bab
ca968bad
ca908bb0
ca8a8bb3
ca858bb5
ca7f8bb8
ca798bbb
ca748bbd
ca6e8bc0
ca688bc2
ca638bc5
ca5d8bc8
ca578bca
ca518bcd
ca4c8bd0
ca468bd2
ca408bd5
ca3b8bd8
ca358bda
ca2f8bdd
ca298bdf
ca248be2
ca1e8be5
ca188be7
ca138bea
ca0d8bed
ca078bef
ca028bf2
c9fc8bf5
c9f68bf7
c9f18bfa
c9eb8bfd
c9e58bff
c9df8c02
c9da8c05
c9d48c07
c9ce8c0a
c9c98c0d
c9c38c0f
c9bd8c12
c9b88c15
c9b28c17
c9ac8c1a
c9a78c1d
c9a18c1f
c99b8c22
c9958c25
c9908c27
c98a8c2a
c9848c2d
c97f8c2f
c9798c32
c9738c35
c96e8c37
c9688c3a
c9628c3d
c95d8c3f
c9578c42
c9518c45
c94c8c47
c9468c4a
c9408c4d
c93b8c4f
c9358c52
c92f8c55
c9298c58
c9248c5a
c91e8c5d
c9188c60
c9138c62
c90d8c65
c9078c68
c9028c6a
c8fc8c6d
c8f68c70
c8f18c72
c8eb8c75
c8e58c78
c8e08c7b
c8da8c7d
c8d48c80
c8cf8c83
c8c98c85
c8c38c88
c8be8c8b
c8b88c8e
c8b28c90
c8ad8c93
c8a78c96
c8a18c98
c89c8c9b
c8968c9e
c8908ca1
c88b8ca3
c8858ca6
c87f8ca9
c87a8cab
c8748cae
c86e8cb1
c8698cb4
c8638cb6
c85d8cb9
c8588cbc
c8528cbf
c84c8cc1
c8478cc4
c8418cc7
c83b8cca
c8368ccc
c8308ccf
c82b8cd2
c8258cd4
c81f8cd7
c81a8cda
c8148cdd
c80e8cdf
c8098ce2
c8038ce5
c7fd8ce8
c7f88cea
c7f28ced
c7ec8cf0
c7e78cf3
c7e18cf5
c7db8cf8
c7d68cfb
c7d08cfe
c7ca8d01
c7c58d03
c7bf8d06
c7ba8d09
c7b48d0c
c7ae8d0e
c7a98d11
c7a38d14
c79d8d17
c7988d19
c7928d1c
c78c8d1f
c7878d22
c7818d24
c77c8d27
c7768d2a
c7708d2d
c76b8d30
c7658d32
c75f8d35
c75a8d38
c7548d3b
c74e8d3d
c7498d40
c7438d43
c73e8d46
c7388d49
c7328d4b
c72d8d4e
c7278d51
c7218d54
c71c8d57
c7168d59
c7108d5c
c70b8d5f
c7058d62
c7008d65
c6fa8d67
c6f48d6a
c6ef8d6d
c6e98d70
c6e38d73
c6de8d75
c6d88d78
c6d38d7b
c6cd8d7e
c6c78d81
c6c28d83
c6bc8d86
c6b78d89
c6b18d8c
c6ab8d8f
c6a68d91
c6a08d94
c69a8d97
c6958d9a
c68f8d9d
c68a8da0
c6848da2
c67e8da5
c6798da8
c6738dab
c66e8dae
c6688db0
c6628db3
c65d8db6
c6578db9
c6518dbc
c64c8dbf
c6468dc1
c6418dc4
c63b8dc7
c6358dca
c6308dcd
c62a8dd0
c6258dd2
c61f8dd5
c6198dd8
c6148ddb
c60e8dde
c6098de1
c6038de4
c5fd8de6
c5f88de9
c5f28dec
c5ed8def
c5e78df2
c5e18df5
c5dc8df7
c5d68dfa
c5d18dfd
c5cb8e00
c5c58e03
c5c08e06
c5ba8e09
c5b58e0b
c5af8e0e
c5a98e11
c5a48e14
c59e8e17
c5998e1a
c5938e1d
c58d8e20
c5888e22
c5828e25
c57d8e28
c5778e2b
c5728e2e
c56c8e31
c5668e34
c5618e37
c55b8e39
c5568e3c
c5508e3f
c54a8e42
c5458e45
c53f8e48
c53a8e4b
c5348e4e
c52f8e50
c5298e53
c5238e56
c51e8e59
c5188e5c
c5138e5f
c50d8e62
c5078e65
c5028e68
c4fc8e6b
c4f78e6d
c4f18e70
c4ec8e73
c4e68e76
c4e08e79
c4db8e7c
c4d58e7f
c4d08e82
c4ca8e85
c4c58e88
c4bf8e8a
c4b98e8d
c4b48e90
c4ae8e93
c4a98e96
c4a38e99
c49e8e9c
c4988e9f
c4938ea2
c48d8ea5
c4878ea8
c4828eab
c47c8ead
c4778eb0
c4718eb3
c46c8eb6
c4668eb9
c4608ebc
c45b8ebf
c4558ec2
c4508ec5
c44a8ec8
c4458ecb
c43f8ece
c43a8ed1
c4348ed3
c42e8ed6
c4298ed9
c4238edc
c41e8edf
c4188ee2
c4138ee5
c40d8ee8
c4088eeb
c4028eee
c3fc8ef1
c3f78ef4
c3f18ef7
c3ec8efa
c3e68efd
c3e18f00
c3db8f03
c3d68f06
c3d08f08
c3cb8f0b
c3c58f0e
c3bf8f11
c3ba8f14
c3b48f17
c3af8f1a
c3a98f1d
c3a48f20
c39e8f23
c3998f26
c3938f29
c38e8f2c
c3888f2f
c3828f32
c37d8f35
c3778f38
c3728f3b
c36c8f3e
c3678f41
c3618f44
c35c8f47
c3568f4a
c3518f4d
c34b8f50
c3468f53
c3408f56
c33b8f59
c3358f5c
c3308f5f
c32a8f62
c3248f65
c31f8f68
c3198f6b
c3148f6e
c30e8f71
c3098f74
c3038f77
c2fe8f7a
c2f88f7d
c2f38f80
c2ed8f83
c2e88f86
c2e28f89
c2dd8f8c
c2d78f8f
c2d28f92
c2cc8f95
c2c78f98
c2c18f9b
c2bc8f9e
c2b68fa1
c2b08fa4
c2ab8fa7
c2a58faa
c2a08fad
c29a8fb0
c2958fb3
c28f8fb6
c28a8fb9
c2848fbc
c27f8fbf
c2798fc2
c2748fc5
c26e8fc8
c2698fcb
c2638fce
c25e8fd1
c2588fd4
c2538fd7
c24d8fda
c2488fdd
c2428fe0
c23d8fe3
c2378fe6
c2328fe9
c22c8fec
c2278fef
c2218ff2
c21c8ff5
c2168ff8
c2118ffb
c20b8ffe
c2069001
c2009004
c1fb9007
c1f5900a
c1f0900e
c1ea9011
c1e59014
c1df9017
c1da901a
c1d4901d
c1cf9020
c1c99023
c1c49026
c1be9029
c1b9902c
c1b3902f
c1ae9032
c1a89035
c1a39038
c19d903b
c198903e
c1929041
c18d9045
c1889048
c182904b
c17d904e
c1779051
c1729054
c16c9057
c167905a
c161905d
c15c9060
c1569063
c1519066
c14b9069
c146906c
c1409070
c13b9073
c1359076
c1309079
c12a907c
c125907f
c11f9082
c11a9085
c1149088
c10f908b
c10a908e
c1049092
c0ff9095
c0f99098
c0f4909b
c0ee909e
c0e990a1
c0e390a4
c0de90a7
c0d890aa
c0d390ad
c0cd90b0
c0c890b4
c0c290b7
c0bd90ba
c0b890bd
c0b290c0
c0ad90c3
c0a790c6
c0a290c9
c09c90cc
c09790d0
c09190d3
c08c90d6
c08690d9
c08190dc
c07b90df
c07690e2
c07190e5
c06b90e8
c06690ec
c06090ef
c05b90f2
c05590f5
c05090f8
c04a90fb
c04590fe
c0409101
c03a9105
c0359108
c02f910b
c02a910e
c0249111
c01f9114
c0199117
c014911b
c00f911e
c0099121
c0049124
bffe9127
bff9912a
bff3912d
bfee9131
bfe89134
bfe39137
bfde913a
bfd8913d
bfd39140
bfcd9143
bfc89147
bfc2914a
bfbd914d
bfb89150
bfb29153
bfad9156
bfa7915a
bfa2915d
bf9c9160
bf979163
bf919166
bf8c9169
bf87916d
bf819170
bf7c9173
bf769176
bf719179
bf6b917c
bf669180
bf619183
bf5b9186
bf569189
bf50918c
bf4b918f
bf469193
bf409196
bf3b9199
bf35919c
bf30919f
bf2a91a2
bf2591a6
bf2091a9
bf1a91ac
bf1591af
bf0f91b2
bf0a91b6
bf0591b9
beff91bc
befa91bf
bef491c2
beef91c6
bee991c9
bee491cc
bedf91cf
bed991d2
bed491d6
bece91d9
bec991dc
bec491df
bebe91e2
beb991e6
beb391e9
beae91ec
bea991ef
bea391f2
be9e91f6
be9891f9
be9391fc
be8e91ff
be889202
be839206
be7d9209
be78920c
be73920f
be6d9212
be689216
be629219
be5d921c
be58921f
be529223
be4d9226
be479229
be42922c
be3d922f
be379233
be329236
be2c9239
be27923c
be229240
be1c9243
be179246
be129249
be0c924d
be079250
be019253
bdfc9256
bdf7925a
bdf1925d
bdec9260
bde69263
bde19267
bddc926a
bdd6926d
bdd19270
bdcc9274
bdc69277
bdc1927a
bdbb927d
bdb69281
bdb19284
bdab9287
bda6928a
bda1928e
bd9b9291
bd969294
bd909297
bd8b929b
bd86929e
bd8092a1
bd7b92a4
bd7692a8
bd7092ab
bd6b92ae
bd6692b1
bd6092b5
bd5b92b8
bd5592bb
bd5092bf
bd4b92c2
bd4592c5
bd4092c8
bd3b92cc
bd3592cf
bd3092d2
bd2b92d5
bd2592d9
bd2092dc
bd1a92df
bd1592e3
bd1092e6
bd0a92e9
bd0592ec
bd0092f0
bcfa92f3
bcf592f6
bcf092fa
bcea92fd
bce59300
bce09303
bcda9307
bcd5930a
bcd0930d
bcca9311
bcc59314
bcc09317
bcba931b
bcb5931e
bcaf9321
bcaa9324
bca59328
bc9f932b
bc9a932e
bc959332
bc8f9335
bc8a9338
bc85933c
bc7f933f
bc7a9342
bc759346
bc6f9349
bc6a934c
bc659350
bc5f9353
bc5a9356
bc55935a
bc4f935d
bc4a9360
bc459363
bc3f9367
bc3a936a
bc35936d
bc2f9371
bc2a9374
bc259377
bc1f937b
bc1a937e
bc159381
bc0f9385
bc0a9388
bc05938b
bbff938f
bbfa9392
bbf59395
bbef9399
bbea939c
bbe5939f
bbe093a3
bbda93a6
bbd593aa
bbd093ad
bbca93b0
bbc593b4
bbc093b7
bbba93ba
bbb593be
bbb093c1
bbaa93c4
bba593c8
bba093cb
bb9a93ce
bb9593d2
bb9093d5
bb8b93d8
bb8593dc
bb8093df
bb7b93e3
bb7593e6
bb7093e9
bb6b93ed
bb6593f0
bb6093f3
bb5b93f7
bb5593fa
bb5093fe
bb4b9401
bb469404
bb409408
bb3b940b
bb36940e
bb309412
bb2b9415
bb269419
bb20941c
bb1b941f
bb169423
bb119426
bb0b9429
bb06942d
bb019430
bafb9434
baf69437
baf1943a
baec943e
bae69441
bae19445
badc9448
bad6944b
bad1944f
bacc9452
bac79456
bac19459
babc945c
bab79460
bab19463
baac9467
baa7946a
baa2946d
ba9c9471
ba979474
ba929478
ba8c947b
ba87947e
ba829482
ba7d9485
ba779489
ba72948c
ba6d948f
ba679493
ba629496
ba5d949a
ba58949d
ba5294a1
ba4d94a4
ba4894a7
ba4394ab
ba3d94ae
ba3894b2
ba3394b5
ba2e94b8
ba2894bc
ba2394bf
ba1e94c3
ba1894c6
ba1394ca
ba0e94cd
ba0994d0
ba0394d4
b9fe94d7
b9f994db
b9f494de
b9ee94e2
b9e994e5
b9e494e9
b9df94ec
b9d994ef
b9d494f3
b9cf94f6
b9ca94fa
b9c494fd
b9bf9501
b9ba9504
b9b59508
b9af950b
b9aa950e
b9a59512
b9a09515
b99a9519
b995951c
b9909520
b98b9523
b9859527
b980952a
b97b952e
b9769531
b9709535
b96b9538
b966953b
b961953f
b95b9542
b9569546
b9519549
b94c954d
b9469550
b9419554
b93c9557
b937955b
b932955e
b92c9562
b9279565
b9229569
b91d956c
b9179570
b9129573
b90d9577
b908957a
b902957d
b8fd9581
b8f89584
b8f39588
b8ee958b
b8e8958f
b8e39592
b8de9596
b8d99599
b8d3959d
b8ce95a0
b8c995a4
b8c495a7
b8bf95ab
b8b995ae
b8b495b2
b8af95b5
b8aa95b9
b8a495bc
b89f95c0
b89a95c3
b89595c7
b89095ca
b88a95ce
b88595d1
b88095d5
b87b95d8
b87695dc
b87095df
b86b95e3
b86695e6
b86195ea
b85b95ee
b85695f1
b85195f5
b84c95f8
b84795fc
b84195ff
b83c9603
b8379606
b832960a
b82d960d
b8279611
b8229614
b81d9618
b818961b
b813961f
b80d9622
b8089626
b8039629
b7fe962d
b7f99630
b7f39634
b7ee9638
b7e9963b
b7e4963f
b7df9642
b7da9646
b7d49649
b7cf964d
b7ca9650
b7c59654
b7c09657
b7ba965b
b7b5965f
b7b09662
b7ab9666
b7a69669
b7a0966d
b79b9670
b7969674
b7919677
b78c967b
b787967f
b7819682
b77c9686
b7779689
b772968d
b76d9690
b7679694
b7629697
b75d969b
b758969f
b75396a2
b74e96a6
b74896a9
b74396ad
b73e96b0
b73996b4
b73496b8
b72f96bb
b72996bf
b72496c2
b71f96c6
b71a96c9
b71596cd
b71096d1
b70a96d4
b70596d8
b70096db
b6fb96df
b6f696e3
b6f196e6
b6eb96ea
b6e696ed
b6e196f1
b6dc96f4
b6d796f8
b6d296fc
b6cd96ff
b6c79703
b6c29706
b6bd970a
b6b8970e
b6b39711
b6ae9715
b6a89718
b6a3971c
b69e9720
b6999723
b6949727
b68f972a
b68a972e
b6849732
b67f9735
b67a9739
b675973c
b6709740
b66b9744
b6669747
b660974b
b65b974f
b6569752
b6519756
b64c9759
b647975d
b6429761
b63d9764
b6379768
b632976b
b62d976f
b6289773
b6239776
b61e977a
b619977e
b6139781
b60e9785
b6099788
b604978c
b5ff9790
b5fa9793
b5f59797
b5f0979b
b5ea979e
b5e597a2
b5e097a6
b5db97a9
b5d697ad
b5d197b0
b5cc97b4
b5c797b8
b5c197bb
b5bc97bf
b5b797c3
b5b297c6
b5ad97ca
b5a897ce
b5a397d1
b59e97d5
b59997d9
b59397dc
b58e97e0
b58997e4
b58497e7
b57f97eb
b57a97ef
b57597f2
b57097f6
b56b97fa
b56597fd
b5609801
b55b9805
b5569808
b551980c
b54c9810
b5479813
b5429817
b53d981b
b538981e
b5329822
b52d9826
b5289829
b523982d
b51e9831
b5199834
b5149838
b50f983c
b50a983f
b5059843
b4ff9847
b4fa984a
b4f5984e
b4f09852
b4eb9855
b4e69859
b4e1985d
b4dc9860
b4d79864
b4d29868
b4cd986b
b4c8986f
b4c29873
b4bd9877
b4b8987a
b4b3987e
b4ae9882
b4a99885
b4a49889
b49f988d
b49a9890
b4959894
b4909898
b48b989c
b485989f
b48098a3
b47b98a7
b47698aa
b47198ae
b46c98b2
b46798b6
b46298b9
b45d98bd
b45898c1
b45398c4
b44e98c8
b44998cc
b44498d0
b43f98d3
b43998d7
b43498db
b42f98de
b42a98e2
b42598e6
b42098ea
b41b98ed
b41698f1
b41198f5
b40c98f8
b40798fc
b4029900
b3fd9904
b3f89907
b3f3990b
b3ee990f
b3e99913
b3e39916
b3de991a
b3d9991e
b3d49922
b3cf9925
b3ca9929
b3c5992d
b3c09930
b3bb9934
b3b69938
b3b1993c
b3ac993f
b3a79943
b3a29947
b39d994b
b398994e
b3939952
b38e9956
b389995a
b384995d
b37f9961
b37a9965
b3759969
b36f996d
b36a9970
b3659974
b3609978
b35b997c
b356997f
b3519983
b34c9987
b347998b
b342998e
b33d9992
b3389996
b333999a
b32e999d
b32999a1
b32499a5
b31f99a9
b31a99ad
b31599b0
b31099b4
b30b99b8
b30699bc
b30199bf
b2fc99c3
b2f799c7
b2f299cb
b2ed99cf
b2e899d2
b2e399d6
b2de99da
b2d999de
b2d499e1
b2cf99e5
b2ca99e9
b2c599ed
b2c099f1
b2bb99f4
b2b699f8
b2b199fc
b2ac9a00
b2a79a04
b2a29a07
b29d9a0b
b2989a0f
b2939a13
b28e9a17
b2899a1a
b2849a1e
b27f9a22
b27a9a26
b2759a2a
b2709a2d
b26b9a31
b2669a35
b2619a39
b25c9a3d
b2579a40
b2529a44
b24d9a48
b2489a4c
b2439a50
b23e9a54
b2399a57
b2349a5b
b22f9a5f
b22a9a63
b2259a67
b2209a6a
b21b9a6e
b2169a72
b2119a76
b20c9a7a
b2079a7e
b2029a81
b1fd9a85
b1f89a89
b1f39a8d
b1ee9a91
b1e99a95
b1e49a98
b1df9a9c
b1da9aa0
b1d59aa4
b1d09aa8
b1cb9aac
b1c69aaf
b1c19ab3
b1bc9ab7
b1b79abb
b1b29abf
b1ad9ac3
b1a89ac6
b1a39aca
b19e9ace
b1999ad2
b1949ad6
b18f9ada
b18a9ade
b1869ae1
b1819ae5
b17c9ae9
b1779aed
b1729af1
b16d9af5
b1689af9
b1639afc
b15e9b00
b1599b04
b1549b08
b14f9b0c
b14a9b10
b1459b14
b1409b17
b13b9b1b
b1369b1f
b1319b23
b12c9b27
b1279b2b
b1229b2f
b11d9b33
b1189b36
b1149b3a
b10f9b3e
b10a9b42
b1059b46
b1009b4a
b0fb9b4e
b0f69b52
b0f19b55
b0ec9b59
b0e79b5d
b0e29b61
b0dd9b65
b0d89b69
b0d39b6d
b0ce9b71
b0c99b75
b0c49b78
b0c09b7c
b0bb9b80
b0b69b84
b0b19b88
b0ac9b8c
b0a79b90
b0a29b94
b09d9b98
b0989b9b
b0939b9f
b08e9ba3
b0899ba7
b0849bab
b07f9baf
b07b9bb3
b0769bb7
b0719bbb
b06c9bbf
b0679bc2
b0629bc6
b05d9bca
b0589bce
b0539bd2
b04e9bd6
b0499bda
b0449bde
b0409be2
b03b9be6
b0369bea
b0319bee
b02c9bf1
b0279bf5
b0229bf9
b01d9bfd
b0189c01
b0139c05
b00e9c09
b00a9c0d
b0059c11
b0009c15
affb9c19
aff69c1d
aff19c21
afec9c24
afe79c28
afe29c2c
afdd9c30
afd89c34
afd49c38
afcf9c3c
afca9c40
afc59c44
afc09c48
afbb9c4c
afb69c50
afb19c54
afac9c58
afa89c5c
afa39c60
af9e9c63
af999c67
af949c6b
af8f9c6f
af8a9c73
af859c77
af809c7b
af7c9c7f
af779c83
af729c87
af6d9c8b
af689c8f
af639c93
af5e9c97
af599c9b
af549c9f
af509ca3
af4b9ca7
af469cab
af419caf
af3c9cb3
af379cb7
af329cba
af2d9cbe
af299cc2
af249cc6
af1f9cca
af1a9cce
af159cd2
af109cd6
af0b9cda
af079cde
af029ce2
aefd9ce6
aef89cea
aef39cee
aeee9cf2
aee99cf6
aee49cfa
aee09cfe
aedb9d02
aed69d06
aed19d0a
aecc9d0e
aec79d12
aec29d16
aebe9d1a
aeb99d1e
aeb49d22
aeaf9d26
aeaa9d2a
aea59d2e
aea19d32
ae9c9d36
ae979d3a
ae929d3e
ae8d9d42
ae889d46
ae839d4a
ae7f9d4e
ae7a9d52
ae759d56
ae709d5a
ae6b9d5e
ae669d62
ae629d66
ae5d9d6a
ae589d6e
ae539d72
ae4e9d76
ae499d7a
ae459d7e
ae409d82
ae3b9d86
ae369d8a
ae319d8e
ae2c9d92
ae289d96
ae239d9a
ae1e9d9e
ae199da2
ae149da6
ae0f9daa
ae0b9dae
ae069db2
ae019db6
adfc9dba
adf79dbe
adf29dc2
adee9dc6
ade99dca
ade49dce
addf9dd2
adda9dd6
add59dda
add19ddf
adcc9de3
adc79de7
adc29deb
adbd9def
adb99df3
adb49df7
adaf9dfb
adaa9dff
ada59e03
ada19e07
ad9c9e0b
ad979e0f
ad929e13
ad8d9e17
ad899e1b
ad849e1f
ad7f9e23
ad7a9e27
ad759e2b
ad709e2f
ad6c9e33
ad679e37
ad629e3c
ad5d9e40
ad589e44
ad549e48
ad4f9e4c
ad4a9e50
ad459e54
ad419e58
ad3c9e5c
ad379e60
ad329e64
ad2d9e68
ad299e6c
ad249e70
ad1f9e74
ad1a9e78
ad159e7d
ad119e81
ad0c9e85
ad079e89
ad029e8d
acfd9e91
acf99e95
acf49e99
acef9e9d
acea9ea1
ace69ea5
ace19ea9
acdc9ead
acd79eb2
acd29eb6
acce9eba
acc99ebe
acc49ec2
acbf9ec6
acbb9eca
acb69ece
acb19ed2
acac9ed6
aca89eda
aca39edf
ac9e9ee3
ac999ee7
ac949eeb
ac909eef
ac8b9ef3
ac869ef7
ac819efb
ac7d9eff
ac789f03
ac739f07
ac6e9f0c
ac6a9f10
ac659f14
ac609f18
ac5b9f1c
ac579f20
ac529f24
ac4d9f28
ac489f2c
ac449f31
ac3f9f35
ac3a9f39
ac359f3d
ac319f41
ac2c9f45
ac279f49
ac229f4d
ac1e9f51
ac199f56
ac149f5a
ac0f9f5e
ac0b9f62
ac069f66
ac019f6a
abfc9f6e
abf89f72
abf39f77
abee9f7b
abe99f7f
abe59f83
abe09f87
abdb9f8b
abd69f8f
abd29f93
abcd9f98
abc89f9c
abc49fa0
abbf9fa4
abba9fa8
abb59fac
abb19fb0
abac9fb5
aba79fb9
aba29fbd
ab9e9fc1
ab999fc5
ab949fc9
ab909fcd
ab8b9fd2
ab869fd6
ab819fda
ab7d9fde
ab789fe2
ab739fe6
ab6f9fea
ab6a9fef
ab659ff3
ab609ff7
ab5c9ffb
ab579fff
ab52a003
ab4ea007
ab49a00c
ab44a010
ab3fa014
ab3ba018
ab36a01c
ab31a020
ab2da025
ab28a029
ab23a02d
ab1ea031
ab1aa035
ab15a039
ab10a03e
ab0ca042
ab07a046
ab02a04a
aafea04e
aaf9a052
aaf4a057
aaefa05b
aaeba05f
aae6a063
aae1a067
aadda06c
aad8a070
aad3a074
aacfa078
aacaa07c
aac5a080
aac1a085
aabca089
aab7a08d
aab2a091
aaaea095
aaa9a09a
aaa4a09e
aaa0a0a2
aa9ba0a6
aa96a0aa
aa92a0af
aa8da0b3
aa88a0b7
aa84a0bb
aa7fa0bf
aa7aa0c4
aa76a0c8
aa71a0cc
aa6ca0d0
aa68a0d4
aa63a0d9
aa5ea0dd
aa5aa0e1
aa55a0e5
aa50a0e9
aa4ca0ee
aa47a0f2
aa42a0f6
aa3ea0fa
aa39a0fe
aa34a103
aa30a107
aa2ba10b
aa26a10f
aa22a113
aa1da118
aa18a11c
aa14a120
aa0fa124
aa0aa129
aa06a12d
aa01a131
a9fca135
a9f8a139
a9f3a13e
a9eea142
a9eaa146
a9e5a14a
a9e0a14f
a9dca153
a9d7a157
a9d3a15b
a9cea15f
a9c9a164
a9c5a168
a9c0a16c
a9bba170
a9b7a175
a9b2a179
a9ada17d
a9a9a181
a9a4a186
a99fa18a
a99ba18e
a996a192
a992a197
a98da19b
a988a19f
a984a1a3
a97fa1a8
a97aa1ac
a976a1b0
a971a1b4
a96da1b8
a968a1bd
a963a1c1
a95fa1c5
a95aa1c9
a955a1ce
a951a1d2
a94ca1d6
a948a1db
a943a1df
a93ea1e3
a93aa1e7
a935a1ec
a930a1f0
a92ca1f4
a927a1f8
a923a1fd
a91ea201
a919a205
a915a209
a910a20e
a90ca212
a907a216
a902a21a
a8fea21f
a8f9a223
a8f4a227
a8f0a22c
a8eba230
a8e7a234
a8e2a238
a8dda23d
a8d9a241
a8d4a245
a8d0a249
a8cba24e
a8c6a252
a8c2a256
a8bda25b
a8b9a25f
a8b4a263
a8afa267
a8aba26c
a8a6a270
a8a2a274
a89da279
a899a27d
a894a281
a88fa286
a88ba28a
a886a28e
a882a292
a87da297
a878a29b
a874a29f
a86fa2a4
a86ba2a8
a866a2ac
a861a2b0
a85da2b5
a858a2b9
a854a2bd
a84fa2c2
a84ba2c6
a846a2ca
a841a2cf
a83da2d3
a838a2d7
a834a2dc
a82fa2e0
a82ba2e4
a826a2e8
a821a2ed
a81da2f1
a818a2f5
a814a2fa
a80fa2fe
a80ba302
a806a307
a801a30b
a7fda30f
a7f8a314
a7f4a318
a7efa31c
a7eba321
a7e6a325
a7e2a329
a7dda32e
a7d8a332
a7d4a336
a7cfa33b
a7cba33f
a7c6a343
a7c2a348
a7bda34c
a7b9a350
a7b4a355
a7afa359
a7aba35d
a7a6a362
a7a2a366
a79da36a
a799a36f
a794a373
a790a377
a78ba37c
a787a380
a782a384
a77ea389
a779a38d
a774a391
a770a396
a76ba39a
a767a39e
a762a3a3
a75ea3a7
a759a3ab
a755a3b0
a750a3b4
a74ca3b8
a747a3bd
a743a3c1
a73ea3c6
a73aa3ca
a735a3ce
a730a3d3
a72ca3d7
a727a3db
a723a3e0
a71ea3e4
a71aa3e8
a715a3ed
a711a3f1
a70ca3f6
a708a3fa
a703a3fe
a6ffa403
a6faa407
a6f6a40b
a6f1a410
a6eda414
a6e8a418
a6e4a41d
a6dfa421
a6dba426
a6d6a42a
a6d2a42e
a6cda433
a6c9a437
a6c4a43b
a6c0a440
a6bba444
a6b7a449
a6b2a44d
a6aea451
a6a9a456
a6a5a45a
a6a0a45f
a69ca463
a697a467
a693a46c
a68ea470
a68aa474
a685a479
a681a47d
a67ca482
a678a486
a673a48a
a66fa48f
a66aa493
a666a498
a661a49c
a65da4a0
a658a4a5
a654a4a9
a64fa4ae
a64ba4b2
a646a4b6
a642a4bb
a63da4bf
a639a4c4
a634a4c8
a630a4cc
a62ba4d1
a627a4d5
a622a4da
a61ea4de
a61aa4e3
a615a4e7
a611a4eb
a60ca4f0
a608a4f4
a603a4f9
a5ffa4fd
a5faa501
a5f6a506
a5f1a50a
a5eda50f
a5e8a513
a5e4a518
a5dfa51c
a5dba520
a5d7a525
a5d2a529
a5cea52e
a5c9a532
a5c5a537
a5c0a53b
a5bca53f
a5b7a544
a5b3a548
a5aea54d
a5aaa551
a5a6a556
a5a1a55a
a59da55e
a598a563
a594a567
a58fa56c
a58ba570
a586a575
a582a579
a57ea57e
a579a582
a575a586
a570a58b
a56ca58f
a567a594
a563a598
a55ea59d
a55aa5a1
a556a5a6
a551a5aa
a54da5ae
a548a5b3
a544a5b7
a53fa5bc
a53ba5c0
a537a5c5
a532a5c9
a52ea5ce
a529a5d2
a525a5d7
a520a5db
a51ca5df
a518a5e4
a513a5e8
a50fa5ed
a50aa5f1
a506a5f6
a501a5fa
a4fda5ff
a4f9a603
a4f4a608
a4f0a60c
a4eba611
a4e7a615
a4e3a61a
a4dea61e
a4daa622
a4d5a627
a4d1a62b
a4cca630
a4c8a634
a4c4a639
a4bfa63d
a4bba642
a4b6a646
a4b2a64b
a4aea64f
a4a9a654
a4a5a658
a4a0a65d
a49ca661
a498a666
a493a66a
a48fa66f
a48aa673
a486a678
a482a67c
a47da681
a479a685
a474a68a
a470a68e
a46ca693
a467a697
a463a69c
a45fa6a0
a45aa6a5
a456a6a9
a451a6ae
a44da6b2
a449a6b7
a444a6bb
a440a6c0
a43ba6c4
a437a6c9
a433a6cd
a42ea6d2
a42aa6d6
a426a6db
a421a6df
a41da6e4
a418a6e8
a414a6ed
a410a6f1
a40ba6f6
a407a6fa
a403a6ff
a3fea703
a3faa708
a3f6a70c
a3f1a711
a3eda715
a3e8a71a
a3e4a71e
a3e0a723
a3dba727
a3d7a72c
a3d3a730
a3cea735
a3caa73a
a3c6a73e
a3c1a743
a3bda747
a3b8a74c
a3b4a750
a3b0a755
a3aba759
a3a7a75e
a3a3a762
a39ea767
a39aa76b
a396a770
a391a774
a38da779
a389a77e
a384a782
a380a787
a37ca78b
a377a790
a373a794
a36fa799
a36aa79d
a366a7a2
a362a7a6
a35da7ab
a359a7af
a355a7b4
a350a7b9
a34ca7bd
a348a7c2
a343a7c6
a33fa7cb
a33ba7cf
a336a7d4
a332a7d8
a32ea7dd
a329a7e2
a325a7e6
a321a7eb
a31ca7ef
a318a7f4
a314a7f8
a30fa7fd
a30ba801
a307a806
a302a80b
a2fea80f
a2faa814
a2f5a818
a2f1a81d
a2eda821
a2e8a826
a2e4a82b
a2e0a82f
a2dca834
a2d7a838
a2d3a83d
a2cfa841
a2caa846
a2c6a84b
a2c2a84f
a2bda854
a2b9a858
a2b5a85d
a2b0a861
a2aca866
a2a8a86b
a2a4a86f
a29fa874
a29ba878
a297a87d
a292a882
a28ea886
a28aa88b
a286a88f
a281a894
a27da899
a279a89d
a274a8a2
a270a8a6
a26ca8ab
a267a8af
a263a8b4
a25fa8b9
a25ba8bd
a256a8c2
a252a8c6
a24ea8cb
a249a8d0
a245a8d4
a241a8d9
a23da8dd
a238a8e2
a234a8e7
a230a8eb
a22ca8f0
a227a8f4
a223a8f9
a21fa8fe
a21aa902
a216a907
a212a90c
a20ea910
a209a915
a205a919
a201a91e
a1fda923
a1f8a927
a1f4a92c
a1f0a930
a1eca935
a1e7a93a
a1e3a93e
a1dfa943
a1dba948
a1d6a94c
a1d2a951
a1cea955
a1c9a95a
a1c5a95f
a1c1a963
a1bda968
a1b8a96d
a1b4a971
a1b0a976
a1aca97a
a1a8a97f
a1a3a984
a19fa988
a19ba98d
a197a992
a192a996
a18ea99b
a18aa99f
a186a9a4
a181a9a9
a17da9ad
a179a9b2
a175a9b7
a170a9bb
a16ca9c0
a168a9c5
a164a9c9
a15fa9ce
a15ba9d3
a157a9d7
a153a9dc
a14fa9e0
a14aa9e5
a146a9ea
a142a9ee
a13ea9f3
a139a9f8
a135a9fc
a131aa01
a12daa06
a129aa0a
a124aa0f
a120aa14
a11caa18
a118aa1d
a113aa22
a10faa26
a10baa2b
a107aa30
a103aa34
a0feaa39
a0faaa3e
a0f6aa42
a0f2aa47
a0eeaa4c
a0e9aa50
a0e5aa55
a0e1aa5a
a0ddaa5e
a0d9aa63
a0d4aa68
a0d0aa6c
a0ccaa71
a0c8aa76
a0c4aa7a
a0bfaa7f
a0bbaa84
a0b7aa88
a0b3aa8d
a0afaa92
a0aaaa96
a0a6aa9b
a0a2aaa0
a09eaaa4
a09aaaa9
a095aaae
a091aab2
a08daab7
a089aabc
a085aac1
a080aac5
a07caaca
a078aacf
a074aad3
a070aad8
a06caadd
a067aae1
a063aae6
a05faaeb
a05baaef
a057aaf4
a052aaf9
a04eaafe
a04aab02
a046ab07
a042ab0c
a03eab10
a039ab15
a035ab1a
a031ab1e
a02dab23
a029ab28
a025ab2d
a020ab31
a01cab36
a018ab3b
a014ab3f
a010ab44
a00cab49
a007ab4e
a003ab52
9fffab57
9ffbab5c
9ff7ab60
9ff3ab65
9fefab6a
9feaab6f
9fe6ab73
9fe2ab78
9fdeab7d
9fdaab81
9fd6ab86
9fd2ab8b
9fcdab90
9fc9ab94
9fc5ab99
9fc1ab9e
9fbdaba2
9fb9aba7
9fb5abac
9fb0abb1
9facabb5
9fa8abba
9fa4abbf
9fa0abc4
9f9cabc8
9f98abcd
9f93abd2
9f8fabd6
9f8babdb
9f87abe0
9f83abe5
9f7fabe9
9f7babee
9f77abf3
9f72abf8
9f6eabfc
9f6aac01
9f66ac06
9f62ac0b
9f5eac0f
9f5aac14
9f56ac19
9f51ac1e
9f4dac22
9f49ac27
9f45ac2c
9f41ac31
9f3dac35
9f39ac3a
9f35ac3f
9f31ac44
9f2cac48
9f28ac4d
9f24ac52
9f20ac57
9f1cac5b
9f18ac60
9f14ac65
9f10ac6a
9f0cac6e
9f07ac73
9f03ac78
9effac7d
9efbac81
9ef7ac86
9ef3ac8b
9eefac90
9eebac94
9ee7ac99
9ee3ac9e
9edfaca3
9edaaca8
9ed6acac
9ed2acb1
9eceacb6
9ecaacbb
9ec6acbf
9ec2acc4
9ebeacc9
9ebaacce
9eb6acd2
9eb2acd7
9eadacdc
9ea9ace1
9ea5ace6
9ea1acea
9e9dacef
9e99acf4
9e95acf9
9e91acfd
9e8dad02
9e89ad07
9e85ad0c
9e81ad11
9e7dad15
9e78ad1a
9e74ad1f
9e70ad24
9e6cad29
9e68ad2d
9e64ad32
9e60ad37
9e5cad3c
9e58ad41
9e54ad45
9e50ad4a
9e4cad4f
9e48ad54
9e44ad58
9e40ad5d
9e3cad62
9e37ad67
9e33ad6c
9e2fad70
9e2bad75
9e27ad7a
9e23ad7f
9e1fad84
9e1bad89
9e17ad8d
9e13ad92
9e0fad97
9e0bad9c
9e07ada1
9e03ada5
9dffadaa
9dfbadaf
9df7adb4
9df3adb9
9defadbd
9debadc2
9de7adc7
9de3adcc
9ddfadd1
9ddaadd5
9dd6adda
9dd2addf
9dceade4
9dcaade9
9dc6adee
9dc2adf2
9dbeadf7
9dbaadfc
9db6ae01
9db2ae06
9daeae0b
9daaae0f
9da6ae14
9da2ae19
9d9eae1e
9d9aae23
9d96ae28
9d92ae2c
9d8eae31
9d8aae36
9d86ae3b
9d82ae40
9d7eae45
9d7aae49
9d76ae4e
9d72ae53
9d6eae58
9d6aae5d
9d66ae62
9d62ae66
9d5eae6b
9d5aae70
9d56ae75
9d52ae7a
9d4eae7f
9d4aae83
9d46ae88
9d42ae8d
9d3eae92
9d3aae97
9d36ae9c
9d32aea1
9d2eaea5
9d2aaeaa
9d26aeaf
9d22aeb4
9d1eaeb9
9d1aaebe
9d16aec2
9d12aec7
9d0eaecc
9d0aaed1
9d06aed6
9d02aedb
9cfeaee0
9cfaaee4
9cf6aee9
9cf2aeee
9ceeaef3
9ceaaef8
9ce6aefd
9ce2af02
9cdeaf07
9cdaaf0b
9cd6af10
9cd2af15
9cceaf1a
9ccaaf1f
9cc6af24
9cc2af29
9cbeaf2d
9cbaaf32
9cb7af37
9cb3af3c
9cafaf41
9cabaf46
9ca7af4b
9ca3af50
9c9faf54
9c9baf59
9c97af5e
9c93af63
9c8faf68
9c8baf6d
9c87af72
9c83af77
9c7faf7c
9c7baf80
9c77af85
9c73af8a
9c6faf8f
9c6baf94
9c67af99
9c63af9e
9c60afa3
9c5cafa8
9c58afac
9c54afb1
9c50afb6
9c4cafbb
9c48afc0
9c44afc5
9c40afca
9c3cafcf
9c38afd4
9c34afd8
9c30afdd
9c2cafe2
9c28afe7
9c24afec
9c21aff1
9c1daff6
9c19affb
9c15b000
9c11b005
9c0db00a
9c09b00e
9c05b013
9c01b018
9bfdb01d
9bf9b022
9bf5b027
9bf1b02c
9beeb031
9beab036
9be6b03b
9be2b040
9bdeb044
9bdab049
9bd6b04e
9bd2b053
9bceb058
9bcab05d
9bc6b062
9bc2b067
9bbfb06c
9bbbb071
9bb7b076
9bb3b07b
9bafb07f
9babb084
9ba7b089
9ba3b08e
9b9fb093
9b9bb098
9b98b09d
9b94b0a2
9b90b0a7
9b8cb0ac
9b88b0b1
9b84b0b6
9b80b0bb
9b7cb0c0
9b78b0c4
9b75b0c9
9b71b0ce
9b6db0d3
9b69b0d8
9b65b0dd
9b61b0e2
9b5db0e7
9b59b0ec
9b55b0f1
9b52b0f6
9b4eb0fb
9b4ab100
9b46b105
9b42b10a
9b3eb10f
9b3ab114
9b36b118
9b33b11d
9b2fb122
9b2bb127
9b27b12c
9b23b131
9b1fb136
9b1bb13b
9b17b140
9b14b145
9b10b14a
9b0cb14f
9b08b154
9b04b159
9b00b15e
9afcb163
9af9b168
9af5b16d
9af1b172
9aedb177
9ae9b17c
9ae5b181
9ae1b186
9adeb18a
9adab18f
9ad6b194
9ad2b199
9aceb19e
9acab1a3
9ac6b1a8
9ac3b1ad
9abfb1b2
9abbb1b7
9ab7b1bc
9ab3b1c1
9aafb1c6
9aacb1cb
9aa8b1d0
9aa4b1d5
9aa0b1da
9a9cb1df
9a98b1e4
9a95b1e9
9a91b1ee
9a8db1f3
9a89b1f8
9a85b1fd
9a81b202
9a7eb207
9a7ab20c
9a76b211
9a72b216
9a6eb21b
9a6ab220
9a67b225
9a63b22a
9a5fb22f
9a5bb234
9a57b239
9a54b23e
9a50b243
9a4cb248
9a48b24d
9a44b252
9a40b257
9a3db25c
9a39b261
9a35b266
9a31b26b
9a2db270
9a2ab275
9a26b27a
9a22b27f
9a1eb284
9a1ab289
9a17b28e
9a13b293
9a0fb298
9a0bb29d
9a07b2a2
9a04b2a7
9a00b2ac
99fcb2b1
99f8b2b6
99f4b2bb
99f1b2c0
99edb2c5
99e9b2ca
99e5b2cf
99e1b2d4
99deb2d9
99dab2de
99d6b2e3
99d2b2e8
99cfb2ed
99cbb2f2
99c7b2f7
99c3b2fc
99bfb301
99bcb306
99b8b30b
99b4b310
99b0b315
99adb31a
99a9b31f
99a5b324
99a1b329
999db32e
999ab333
9996b338
9992b33d
998eb342
998bb347
9987b34c
9983b351
997fb356
997cb35b
9978b360
9974b365
9970b36a
996db36f
9969b375
9965b37a
9961b37f
995db384
995ab389
9956b38e
9952b393
994eb398
994bb39d
9947b3a2
9943b3a7
993fb3ac
993cb3b1
9938b3b6
9934b3bb
9930b3c0
992db3c5
9929b3ca
9925b3cf
9922b3d4
991eb3d9
991ab3de
9916b3e3
9913b3e9
990fb3ee
990bb3f3
9907b3f8
9904b3fd
9900b402
98fcb407
98f8b40c
98f5b411
98f1b416
98edb41b
98eab420
98e6b425
98e2b42a
98deb42f
98dbb434
98d7b439
98d3b43f
98d0b444
98ccb449
98c8b44e
98c4b453
98c1b458
98bdb45d
98b9b462
98b6b467
98b2b46c
98aeb471
98aab476
98a7b47b
98a3b480
989fb485
989cb48b
9898b490
9894b495
9890b49a
988db49f
9889b4a4
9885b4a9
9882b4ae
987eb4b3
987ab4b8
9877b4bd
9873b4c2
986fb4c8
986bb4cd
9868b4d2
9864b4d7
9860b4dc
985db4e1
9859b4e6
9855b4eb
9852b4f0
984eb4f5
984ab4fa
9847b4ff
9843b505
983fb50a
983cb50f
9838b514
9834b519
9831b51e
982db523
9829b528
9826b52d
9822b532
981eb538
981bb53d
9817b542
9813b547
9810b54c
980cb551
9808b556
9805b55b
9801b560
97fdb565
97fab56b
97f6b570
97f2b575
97efb57a
97ebb57f
97e7b584
97e4b589
97e0b58e
97dcb593
97d9b599
97d5b59e
97d1b5a3
97ceb5a8
97cab5ad
97c6b5b2
97c3b5b7
97bfb5bc
97bbb5c1
97b8b5c7
97b4b5cc
97b0b5d1
97adb5d6
97a9b5db
97a6b5e0
97a2b5e5
979eb5ea
979bb5f0
9797b5f5
9793b5fa
9790b5ff
978cb604
9788b609
9785b60e
9781b613
977eb619
977ab61e
9776b623
9773b628
976fb62d
976bb632
9768b637
9764b63d
9761b642
975db647
9759b64c
9756b651
9752b656
974fb65b
974bb660
9747b666
9744b66b
9740b670
973cb675
9739b67a
9735b67f
9732b684
972eb68a
972ab68f
9727b694
9723b699
9720b69e
971cb6a3
9718b6a8
9715b6ae
9711b6b3
970eb6b8
970ab6bd
9706b6c2
9703b6c7
96ffb6cd
96fcb6d2
96f8b6d7
96f4b6dc
96f1b6e1
96edb6e6
96eab6eb
96e6b6f1
96e3b6f6
96dfb6fb
96dbb700
96d8b705
96d4b70a
96d1b710
96cdb715
96c9b71a
96c6b71f
96c2b724
96bfb729
96bbb72f
96b8b734
96b4b739
96b0b73e
96adb743
96a9b748
96a6b74e
96a2b753
969fb758
969bb75d
9697b762
9694b767
9690b76d
968db772
9689b777
9686b77c
9682b781
967fb787
967bb78c
9677b791
9674b796
9670b79b
966db7a0
9669b7a6
9666b7ab
9662b7b0
965fb7b5
965bb7ba
9657b7c0
9654b7c5
9650b7ca
964db7cf
9649b7d4
9646b7da
9642b7df
963fb7e4
963bb7e9
9638b7ee
9634b7f3
9630b7f9
962db7fe
9629b803
9626b808
9622b80d
961fb813
961bb818
9618b81d
9614b822
9611b827
960db82d
960ab832
9606b837
9603b83c
95ffb841
95fcb847
95f8b84c
95f5b851
95f1b856
95eeb85b
95eab861
95e6b866
95e3b86b
95dfb870
95dcb876
95d8b87b
95d5b880
95d1b885
95ceb88a
95cab890
95c7b895
95c3b89a
95c0b89f
95bcb8a4
95b9b8aa
95b5b8af
95b2b8b4
95aeb8b9
95abb8bf
95a7b8c4
95a4b8c9
95a0b8ce
959db8d3
9599b8d9
9596b8de
9592b8e3
958fb8e8
958bb8ee
9588b8f3
9584b8f8
9581b8fd
957db902
957ab908
9577b90d
9573b912
9570b917
956cb91d
9569b922
9565b927
9562b92c
955eb932
955bb937
9557b93c
9554b941
9550b946
954db94c
9549b951
9546b956
9542b95b
953fb961
953bb966
9538b96b
9535b970
9531b976
952eb97b
952ab980
9527b985
9523b98b
9520b990
951cb995
9519b99a
9515b9a0
9512b9a5
950eb9aa
950bb9af
9508b9b5
9504b9ba
9501b9bf
94fdb9c4
94fab9ca
94f6b9cf
94f3b9d4
94efb9d9
94ecb9df
94e9b9e4
94e5b9e9
94e2b9ee
94deb9f4
94dbb9f9
94d7b9fe
94d4ba03
94d0ba09
94cdba0e
94caba13
94c6ba18
94c3ba1e
94bfba23
94bcba28
94b8ba2e
94b5ba33
94b2ba38
94aeba3d
94abba43
94a7ba48
94a4ba4d
94a1ba52
949dba58
949aba5d
9496ba62
9493ba67
948fba6d
948cba72
9489ba77
9485ba7d
9482ba82
947eba87
947bba8c
9478ba92
9474ba97
9471ba9c
946dbaa2
946abaa7
9467baac
9463bab1
9460bab7
945cbabc
9459bac1
9456bac7
9452bacc
944fbad1
944bbad6
9448badc
9445bae1
9441bae6
943ebaec
943abaf1
9437baf6
9434bafb
9430bb01
942dbb06
9429bb0b
9426bb11
9423bb16
941fbb1b
941cbb20
9419bb26
9415bb2b
9412bb30
940ebb36
940bbb3b
9408bb40
9404bb46
9401bb4b
93febb50
93fabb55
93f7bb5b
93f3bb60
93f0bb65
93edbb6b
93e9bb70
93e6bb75
93e3bb7b
93dfbb80
93dcbb85
93d8bb8b
93d5bb90
93d2bb95
93cebb9a
93cbbba0
93c8bba5
93c4bbaa
93c1bbb0
93bebbb5
93babbba
93b7bbc0
93b4bbc5
93b0bbca
93adbbd0
93aabbd5
93a6bbda
93a3bbe0
939fbbe5
939cbbea
9399bbef
9395bbf5
9392bbfa
938fbbff
938bbc05
9388bc0a
9385bc0f
9381bc15
937ebc1a
937bbc1f
9377bc25
9374bc2a
9371bc2f
936dbc35
936abc3a
9367bc3f
9363bc45
9360bc4a
935dbc4f
935abc55
9356bc5a
9353bc5f
9350bc65
934cbc6a
9349bc6f
9346bc75
9342bc7a
933fbc7f
933cbc85
9338bc8a
9335bc8f
9332bc95
932ebc9a
932bbc9f
9328bca5
9324bcaa
9321bcaf
931ebcb5
931bbcba
9317bcc0
9314bcc5
9311bcca
930dbcd0
930abcd5
9307bcda
9303bce0
9300bce5
92fdbcea
92fabcf0
92f6bcf5
92f3bcfa
92f0bd00
92ecbd05
92e9bd0a
92e6bd10
92e3bd15
92dfbd1a
92dcbd20
92d9bd25
92d5bd2b
92d2bd30
92cfbd35
92ccbd3b
92c8bd40
92c5bd45
92c2bd4b
92bfbd50
92bbbd55
92b8bd5b
92b5bd60
92b1bd66
92aebd6b
92abbd70
92a8bd76
92a4bd7b
92a1bd80
929ebd86
929bbd8b
9297bd90
9294bd96
9291bd9b
928ebda1
928abda6
9287bdab
9284bdb1
9281bdb6
927dbdbb
927abdc1
9277bdc6
9274bdcc
9270bdd1
926dbdd6
926abddc
9267bde1
9263bde6
9260bdec
925dbdf1
925abdf7
9256bdfc
9253be01
9250be07
924dbe0c
9249be12
9246be17
9243be1c
9240be22
923cbe27
9239be2c
9236be32
9233be37
922fbe3d
922cbe42
9229be47
9226be4d
9223be52
921fbe58
921cbe5d
9219be62
9216be68
9212be6d
920fbe73
920cbe78
9209be7d
9206be83
9202be88
91ffbe8e
91fcbe93
91f9be98
91f6be9e
91f2bea3
91efbea9
91ecbeae
91e9beb3
91e6beb9
91e2bebe
91dfbec4
91dcbec9
91d9bece
91d6bed4
91d2bed9
91cfbedf
91ccbee4
91c9bee9
91c6beef
91c2bef4
91bfbefa
91bcbeff
91b9bf05
91b6bf0a
91b2bf0f
91afbf15
91acbf1a
91a9bf20
91a6bf25
91a2bf2a
919fbf30
919cbf35
9199bf3b
9196bf40
9193bf46
918fbf4b
918cbf50
9189bf56
9186bf5b
9183bf61
9180bf66
917cbf6b
9179bf71
9176bf76
9173bf7c
9170bf81
916dbf87
9169bf8c
9166bf91
9163bf97
9160bf9c
915dbfa2
915abfa7
9156bfad
9153bfb2
9150bfb8
914dbfbd
914abfc2
9147bfc8
9143bfcd
9140bfd3
913dbfd8
913abfde
9137bfe3
9134bfe8
9131bfee
912dbff3
912abff9
9127bffe
9124c004
9121c009
911ec00f
911bc014
9117c019
9114c01f
9111c024
910ec02a
910bc02f
9108c035
9105c03a
9101c040
90fec045
90fbc04a
90f8c050
90f5c055
90f2c05b
90efc060
90ecc066
90e8c06b
90e5c071
90e2c076
90dfc07b
90dcc081
90d9c086
90d6c08c
90d3c091
90d0c097
90ccc09c
90c9c0a2
90c6c0a7
90c3c0ad
90c0c0b2
90bdc0b8
90bac0bd
90b7c0c2
90b4c0c8
90b0c0cd
90adc0d3
90aac0d8
90a7c0de
90a4c0e3
90a1c0e9
909ec0ee
909bc0f4
9098c0f9
9095c0ff
9092c104
908ec10a
908bc10f
9088c114
9085c11a
9082c11f
907fc125
907cc12a
9079c130
9076c135
9073c13b
9070c140
906cc146
9069c14b
9066c151
9063c156
9060c15c
905dc161
905ac167
9057c16c
9054c172
9051c177
904ec17d
904bc182
9048c188
9045c18d
9041c192
903ec198
903bc19d
9038c1a3
9035c1a8
9032c1ae
902fc1b3
902cc1b9
9029c1be
9026c1c4
9023c1c9
9020c1cf
901dc1d4
901ac1da
9017c1df
9014c1e5
9011c1ea
900ec1f0
900ac1f5
9007c1fb
9004c200
9001c206
8ffec20b
8ffbc211
8ff8c216
8ff5c21c
8ff2c221
8fefc227
8fecc22c
8fe9c232
8fe6c237
8fe3c23d
8fe0c242
8fddc248
8fdac24d
8fd7c253
8fd4c258
8fd1c25e
8fcec263
8fcbc269
8fc8c26e
8fc5c274
8fc2c279
8fbfc27f
8fbcc284
8fb9c28a
8fb6c28f
8fb3c295
8fb0c29a
8fadc2a0
8faac2a5
8fa7c2ab
8fa4c2b0
8fa1c2b6
8f9ec2bc
8f9bc2c1
8f98c2c7
8f95c2cc
8f92c2d2
8f8fc2d7
8f8cc2dd
8f89c2e2
8f86c2e8
8f83c2ed
8f80c2f3
8f7dc2f8
8f7ac2fe
8f77c303
8f74c309
8f71c30e
8f6ec314
8f6bc319
8f68c31f
8f65c324
8f62c32a
8f5fc330
8f5cc335
8f59c33b
8f56c340
8f53c346
8f50c34b
8f4dc351
8f4ac356
8f47c35c
8f44c361
8f41c367
8f3ec36c
8f3bc372
8f38c377
8f35c37d
8f32c382
8f2fc388
8f2cc38e
8f29c393
8f26c399
8f23c39e
8f20c3a4
8f1dc3a9
8f1ac3af
8f17c3b4
8f14c3ba
8f11c3bf
8f0ec3c5
8f0bc3cb
8f08c3d0
8f06c3d6
8f03c3db
8f00c3e1
8efdc3e6
8efac3ec
8ef7c3f1
8ef4c3f7
8ef1c3fc
8eeec402
8eebc408
8ee8c40d
8ee5c413
8ee2c418
8edfc41e
8edcc423
8ed9c429
8ed6c42e
8ed3c434
8ed1c43a
8ecec43f
8ecbc445
8ec8c44a
8ec5c450
8ec2c455
8ebfc45b
8ebcc460
8eb9c466
8eb6c46c
8eb3c471
8eb0c477
8eadc47c
8eabc482
8ea8c487
8ea5c48d
8ea2c493
8e9fc498
8e9cc49e
8e99c4a3
8e96c4a9
8e93c4ae
8e90c4b4
8e8dc4b9
8e8ac4bf
8e88c4c5
8e85c4ca
8e82c4d0
8e7fc4d5
8e7cc4db
8e79c4e0
8e76c4e6
8e73c4ec
8e70c4f1
8e6dc4f7
8e6bc4fc
8e68c502
8e65c507
8e62c50d
8e5fc513
8e5cc518
8e59c51e
8e56c523
8e53c529
8e50c52f
8e4ec534
8e4bc53a
8e48c53f
8e45c545
8e42c54a
8e3fc550
8e3cc556
8e39c55b
8e37c561
8e34c566
8e31c56c
8e2ec572
8e2bc577
8e28c57d
8e25c582
8e22c588
8e20c58d
8e1dc593
8e1ac599
8e17c59e
8e14c5a4
8e11c5a9
8e0ec5af
8e0bc5b5
8e09c5ba
8e06c5c0
8e03c5c5
8e00c5cb
8dfdc5d1
8dfac5d6
8df7c5dc
8df5c5e1
8df2c5e7
8defc5ed
8decc5f2
8de9c5f8
8de6c5fd
8de4c603
8de1c609
8ddec60e
8ddbc614
8dd8c619
8dd5c61f
8dd2c625
8dd0c62a
8dcdc630
8dcac635
8dc7c63b
8dc4c641
8dc1c646
8dbfc64c
8dbcc651
8db9c657
8db6c65d
8db3c662
8db0c668
8daec66e
8dabc673
8da8c679
8da5c67e
8da2c684
8da0c68a
8d9dc68f
8d9ac695
8d97c69a
8d94c6a0
8d91c6a6
8d8fc6ab
8d8cc6b1
8d89c6b7
8d86c6bc
8d83c6c2
8d81c6c7
8d7ec6cd
8d7bc6d3
8d78c6d8
8d75c6de
8d73c6e3
8d70c6e9
8d6dc6ef
8d6ac6f4
8d67c6fa
8d65c700
8d62c705
8d5fc70b
8d5cc710
8d59c716
8d57c71c
8d54c721
8d51c727
8d4ec72d
8d4bc732
8d49c738
8d46c73e
8d43c743
8d40c749
8d3dc74e
8d3bc754
8d38c75a
8d35c75f
8d32c765
8d30c76b
8d2dc770
8d2ac776
8d27c77c
8d24c781
8d22c787
8d1fc78c
8d1cc792
8d19c798
8d17c79d
8d14c7a3
8d11c7a9
8d0ec7ae
8d0cc7b4
8d09c7ba
8d06c7bf
8d03c7c5
8d01c7ca
8cfec7d0
8cfbc7d6
8cf8c7db
8cf5c7e1
8cf3c7e7
8cf0c7ec
8cedc7f2
8ceac7f8
8ce8c7fd
8ce5c803
8ce2c809
8cdfc80e
8cddc814
8cdac81a
8cd7c81f
8cd4c825
8cd2c82b
8ccfc830
8cccc836
8ccac83b
8cc7c841
8cc4c847
8cc1c84c
8cbfc852
8cbcc858
8cb9c85d
8cb6c863
8cb4c869
8cb1c86e
8caec874
8cabc87a
8ca9c87f
8ca6c885
8ca3c88b
8ca1c890
8c9ec896
8c9bc89c
8c98c8a1
8c96c8a7
8c93c8ad
8c90c8b2
8c8ec8b8
8c8bc8be
8c88c8c3
8c85c8c9
8c83c8cf
8c80c8d4
8c7dc8da
8c7bc8e0
8c78c8e5
8c75c8eb
8c72c8f1
8c70c8f6
8c6dc8fc
8c6ac902
8c68c907
8c65c90d
8c62c913
8c60c918
8c5dc91e
8c5ac924
8c58c929
8c55c92f
8c52c935
8c4fc93b
8c4dc940
8c4ac946
8c47c94c
8c45c951
8c42c957
8c3fc95d
8c3dc962
8c3ac968
8c37c96e
8c35c973
8c32c979
8c2fc97f
8c2dc984
8c2ac98a
8c27c990
8c25c995
8c22c99b
8c1fc9a1
8c1dc9a7
8c1ac9ac
8c17c9b2
8c15c9b8
8c12c9bd
8c0fc9c3
8c0dc9c9
8c0ac9ce
8c07c9d4
8c05c9da
8c02c9df
8bffc9e5
8bfdc9eb
8bfac9f1
8bf7c9f6
8bf5c9fc
8bf2ca02
8befca07
8bedca0d
8beaca13
8be7ca18
8be5ca1e
8be2ca24
8bdfca29
8bddca2f
8bdaca35
8bd8ca3b
8bd5ca40
8bd2ca46
8bd0ca4c
8bcdca51
8bcaca57
8bc8ca5d
8bc5ca63
8bc2ca68
8bc0ca6e
8bbdca74
8bbbca79
8bb8ca7f
8bb5ca85
8bb3ca8a
8bb0ca90
8badca96
8babca9c
8ba8caa1
8ba6caa7
8ba3caad
8ba0cab2
8b9ecab8
8b9bcabe
8b99cac4
8b96cac9
8b93cacf
8b91cad5
8b8ecada
8b8bcae0
8b89cae6
8b86caec
8b84caf1
8b81caf7
8b7ecafd
8b7ccb02
8b79cb08
8b77cb0e
8b74cb14
8b71cb19
8b6fcb1f
8b6ccb25
8b6acb2b
8b67cb30
8b64cb36
8b62cb3c
8b5fcb41
8b5dcb47
8b5acb4d
8b58cb53
8b55cb58
8b52cb5e
8b50cb64
8b4dcb69
8b4bcb6f
8b48cb75
8b45cb7b
8b43cb80
8b40cb86
8b3ecb8c
8b3bcb92
8b39cb97
8b36cb9d
8b33cba3
8b31cba9
8b2ecbae
8b2ccbb4
8b29cbba
8b27cbbf
8b24cbc5
8b21cbcb
8b1fcbd1
8b1ccbd6
8b1acbdc
8b17cbe2
8b15cbe8
8b12cbed
8b10cbf3
8b0dcbf9
8b0acbff
8b08cc04
8b05cc0a
8b03cc10
8b00cc16
8afecc1b
8afbcc21
8af9cc27
8af6cc2d
8af4cc32
8af1cc38
8aeecc3e
8aeccc44
8ae9cc49
8ae7cc4f
8ae4cc55
8ae2cc5b
8adfcc60
8addcc66
8adacc6c
8ad8cc72
8ad5cc77
8ad3cc7d
8ad0cc83
8acecc89
8acbcc8e
8ac8cc94
8ac6cc9a
8ac3cca0
8ac1cca5
8abeccab
8abcccb1
8ab9ccb7
8ab7ccbc
8ab4ccc2
8ab2ccc8
8aafccce
8aadccd3
8aaaccd9
8aa8ccdf
8aa5cce5
8aa3ccea
8aa0ccf0
8a9eccf6
8a9bccfc
8a99cd01
8a96cd07
8a94cd0d
8a91cd13
8a8fcd18
8a8ccd1e
8a8acd24
8a87cd2a
8a85cd30
8a82cd35
8a80cd3b
8a7dcd41
8a7bcd47
8a78cd4c
8a76cd52
8a73cd58
8a71cd5e
8a6ecd63
8a6ccd69
8a69cd6f
8a67cd75
8a64cd7b
8a62cd80
8a5fcd86
8a5dcd8c
8a5acd92
8a58cd97
8a56cd9d
8a53cda3
8a51cda9
8a4ecdaf
8a4ccdb4
8a49cdba
8a47cdc0
8a44cdc6
8a42cdcb
8a3fcdd1
8a3dcdd7
8a3acddd
8a38cde3
8a35cde8
8a33cdee
8a31cdf4
8a2ecdfa
8a2ccdff
8a29ce05
8a27ce0b
8a24ce11
8a22ce17
8a1fce1c
8a1dce22
8a1ace28
8a18ce2e
8a16ce34
8a13ce39
8a11ce3f
8a0ece45
8a0cce4b
8a09ce50
8a07ce56
8a05ce5c
8a02ce62
8a00ce68
89fdce6d
89fbce73
89f8ce79
89f6ce7f
89f3ce85
89f1ce8a
89efce90
89ecce96
89eace9c
89e7cea2
89e5cea7
89e3cead
89e0ceb3
89deceb9
89dbcebf
89d9cec4
89d6ceca
89d4ced0
89d2ced6
89cfcedc
89cdcee1
89cacee7
89c8ceed
89c6cef3
89c3cef9
89c1cefe
89becf04
89bccf0a
89bacf10
89b7cf16
89b5cf1b
89b2cf21
89b0cf27
89aecf2d
89abcf33
89a9cf38
89a6cf3e
89a4cf44
89a2cf4a
899fcf50
899dcf56
899acf5b
8998cf61
8996cf67
8993cf6d
8991cf73
898ecf78
898ccf7e
898acf84
8987cf8a
8985cf90
8983cf95
8980cf9b
897ecfa1
897bcfa7
8979cfad
8977cfb3
8974cfb8
8972cfbe
8970cfc4
896dcfca
896bcfd0
8968cfd6
8966cfdb
8964cfe1
8961cfe7
895fcfed
895dcff3
895acff8
8958cffe
8956d004
8953d00a
8951d010
894fd016
894cd01b
894ad021
8947d027
8945d02d
8943d033
8940d039
893ed03e
893cd044
8939d04a
8937d050
8935d056
8932d05c
8930d061
892ed067
892bd06d
8929d073
8927d079
8924d07f
8922d084
8920d08a
891dd090
891bd096
8919d09c
8916d0a2
8914d0a7
8912d0ad
890fd0b3
890dd0b9
890bd0bf
8908d0c5
8906d0ca
8904d0d0
8902d0d6
88ffd0dc
88fdd0e2
88fbd0e8
88f8d0ed
88f6d0f3
88f4d0f9
88f1d0ff
88efd105
88edd10b
88ead111
88e8d116
88e6d11c
88e4d122
88e1d128
88dfd12e
88ddd134
88dad139
88d8d13f
88d6d145
88d3d14b
88d1d151
88cfd157
88cdd15d
88cad162
88c8d168
88c6d16e
88c3d174
88c1d17a
88bfd180
88bdd186
88bad18b
88b8d191
88b6d197
88b3d19d
88b1d1a3
88afd1a9
88add1af
88aad1b4
88a8d1ba
88a6d1c0
88a4d1c6
88a1d1cc
889fd1d2
889dd1d8
889ad1dd
8898d1e3
8896d1e9
8894d1ef
8891d1f5
888fd1fb
888dd201
888bd206
8888d20c
8886d212
8884d218
8882d21e
887fd224
887dd22a
887bd22f
8879d235
8876d23b
8874d241
8872d247
8870d24d
886dd253
886bd259
8869d25e
8867d264
8864d26a
8862d270
8860d276
885ed27c
885cd282
8859d288
8857d28d
8855d293
8853d299
8850d29f
884ed2a5
884cd2ab
884ad2b1
8847d2b7
8845d2bc
8843d2c2
8841d2c8
883fd2ce
883cd2d4
883ad2da
8838d2e0
8836d2e6
8833d2eb
8831d2f1
882fd2f7
882dd2fd
882bd303
8828d309
8826d30f
8824d315
8822d31a
8820d320
881dd326
881bd32c
8819d332
8817d338
8815d33e
8812d344
8810d34a
880ed34f
880cd355
880ad35b
8807d361
8805d367
8803d36d
8801d373
87ffd379
87fdd37f
87fad384
87f8d38a
87f6d390
87f4d396
87f2d39c
87efd3a2
87edd3a8
87ebd3ae
87e9d3b4
87e7d3ba
87e5d3bf
87e2d3c5
87e0d3cb
87ded3d1
87dcd3d7
87dad3dd
87d8d3e3
87d5d3e9
87d3d3ef
87d1d3f4
87cfd3fa
87cdd400
87cbd406
87c8d40c
87c6d412
87c4d418
87c2d41e
87c0d424
87bed42a
87bbd430
87b9d435
87b7d43b
87b5d441
87b3d447
87b1d44d
87afd453
87acd459
87aad45f
87a8d465
87a6d46b
87a4d470
87a2d476
87a0d47c
879dd482
879bd488
8799d48e
8797d494
8795d49a
8793d4a0
8791d4a6
878fd4ac
878cd4b1
878ad4b7
8788d4bd
8786d4c3
8784d4c9
8782d4cf
8780d4d5
877ed4db
877bd4e1
8779d4e7
8777d4ed
8775d4f3
8773d4f8
8771d4fe
876fd504
876dd50a
876bd510
8768d516
8766d51c
8764d522
8762d528
8760d52e
875ed534
875cd53a
875ad53f
8758d545
8756d54b
8753d551
8751d557
874fd55d
874dd563
874bd569
8749d56f
8747d575
8745d57b
8743d581
8741d587
873fd58d
873cd592
873ad598
8738d59e
8736d5a4
8734d5aa
8732d5b0
8730d5b6
872ed5bc
872cd5c2
872ad5c8
8728d5ce
8726d5d4
8724d5da
8722d5e0
871fd5e5
871dd5eb
871bd5f1
8719d5f7
8717d5fd
8715d603
8713d609
8711d60f
870fd615
870dd61b
870bd621
8709d627
8707d62d
8705d633
8703d639
8701d63f
86ffd644
86fcd64a
86fad650
86f8d656
86f6d65c
86f4d662
86f2d668
86f0d66e
86eed674
86ecd67a
86ead680
86e8d686
86e6d68c
86e4d692
86e2d698
86e0d69e
86ded6a4
86dcd6aa
86dad6af
86d8d6b5
86d6d6bb
86d4d6c1
86d2d6c7
86d0d6cd
86ced6d3
86ccd6d9
86cad6df
86c8d6e5
86c6d6eb
86c4d6f1
86c2d6f7
86c0d6fd
86bed703
86bcd709
86bad70f
86b8d715
86b6d71b
86b4d721
86b2d726
86afd72c
86add732
86abd738
86a9d73e
86a7d744
86a5d74a
86a3d750
86a1d756
86a0d75c
869ed762
869cd768
869ad76e
8698d774
8696d77a
8694d780
8692d786
8690d78c
868ed792
868cd798
868ad79e
8688d7a4
8686d7aa
8684d7b0
8682d7b5
8680d7bb
867ed7c1
867cd7c7
867ad7cd
8678d7d3
8676d7d9
8674d7df
8672d7e5
8670d7eb
866ed7f1
866cd7f7
866ad7fd
8668d803
8666d809
8664d80f
8662d815
8660d81b
865ed821
865cd827
865ad82d
8658d833
8656d839
8655d83f
8653d845
8651d84b
864fd851
864dd857
864bd85d
8649d863
8647d869
8645d86f
8643d875
8641d87a
863fd880
863dd886
863bd88c
8639d892
8637d898
8635d89e
8634d8a4
8632d8aa
8630d8b0
862ed8b6
862cd8bc
862ad8c2
8628d8c8
8626d8ce
8624d8d4
8622d8da
8620d8e0
861ed8e6
861cd8ec
861ad8f2
8619d8f8
8617d8fe
8615d904
8613d90a
8611d910
860fd916
860dd91c
860bd922
8609d928
8607d92e
8605d934
8604d93a
8602d940
8600d946
85fed94c
85fcd952
85fad958
85f8d95e
85f6d964
85f4d96a
85f2d970
85f1d976
85efd97c
85edd982
85ebd988
85e9d98e
85e7d994
85e5d99a
85e3d9a0
85e1d9a6
85e0d9ac
85ded9b2
85dcd9b8
85dad9be
85d8d9c4
85d6d9ca
85d4d9d0
85d2d9d6
85d1d9dc
85cfd9e2
85cdd9e8
85cbd9ee
85c9d9f4
85c7d9fa
85c5da00
85c4da06
85c2da0c
85c0da12
85beda18
85bcda1e
85bada24
85b8da2a
85b7da30
85b5da36
85b3da3c
85b1da42
85afda48
85adda4e
85abda54
85aada5a
85a8da60
85a6da66
85a4da6c
85a2da72
85a0da78
859eda7e
859dda84
859bda8a
8599da90
8597da96
8595da9c
8593daa2
8592daa8
8590daae
858edab4
858cdaba
858adac0
8588dac6
8587dacc
8585dad2
8583dad8
8581dade
857fdae4
857edaea
857cdaf0
857adaf6
8578dafc
8576db02
8574db08
8573db0e
8571db14
856fdb1a
856ddb20
856bdb26
856adb2c
8568db32
8566db38
8564db3e
8562db44
8561db4a
855fdb50
855ddb56
855bdb5c
8559db62
8558db68
8556db6e
8554db74
8552db7a
8550db80
854fdb86
854ddb8c
854bdb93
8549db99
8547db9f
8546dba5
8544dbab
8542dbb1
8540dbb7
853fdbbd
853ddbc3
853bdbc9
8539dbcf
8537dbd5
8536dbdb
8534dbe1
8532dbe7
8530dbed
852fdbf3
852ddbf9
852bdbff
8529dc05
8527dc0b
8526dc11
8524dc17
8522dc1d
8520dc23
851fdc29
851ddc2f
851bdc35
8519dc3b
8518dc41
8516dc47
8514dc4d
8512dc53
8511dc59
850fdc60
850ddc66
850bdc6c
850adc72
8508dc78
8506dc7e
8504dc84
8503dc8a
8501dc90
84ffdc96
84fddc9c
84fcdca2
84fadca8
84f8dcae
84f6dcb4
84f5dcba
84f3dcc0
84f1dcc6
84f0dccc
84eedcd2
84ecdcd8
84eadcde
84e9dce4
84e7dcea
84e5dcf0
84e4dcf6
84e2dcfd
84e0dd03
84dedd09
84dddd0f
84dbdd15
84d9dd1b
84d7dd21
84d6dd27
84d4dd2d
84d2dd33
84d1dd39
84cfdd3f
84cddd45
84ccdd4b
84cadd51
84c8dd57
84c6dd5d
84c5dd63
84c3dd69
84c1dd6f
84c0dd75
84bedd7c
84bcdd82
84bbdd88
84b9dd8e
84b7dd94
84b5dd9a
84b4dda0
84b2dda6
84b0ddac
84afddb2
84adddb8
84abddbe
84aaddc4
84a8ddca
84a6ddd0
84a5ddd6
84a3dddc
84a1dde2
84a0dde8
849eddef
849cddf5
849bddfb
8499de01
8497de07
8496de0d
8494de13
8492de19
8491de1f
848fde25
848dde2b
848cde31
848ade37
8488de3d
8487de43
8485de49
8483de4f
8482de56
8480de5c
847ede62
847dde68
847bde6e
8479de74
8478de7a
8476de80
8475de86
8473de8c
8471de92
8470de98
846ede9e
846cdea4
846bdeaa
8469deb0
8467deb7
8466debd
8464dec3
8463dec9
8461decf
845fded5
845ededb
845cdee1
845adee7
8459deed
8457def3
8456def9
8454deff
8452df05
8451df0c
844fdf12
844ddf18
844cdf1e
844adf24
8449df2a
8447df30
8445df36
8444df3c
8442df42
8441df48
843fdf4e
843ddf54
843cdf5a
843adf61
8439df67
8437df6d
8435df73
8434df79
8432df7f
8431df85
842fdf8b
842ddf91
842cdf97
842adf9d
8429dfa3
8427dfa9
8425dfb0
8424dfb6
8422dfbc
8421dfc2
841fdfc8
841ddfce
841cdfd4
841adfda
8419dfe0
8417dfe6
8416dfec
8414dff2
8412dff9
8411dfff
840fe005
840ee00b
840ce011
840be017
8409e01d
8407e023
8406e029
8404e02f
8403e035
8401e03b
8400e042
83fee048
83fde04e
83fbe054
83f9e05a
83f8e060
83f6e066
83f5e06c
83f3e072
83f2e078
83f0e07e
83efe085
83ede08b
83ece091
83eae097
83e8e09d
83e7e0a3
83e5e0a9
83e4e0af
83e2e0b5
83e1e0bb
83dfe0c1
83dee0c8
83dce0ce
83dbe0d4
83d9e0da
83d8e0e0
83d6e0e6
83d4e0ec
83d3e0f2
83d1e0f8
83d0e0fe
83cee105
83cde10b
83cbe111
83cae117
83c8e11d
83c7e123
83c5e129
83c4e12f
83c2e135
83c1e13b
83bfe141
83bee148
83bce14e
83bbe154
83b9e15a
83b8e160
83b6e166
83b5e16c
83b3e172
83b2e178
83b0e17e
83afe185
83ade18b
83ace191
83aae197
83a9e19d
83a7e1a3
83a6e1a9
83a4e1af
83a3e1b5
83a1e1bc
83a0e1c2
839ee1c8
839de1ce
839be1d4
839ae1da
8398e1e0
8397e1e6
8395e1ec
8394e1f2
8392e1f9
8391e1ff
8390e205
838ee20b
838de211
838be217
838ae21d
8388e223
8387e229
8385e230
8384e236
8382e23c
8381e242
837fe248
837ee24e
837de254
837be25a
837ae260
8378e267
8377e26d
8375e273
8374e279
8372e27f
8371e285
836fe28b
836ee291
836de297
836be29e
836ae2a4
8368e2aa
8367e2b0
8365e2b6
8364e2bc
8362e2c2
8361e2c8
8360e2cf
835ee2d5
835de2db
835be2e1
835ae2e7
8358e2ed
8357e2f3
8356e2f9
8354e2ff
8353e306
8351e30c
8350e312
834fe318
834de31e
834ce324
834ae32a
8349e330
8347e337
8346e33d
8345e343
8343e349
8342e34f
8340e355
833fe35b
833ee361
833ce368
833be36e
8339e374
8338e37a
8337e380
8335e386
8334e38c
8332e392
8331e399
8330e39f
832ee3a5
832de3ab
832be3b1
832ae3b7
8329e3bd
8327e3c3
8326e3ca
8324e3d0
8323e3d6
8322e3dc
8320e3e2
831fe3e8
831ee3ee
831ce3f4
831be3fb
8319e401
8318e407
8317e40d
8315e413
8314e419
8313e41f
8311e426
8310e42c
830ee432
830de438
830ce43e
830ae444
8309e44a
8308e450
8306e457
8305e45d
8304e463
8302e469
8301e46f
8300e475
82fee47b
82fde482
82fbe488
82fae48e
82f9e494
82f7e49a
82f6e4a0
82f5e4a6
82f3e4ad
82f2e4b3
82f1e4b9
82efe4bf
82eee4c5
82ede4cb
82ebe4d1
82eae4d7
82e9e4de
82e7e4e4
82e6e4ea
82e5e4f0
82e3e4f6
82e2e4fc
82e1e502
82dfe509
82dee50f
82dde515
82dbe51b
82dae521
82d9e527
82d8e52d
82d6e534
82d5e53a
82d4e540
82d2e546
82d1e54c
82d0e552
82cee558
82cde55f
82cce565
82cae56b
82c9e571
82c8e577
82c6e57d
82c5e584
82c4e58a
82c3e590
82c1e596
82c0e59c
82bfe5a2
82bde5a8
82bce5af
82bbe5b5
82bae5bb
82b8e5c1
82b7e5c7
82b6e5cd
82b4e5d3
82b3e5da
82b2e5e0
82b1e5e6
82afe5ec
82aee5f2
82ade5f8
82abe5ff
82aae605
82a9e60b
82a8e611
82a6e617
82a5e61d
82a4e623
82a3e62a
82a1e630
82a0e636
829fe63c
829de642
829ce648
829be64f
829ae655
8298e65b
8297e661
8296e667
8295e66d
8293e673
8292e67a
8291e680
8290e686
828ee68c
828de692
828ce698
828be69f
8289e6a5
8288e6ab
8287e6b1
8286e6b7
8284e6bd
8283e6c4
8282e6ca
8281e6d0
827fe6d6
827ee6dc
827de6e2
827ce6e8
827be6ef
8279e6f5
8278e6fb
8277e701
8276e707
8274e70d
8273e714
8272e71a
8271e720
8270e726
826ee72c
826de732
826ce739
826be73f
8269e745
8268e74b
8267e751
8266e757
8265e75e
8263e764
8262e76a
8261e770
8260e776
825fe77c
825de783
825ce789
825be78f
825ae795
8259e79b
8257e7a1
8256e7a8
8255e7ae
8254e7b4
8253e7ba
8251e7c0
8250e7c6
824fe7cd
824ee7d3
824de7d9
824be7df
824ae7e5
8249e7eb
8248e7f2
8247e7f8
8246e7fe
8244e804
8243e80a
8242e810
8241e817
8240e81d
823ee823
823de829
823ce82f
823be836
823ae83c
8239e842
8237e848
8236e84e
8235e854
8234e85b
8233e861
8232e867
8231e86d
822fe873
822ee879
822de880
822ce886
822be88c
822ae892
8228e898
8227e89f
8226e8a5
8225e8ab
8224e8b1
8223e8b7
8222e8bd
8220e8c4
821fe8ca
821ee8d0
821de8d6
821ce8dc
821be8e2
821ae8e9
8218e8ef
8217e8f5
8216e8fb
8215e901
8214e908
8213e90e
8212e914
8211e91a
820fe920
820ee926
820de92d
820ce933
820be939
820ae93f
8209e945
8208e94c
8207e952
8205e958
8204e95e
8203e964
8202e96a
8201e971
8200e977
81ffe97d
81fee983
81fde989
81fbe990
81fae996
81f9e99c
81f8e9a2
81f7e9a8
81f6e9af
81f5e9b5
81f4e9bb
81f3e9c1
81f2e9c7
81f0e9cd
81efe9d4
81eee9da
81ede9e0
81ece9e6
81ebe9ec
81eae9f3
81e9e9f9
81e8e9ff
81e7ea05
81e6ea0b
81e5ea12
81e3ea18
81e2ea1e
81e1ea24
81e0ea2a
81dfea30
81deea37
81ddea3d
81dcea43
81dbea49
81daea4f
81d9ea56
81d8ea5c
81d7ea62
81d6ea68
81d5ea6e
81d3ea75
81d2ea7b
81d1ea81
81d0ea87
81cfea8d
81ceea94
81cdea9a
81cceaa0
81cbeaa6
81caeaac
81c9eab3
81c8eab9
81c7eabf
81c6eac5
81c5eacb
81c4ead2
81c3ead8
81c2eade
81c1eae4
81c0eaea
81bfeaf1
81beeaf7
81bdeafd
81bbeb03
81baeb09
81b9eb10
81b8eb16
81b7eb1c
81b6eb22
81b5eb28
81b4eb2f
81b3eb35
81b2eb3b
81b1eb41
81b0eb47
81afeb4e
81aeeb54
81adeb5a
81aceb60
81abeb66
81aaeb6d
81a9eb73
81a8eb79
81a7eb7f
81a6eb85
81a5eb8c
81a4eb92
81a3eb98
81a2eb9e
81a1eba4
81a0ebab
819febb1
819eebb7
819debbd
819cebc3
819bebca
819aebd0
8199ebd6
8198ebdc
8197ebe2
8196ebe9
8195ebef
8194ebf5
8193ebfb
8192ec01
8191ec08
8190ec0e
818fec14
818eec1a
818dec20
818cec27
818bec2d
818aec33
8189ec39
8188ec3f
8188ec46
8187ec4c
8186ec52
8185ec58
8184ec5f
8183ec65
8182ec6b
8181ec71
8180ec77
817fec7e
817eec84
817dec8a
817cec90
817bec96
817aec9d
8179eca3
8178eca9
8177ecaf
8176ecb5
8175ecbc
8174ecc2
8173ecc8
8173ecce
8172ecd5
8171ecdb
8170ece1
816fece7
816eeced
816decf4
816cecfa
816bed00
816aed06
8169ed0c
8168ed13
8167ed19
8166ed1f
8165ed25
8165ed2c
8164ed32
8163ed38
8162ed3e
8161ed44
8160ed4b
815fed51
815eed57
815ded5d
815ced63
815bed6a
815aed70
815aed76
8159ed7c
8158ed83
8157ed89
8156ed8f
8155ed95
8154ed9b
8153eda2
8152eda8
8151edae
8150edb4
8150edba
814fedc1
814eedc7
814dedcd
814cedd3
814bedda
814aede0
8149ede6
8148edec
8148edf2
8147edf9
8146edff
8145ee05
8144ee0b
8143ee12
8142ee18
8141ee1e
8140ee24
8140ee2a
813fee31
813eee37
813dee3d
813cee43
813bee4a
813aee50
813aee56
8139ee5c
8138ee62
8137ee69
8136ee6f
8135ee75
8134ee7b
8133ee82
8133ee88
8132ee8e
8131ee94
8130ee9a
812feea1
812eeea7
812deead
812deeb3
812ceeba
812beec0
812aeec6
8129eecc
8128eed3
8128eed9
8127eedf
8126eee5
8125eeeb
8124eef2
8123eef8
8123eefe
8122ef04
8121ef0b
8120ef11
811fef17
811eef1d
811eef23
811def2a
811cef30
811bef36
811aef3c
8119ef43
8119ef49
8118ef4f
8117ef55
8116ef5c
8115ef62
8115ef68
8114ef6e
8113ef74
8112ef7b
8111ef81
8110ef87
8110ef8d
810fef94
810eef9a
810defa0
810cefa6
810cefad
810befb3
810aefb9
8109efbf
8108efc5
8108efcc
8107efd2
8106efd8
8105efde
8104efe5
8104efeb
8103eff1
8102eff7
8101effe
8101f004
8100f00a
80fff010
80fef016
80fdf01d
80fdf023
80fcf029
80fbf02f
80faf036
80faf03c
80f9f042
80f8f048
80f7f04f
80f6f055
80f6f05b
80f5f061
80f4f068
80f3f06e
80f3f074
80f2f07a
80f1f081
80f0f087
80f0f08d
80eff093
80eef099
80edf0a0
80edf0a6
80ecf0ac
80ebf0b2
80eaf0b9
80eaf0bf
80e9f0c5
80e8f0cb
80e7f0d2
80e7f0d8
80e6f0de
80e5f0e4
80e4f0eb
80e4f0f1
80e3f0f7
80e2f0fd
80e1f104
80e1f10a
80e0f110
80dff116
80def11c
80def123
80ddf129
80dcf12f
80dcf135
80dbf13c
80daf142
80d9f148
80d9f14e
80d8f155
80d7f15b
80d6f161
80d6f167
80d5f16e
80d4f174
80d4f17a
80d3f180
80d2f187
80d1f18d
80d1f193
80d0f199
80cff1a0
80cff1a6
80cef1ac
80cdf1b2
80cdf1b9
80ccf1bf
80cbf1c5
80caf1cb
80caf1d2
80c9f1d8
80c8f1de
80c8f1e4
80c7f1ea
80c6f1f1
80c6f1f7
80c5f1fd
80c4f203
80c4f20a
80c3f210
80c2f216
80c1f21c
80c1f223
80c0f229
80bff22f
80bff235
80bef23c
80bdf242
80bdf248
80bcf24e
80bbf255
80bbf25b
80baf261
80b9f267
80b9f26e
80b8f274
80b7f27a
80b7f280
80b6f287
80b5f28d
80b5f293
80b4f299
80b3f2a0
80b3f2a6
80b2f2ac
80b1f2b2
80b1f2b9
80b0f2bf
80b0f2c5
80aff2cb
80aef2d2
80aef2d8
80adf2de
80acf2e4
80acf2eb
80abf2f1
80aaf2f7
80aaf2fd
80a9f304
80a8f30a
80a8f310
80a7f316
80a7f31d
80a6f323
80a5f329
80a5f32f
80a4f336
80a3f33c
80a3f342
80a2f348
80a2f34f
80a1f355
80a0f35b
80a0f361
809ff368
809ef36e
809ef374
809df37a
809df381
809cf387
809bf38d
809bf393
809af39a
809af3a0
8099f3a6
8098f3ac
8098f3b3
8097f3b9
8096f3bf
8096f3c5
8095f3cc
8095f3d2
8094f3d8
8093f3de
8093f3e5
8092f3eb
8092f3f1
8091f3f8
8091f3fe
8090f404
808ff40a
808ff411
808ef417
808ef41d
808df423
808cf42a
808cf430
808bf436
808bf43c
808af443
808af449
8089f44f
8088f455
8088f45c
8087f462
8087f468
8086f46e
8086f475
8085f47b
8084f481
8084f487
8083f48e
8083f494
8082f49a
8082f4a0
8081f4a7
8080f4ad
8080f4b3
807ff4b9
807ff4c0
807ef4c6
807ef4cc
807df4d3
807df4d9
807cf4df
807cf4e5
807bf4ec
807af4f2
807af4f8
8079f4fe
8079f505
8078f50b
8078f511
8077f517
8077f51e
8076f524
8076f52a
8075f530
8075f537
8074f53d
8073f543
8073f549
8072f550
8072f556
8071f55c
8071f563
8070f569
8070f56f
806ff575
806ff57c
806ef582
806ef588
806df58e
806df595
806cf59b
806cf5a1
806bf5a7
806bf5ae
806af5b4
806af5ba
8069f5c0
8069f5c7
8068f5cd
8068f5d3
8067f5d9
8067f5e0
8066f5e6
8066f5ec
8065f5f3
8065f5f9
8064f5ff
8064f605
8063f60c
8063f612
8062f618
8062f61e
8061f625
8061f62b
8060f631
8060f637
805ff63e
805ff644
805ef64a
805ef651
805df657
805df65d
805df663
805cf66a
805cf670
805bf676
805bf67c
805af683
805af689
8059f68f
8059f695
8058f69c
8058f6a2
8057f6a8
8057f6af
8056f6b5
8056f6bb
8056f6c1
8055f6c8
8055f6ce
8054f6d4
8054f6da
8053f6e1
8053f6e7
8052f6ed
8052f6f3
8052f6fa
8051f700
8051f706
8050f70d
8050f713
804ff719
804ff71f
804ef726
804ef72c
804ef732
804df738
804df73f
804cf745
804cf74b
804bf751
804bf758
804bf75e
804af764
804af76b
8049f771
8049f777
8049f77d
8048f784
8048f78a
8047f790
8047f796
8046f79d
8046f7a3
8046f7a9
8045f7af
8045f7b6
8044f7bc
8044f7c2
8044f7c9
8043f7cf
8043f7d5
8042f7db
8042f7e2
8042f7e8
8041f7ee
8041f7f4
8040f7fb
8040f801
8040f807
803ff80e
803ff814
803ef81a
803ef820
803ef827
803df82d
803df833
803df839
803cf840
803cf846
803bf84c
803bf853
803bf859
803af85f
803af865
803af86c
8039f872
8039f878
8038f87e
8038f885
8038f88b
8037f891
8037f898
8037f89e
8036f8a4
8036f8aa
8035f8b1
8035f8b7
8035f8bd
8034f8c3
8034f8ca
8034f8d0
8033f8d6
8033f8dd
8033f8e3
8032f8e9
8032f8ef
8032f8f6
8031f8fc
8031f902
8031f908
8030f90f
8030f915
8030f91b
802ff922
802ff928
802ff92e
802ef934
802ef93b
802ef941
802df947
802df94d
802df954
802cf95a
802cf960
802cf967
802bf96d
802bf973
802bf979
802af980
802af986
802af98c
8029f992
8029f999
8029f99f
8028f9a5
8028f9ac
8028f9b2
8027f9b8
8027f9be
8027f9c5
8027f9cb
8026f9d1
8026f9d8
8026f9de
8025f9e4
8025f9ea
8025f9f1
8024f9f7
8024f9fd
8024fa03
8024fa0a
8023fa10
8023fa16
8023fa1d
8022fa23
8022fa29
8022fa2f
8022fa36
8021fa3c
8021fa42
8021fa49
8020fa4f
8020fa55
8020fa5b
8020fa62
801ffa68
801ffa6e
801ffa74
801efa7b
801efa81
801efa87
801efa8e
801dfa94
801dfa9a
801dfaa0
801dfaa7
801cfaad
801cfab3
801cfab9
801cfac0
801bfac6
801bfacc
801bfad3
801bfad9
801afadf
801afae5
801afaec
801afaf2
8019faf8
8019faff
8019fb05
8019fb0b
8018fb11
8018fb18
8018fb1e
8018fb24
8017fb2b
8017fb31
8017fb37
8017fb3d
8016fb44
8016fb4a
8016fb50
8016fb56
8016fb5d
8015fb63
8015fb69
8015fb70
8015fb76
8014fb7c
8014fb82
8014fb89
8014fb8f
8014fb95
8013fb9c
8013fba2
8013fba8
8013fbae
8012fbb5
8012fbbb
8012fbc1
8012fbc7
8012fbce
8011fbd4
8011fbda
8011fbe1
8011fbe7
8011fbed
8010fbf3
8010fbfa
8010fc00
8010fc06
8010fc0d
800ffc13
800ffc19
800ffc1f
800ffc26
800ffc2c
800efc32
800efc39
800efc3f
800efc45
800efc4b
800efc52
800dfc58
800dfc5e
800dfc64
800dfc6b
800dfc71
800cfc77
800cfc7e
800cfc84
800cfc8a
800cfc90
800cfc97
800bfc9d
800bfca3
800bfcaa
800bfcb0
800bfcb6
800bfcbc
800afcc3
800afcc9
800afccf
800afcd6
800afcdc
800afce2
800afce8
8009fcef
8009fcf5
8009fcfb
8009fd02
8009fd08
8009fd0e
8009fd14
8008fd1b
8008fd21
8008fd27
8008fd2d
8008fd34
8008fd3a
8008fd40
8007fd47
8007fd4d
8007fd53
8007fd59
8007fd60
8007fd66
8007fd6c
8007fd73
8006fd79
8006fd7f
8006fd85
8006fd8c
8006fd92
8006fd98
8006fd9f
8006fda5
8005fdab
8005fdb1
8005fdb8
8005fdbe
8005fdc4
8005fdcb
8005fdd1
8005fdd7
8005fddd
8004fde4
8004fdea
8004fdf0
8004fdf7
8004fdfd
8004fe03
8004fe09
8004fe10
8004fe16
8004fe1c
8003fe22
8003fe29
8003fe2f
8003fe35
8003fe3c
8003fe42
8003fe48
8003fe4e
8003fe55
8003fe5b
8003fe61
8003fe68
8002fe6e
8002fe74
8002fe7a
8002fe81
8002fe87
8002fe8d
8002fe94
8002fe9a
8002fea0
8002fea6
8002fead
8002feb3
8002feb9
8002fec0
8002fec6
8001fecc
8001fed2
8001fed9
8001fedf
8001fee5
8001feec
8001fef2
8001fef8
8001fefe
8001ff05
8001ff0b
8001ff11
8001ff18
8001ff1e
8001ff24
8001ff2a
8001ff31
8001ff37
8001ff3d
8001ff44
8001ff4a
8000ff50
8000ff56
8000ff5d
8000ff63
8000ff69
8000ff6f
8000ff76
8000ff7c
8000ff82
8000ff89
8000ff8f
8000ff95
8000ff9b
8000ffa2
8000ffa8
8000ffae
8000ffb5
8000ffbb
8000ffc1
8000ffc7
8000ffce
8000ffd4
8000ffda
8000ffe1
8000ffe7
8000ffed
8000fff3
8000fffa
80000000
80000006
8000000d
80000013
80000019
8000001f
80000026
8000002c
80000032
80000039
8000003f
80000045
8000004b
80000052
80000058
8000005e
80000065
8000006b
80000071
80000077
8000007e
80000084
8000008a
80000091
80000097
8000009d
800000a3
800000aa
800000b0
800100b6
800100bc
800100c3
800100c9
800100cf
800100d6
800100dc
800100e2
800100e8
800100ef
800100f5
800100fb
80010102
80010108
8001010e
80010114
8001011b
80010121
80010127
8001012e
80010134
8002013a
80020140
80020147
8002014d
80020153
8002015a
80020160
80020166
8002016c
80020173
80020179
8002017f
80020186
8002018c
80020192
80030198
8003019f
800301a5
800301ab
800301b2
800301b8
800301be
800301c4
800301cb
800301d1
800301d7
800301de
800401e4
800401ea
800401f0
800401f7
800401fd
80040203
80040209
80040210
80040216
8004021c
80050223
80050229
8005022f
80050235
8005023c
80050242
80050248
8005024f
80050255
8006025b
80060261
80060268
8006026e
80060274
8006027b
80060281
80060287
8007028d
80070294
8007029a
800702a0
800702a7
800702ad
800702b3
800702b9
800802c0
800802c6
800802cc
800802d3
800802d9
800802df
800802e5
800902ec
800902f2
800902f8
800902fe
80090305
8009030b
80090311
800a0318
800a031e
800a0324
800a032a
800a0331
800a0337
800a033d
800b0344
800b034a
800b0350
800b0356
800b035d
800b0363
800c0369
800c0370
800c0376
800c037c
800c0382
800c0389
800d038f
800d0395
800d039c
800d03a2
800d03a8
800e03ae
800e03b5
800e03bb
800e03c1
800e03c7
800e03ce
800f03d4
800f03da
800f03e1
800f03e7
800f03ed
801003f3
801003fa
80100400
80100406
8010040d
80110413
80110419
8011041f
80110426
8011042c
80120432
80120439
8012043f
80120445
8012044b
80130452
80130458
8013045e
80130464
8014046b
80140471
80140477
8014047e
80140484
8015048a
80150490
80150497
8015049d
801604a3
801604aa
801604b0
801604b6
801604bc
801704c3
801704c9
801704cf
801704d5
801804dc
801804e2
801804e8
801804ef
801904f5
801904fb
80190501
80190508
801a050e
801a0514
801a051b
801a0521
801b0527
801b052d
801b0534
801b053a
801c0540
801c0547
801c054d
801c0553
801d0559
801d0560
801d0566
801d056c
801e0572
801e0579
801e057f
801e0585
801f058c
801f0592
801f0598
8020059e
802005a5
802005ab
802005b1
802105b7
802105be
802105c4
802205ca
802205d1
802205d7
802205dd
802305e3
802305ea
802305f0
802405f6
802405fd
80240603
80240609
8025060f
80250616
8025061c
80260622
80260628
8026062f
80270635
8027063b
80270642
80270648
8028064e
80280654
8028065b
80290661
80290667
8029066e
802a0674
802a067a
802a0680
802b0687
802b068d
802b0693
802c0699
802c06a0
802c06a6
802d06ac
802d06b3
802d06b9
802e06bf
802e06c5
802e06cc
802f06d2
802f06d8
802f06de
803006e5
803006eb
803006f1
803106f8
803106fe
80310704
8032070a
80320711
80320717
8033071d
80330723
8033072a
80340730
80340736
8034073d
80350743
80350749
8035074f
80360756
8036075c
80370762
80370768
8037076f
80380775
8038077b
80380782
80390788
8039078e
803a0794
803a079b
803a07a1
803b07a7
803b07ad
803b07b4
803c07ba
803c07c0
803d07c7
803d07cd
803d07d3
803e07d9
803e07e0
803e07e6
803f07ec
803f07f2
804007f9
804007ff
80400805
8041080c
80410812
80420818
8042081e
80420825
8043082b
80430831
80440837
8044083e
80440844
8045084a
80450851
80460857
8046085d
80460863
8047086a
80470870
80480876
8048087c
80490883
80490889
8049088f
804a0895
804a089c
804b08a2
804b08a8
804b08af
804c08b5
804c08bb
804d08c1
804d08c8
804e08ce
804e08d4
804e08da
804f08e1
804f08e7
805008ed
805008f3
805108fa
80510900
80520906
8052090d
80520913
80530919
8053091f
80540926
8054092c
80550932
80550938
8056093f
80560945
8056094b
80570951
80570958
8058095e
80580964
8059096b
80590971
805a0977
805a097d
805b0984
805b098a
805c0990
805c0996
805d099d
805d09a3
805d09a9
805e09af
805e09b6
805f09bc
805f09c2
806009c9
806009cf
806109d5
806109db
806209e2
806209e8
806309ee
806309f4
806409fb
80640a01
80650a07
80650a0d
80660a14
80660a1a
80670a20
80670a27
80680a2d
80680a33
80690a39
80690a40
806a0a46
806a0a4c
806b0a52
806b0a59
806c0a5f
806c0a65
806d0a6b
806d0a72
806e0a78
806e0a7e
806f0a84
806f0a8b
80700a91
80700a97
80710a9d
80710aa4
80720aaa
80720ab0
80730ab7
80730abd
80740ac3
80750ac9
80750ad0
80760ad6
80760adc
80770ae2
80770ae9
80780aef
80780af5
80790afb
80790b02
807a0b08
807a0b0e
807b0b14
807c0b1b
807c0b21
807d0b27
807d0b2d
807e0b34
807e0b3a
807f0b40
807f0b47
80800b4d
80800b53
80810b59
80820b60
80820b66
80830b6c
80830b72
80840b79
80840b7f
80850b85
80860b8b
80860b92
80870b98
80870b9e
80880ba4
80880bab
80890bb1
808a0bb7
808a0bbd
808b0bc4
808b0bca
808c0bd0
808c0bd6
808d0bdd
808e0be3
808e0be9
808f0bef
808f0bf6
80900bfc
80910c02
80910c08
80920c0f
80920c15
80930c1b
80930c22
80940c28
80950c2e
80950c34
80960c3b
80960c41
80970c47
80980c4d
80980c54
80990c5a
809a0c60
809a0c66
809b0c6d
809b0c73
809c0c79
809d0c7f
809d0c86
809e0c8c
809e0c92
809f0c98
80a00c9f
80a00ca5
80a10cab
80a20cb1
80a20cb8
80a30cbe
80a30cc4
80a40cca
80a50cd1
80a50cd7
80a60cdd
80a70ce3
80a70cea
80a80cf0
80a80cf6
80a90cfc
80aa0d03
80aa0d09
80ab0d0f
80ac0d15
80ac0d1c
80ad0d22
80ae0d28
80ae0d2e
80af0d35
80b00d3b
80b00d41
80b10d47
80b10d4e
80b20d54
80b30d5a
80b30d60
80b40d67
80b50d6d
80b50d73
80b60d79
80b70d80
80b70d86
80b80d8c
80b90d92
80b90d99
80ba0d9f
80bb0da5
80bb0dab
80bc0db2
80bd0db8
80bd0dbe
80be0dc4
80bf0dcb
80bf0dd1
80c00dd7
80c10ddd
80c10de4
80c20dea
80c30df0
80c40df6
80c40dfd
80c50e03
80c60e09
80c60e0f
80c70e16
80c80e1c
80c80e22
80c90e28
80ca0e2e
80ca0e35
80cb0e3b
80cc0e41
80cd0e47
80cd0e4e
80ce0e54
80cf0e5a
80cf0e60
80d00e67
80d10e6d
80d10e73
80d20e79
80d30e80
80d40e86
80d40e8c
80d50e92
80d60e99
80d60e9f
80d70ea5
80d80eab
80d90eb2
80d90eb8
80da0ebe
80db0ec4
80dc0ecb
80dc0ed1
80dd0ed7
80de0edd
80de0ee4
80df0eea
80e00ef0
80e10ef6
80e10efc
80e20f03
80e30f09
80e40f0f
80e40f15
80e50f1c
80e60f22
80e70f28
80e70f2e
80e80f35
80e90f3b
80ea0f41
80ea0f47
80eb0f4e
80ec0f54
80ed0f5a
80ed0f60
80ee0f67
80ef0f6d
80f00f73
80f00f79
80f10f7f
80f20f86
80f30f8c
80f30f92
80f40f98
80f50f9f
80f60fa5
80f60fab
80f70fb1
80f80fb8
80f90fbe
80fa0fc4
80fa0fca
80fb0fd1
80fc0fd7
80fd0fdd
80fd0fe3
80fe0fea
80ff0ff0
81000ff6
81010ffc
81011002
81021009
8103100f
81041015
8104101b
81051022
81061028
8107102e
81081034
8108103b
81091041
810a1047
810b104d
810c1053
810c105a
810d1060
810e1066
810f106c
81101073
81101079
8111107f
81121085
8113108c
81141092
81151098
8115109e
811610a4
811710ab
811810b1
811910b7
811910bd
811a10c4
811b10ca
811c10d0
811d10d6
811e10dd
811e10e3
811f10e9
812010ef
812110f5
812210fc
81231102
81231108
8124110e
81251115
8126111b
81271121
81281127
8128112d
81291134
812a113a
812b1140
812c1146
812d114d
812d1153
812e1159
812f115f
81301166
8131116c
81321172
81331178
8133117e
81341185
8135118b
81361191
81371197
8138119e
813911a4
813a11aa
813a11b0
813b11b6
813c11bd
813d11c3
813e11c9
813f11cf
814011d6
814011dc
814111e2
814211e8
814311ee
814411f5
814511fb
81461201
81471207
8148120e
81481214
8149121a
814a1220
814b1226
814c122d
814d1233
814e1239
814f123f
81501246
8150124c
81511252
81521258
8153125e
81541265
8155126b
81561271
81571277
8158127d
81591284
815a128a
815a1290
815b1296
815c129d
815d12a3
815e12a9
815f12af
816012b5
816112bc
816212c2
816312c8
816412ce
816512d4
816512db
816612e1
816712e7
816812ed
816912f4
816a12fa
816b1300
816c1306
816d130c
816e1313
816f1319
8170131f
81711325
8172132b
81731332
81731338
8174133e
81751344
8176134b
81771351
81781357
8179135d
817a1363
817b136a
817c1370
817d1376
817e137c
817f1382
81801389
8181138f
81821395
8183139b
818413a1
818513a8
818613ae
818713b4
818813ba
818813c1
818913c7
818a13cd
818b13d3
818c13d9
818d13e0
818e13e6
818f13ec
819013f2
819113f8
819213ff
81931405
8194140b
81951411
81961417
8197141e
81981424
8199142a
819a1430
819b1436
819c143d
819d1443
819e1449
819f144f
81a01455
81a1145c
81a21462
81a31468
81a4146e
81a51474
81a6147b
81a71481
81a81487
81a9148d
81aa1493
81ab149a
81ac14a0
81ad14a6
81ae14ac
81af14b2
81b014b9
81b114bf
81b214c5
81b314cb
81b414d1
81b514d8
81b614de
81b714e4
81b814ea
81b914f0
81ba14f7
81bb14fd
81bd1503
81be1509
81bf150f
81c01516
81c1151c
81c21522
81c31528
81c4152e
81c51535
81c6153b
81c71541
81c81547
81c9154d
81ca1554
81cb155a
81cc1560
81cd1566
81ce156c
81cf1573
81d01579
81d1157f
81d21585
81d3158b
81d51592
81d61598
81d7159e
81d815a4
81d915aa
81da15b1
81db15b7
81dc15bd
81dd15c3
81de15c9
81df15d0
81e015d6
81e115dc
81e215e2
81e315e8
81e515ee
81e615f5
81e715fb
81e81601
81e91607
81ea160d
81eb1614
81ec161a
81ed1620
81ee1626
81ef162c
81f01633
81f21639
81f3163f
81f41645
81f5164b
81f61651
81f71658
81f8165e
81f91664
81fa166a
81fb1670
81fd1677
81fe167d
81ff1683
82001689
8201168f
82021696
8203169c
820416a2
820516a8
820716ae
820816b4
820916bb
820a16c1
820b16c7
820c16cd
820d16d3
820e16da
820f16e0
821116e6
821216ec
821316f2
821416f8
821516ff
82161705
8217170b
82181711
821a1717
821b171e
821c1724
821d172a
821e1730
821f1736
8220173c
82221743
82231749
8224174f
82251755
8226175b
82271761
82281768
822a176e
822b1774
822c177a
822d1780
822e1787
822f178d
82311793
82321799
8233179f
823417a5
823517ac
823617b2
823717b8
823917be
823a17c4
823b17ca
823c17d1
823d17d7
823e17dd
824017e3
824117e9
824217f0
824317f6
824417fc
82461802
82471808
8248180e
82491815
824a181b
824b1821
824d1827
824e182d
824f1833
8250183a
82511840
82531846
8254184c
82551852
82561858
8257185f
82591865
825a186b
825b1871
825c1877
825d187d
825f1884
8260188a
82611890
82621896
8263189c
826518a2
826618a9
826718af
826818b5
826918bb
826b18c1
826c18c7
826d18ce
826e18d4
827018da
827118e0
827218e6
827318ec
827418f3
827618f9
827718ff
82781905
8279190b
827b1911
827c1918
827d191e
827e1924
827f192a
82811930
82821936
8283193c
82841943
82861949
8287194f
82881955
8289195b
828b1961
828c1968
828d196e
828e1974
8290197a
82911980
82921986
8293198d
82951993
82961999
8297199f
829819a5
829a19ab
829b19b1
829c19b8
829d19be
829f19c4
82a019ca
82a119d0
82a319d6
82a419dd
82a519e3
82a619e9
82a819ef
82a919f5
82aa19fb
82ab1a01
82ad1a08
82ae1a0e
82af1a14
82b11a1a
82b21a20
82b31a26
82b41a2d
82b61a33
82b71a39
82b81a3f
82ba1a45
82bb1a4b
82bc1a51
82bd1a58
82bf1a5e
82c01a64
82c11a6a
82c31a70
82c41a76
82c51a7c
82c61a83
82c81a89
82c91a8f
82ca1a95
82cc1a9b
82cd1aa1
82ce1aa8
82d01aae
82d11ab4
82d21aba
82d41ac0
82d51ac6
82d61acc
82d81ad3
82d91ad9
82da1adf
82db1ae5
82dd1aeb
82de1af1
82df1af7
82e11afe
82e21b04
82e31b0a
82e51b10
82e61b16
82e71b1c
82e91b22
82ea1b29
82eb1b2f
82ed1b35
82ee1b3b
82ef1b41
82f11b47
82f21b4d
82f31b53
82f51b5a
82f61b60
82f71b66
82f91b6c
82fa1b72
82fb1b78
82fd1b7e
82fe1b85
83001b8b
83011b91
83021b97
83041b9d
83051ba3
83061ba9
83081bb0
83091bb6
830a1bbc
830c1bc2
830d1bc8
830e1bce
83101bd4
83111bda
83131be1
83141be7
83151bed
83171bf3
83181bf9
83191bff
831b1c05
831c1c0c
831e1c12
831f1c18
83201c1e
83221c24
83231c2a
83241c30
83261c36
83271c3d
83291c43
832a1c49
832b1c4f
832d1c55
832e1c5b
83301c61
83311c67
83321c6e
83341c74
83351c7a
83371c80
83381c86
83391c8c
833b1c92
833c1c98
833e1c9f
833f1ca5
83401cab
83421cb1
83431cb7
83451cbd
83461cc3
83471cc9
83491cd0
834a1cd6
834c1cdc
834d1ce2
834f1ce8
83501cee
83511cf4
83531cfa
83541d01
83561d07
83571d0d
83581d13
835a1d19
835b1d1f
835d1d25
835e1d2b
83601d31
83611d38
83621d3e
83641d44
83651d4a
83671d50
83681d56
836a1d5c
836b1d62
836d1d69
836e1d6f
836f1d75
83711d7b
83721d81
83741d87
83751d8d
83771d93
83781d99
837a1da0
837b1da6
837d1dac
837e1db2
837f1db8
83811dbe
83821dc4
83841dca
83851dd0
83871dd7
83881ddd
838a1de3
838b1de9
838d1def
838e1df5
83901dfb
83911e01
83921e07
83941e0e
83951e14
83971e1a
83981e20
839a1e26
839b1e2c
839d1e32
839e1e38
83a01e3e
83a11e44
83a31e4b
83a41e51
83a61e57
83a71e5d
83a91e63
83aa1e69
83ac1e6f
83ad1e75
83af1e7b
83b01e82
83b21e88
83b31e8e
83b51e94
83b61e9a
83b81ea0
83b91ea6
83bb1eac
83bc1eb2
83be1eb8
83bf1ebf
83c11ec5
83c21ecb
83c41ed1
83c51ed7
83c71edd
83c81ee3
83ca1ee9
83cb1eef
83cd1ef5
83ce1efb
83d01f02
83d11f08
83d31f0e
83d41f14
83d61f1a
83d81f20
83d91f26
83db1f2c
83dc1f32
83de1f38
83df1f3f
83e11f45
83e21f4b
83e41f51
83e51f57
83e71f5d
83e81f63
83ea1f69
83ec1f6f
83ed1f75
83ef1f7b
83f01f82
83f21f88
83f31f8e
83f51f94
83f61f9a
83f81fa0
83f91fa6
83fb1fac
83fd1fb2
83fe1fb8
84001fbe
84011fc5
84031fcb
84041fd1
84061fd7
84071fdd
84091fe3
840b1fe9
840c1fef
840e1ff5
840f1ffb
84112001
84122007
8414200e
84162014
8417201a
84192020
841a2026
841c202c
841d2032
841f2038
8421203e
84222044
8424204a
84252050
84272057
8429205d
842a2063
842c2069
842d206f
842f2075
8431207b
84322081
84342087
8435208d
84372093
84392099
843a209f
843c20a6
843d20ac
843f20b2
844120b8
844220be
844420c4
844520ca
844720d0
844920d6
844a20dc
844c20e2
844d20e8
844f20ee
845120f4
845220fb
84542101
84562107
8457210d
84592113
845a2119
845c211f
845e2125
845f212b
84612131
84632137
8464213d
84662143
84672149
84692150
846b2156
846c215c
846e2162
84702168
8471216e
84732174
8475217a
84762180
84782186
8479218c
847b2192
847d2198
847e219e
848021a4
848221aa
848321b1
848521b7
848721bd
848821c3
848a21c9
848c21cf
848d21d5
848f21db
849121e1
849221e7
849421ed
849621f3
849721f9
849921ff
849b2205
849c220b
849e2211
84a02218
84a1221e
84a32224
84a5222a
84a62230
84a82236
84aa223c
84ab2242
84ad2248
84af224e
84b02254
84b2225a
84b42260
84b52266
84b7226c
84b92272
84bb2278
84bc227e
84be2284
84c0228b
84c12291
84c32297
84c5229d
84c622a3
84c822a9
84ca22af
84cc22b5
84cd22bb
84cf22c1
84d122c7
84d222cd
84d422d3
84d622d9
84d722df
84d922e5
84db22eb
84dd22f1
84de22f7
84e022fd
84e22303
84e4230a
84e52310
84e72316
84e9231c
84ea2322
84ec2328
84ee232e
84f02334
84f1233a
84f32340
84f52346
84f6234c
84f82352
84fa2358
84fc235e
84fd2364
84ff236a
85012370
85032376
8504237c
85062382
85082388
850a238e
850b2394
850d239a
850f23a0
851123a7
851223ad
851423b3
851623b9
851823bf
851923c5
851b23cb
851d23d1
851f23d7
852023dd
852223e3
852423e9
852623ef
852723f5
852923fb
852b2401
852d2407
852f240d
85302413
85322419
8534241f
85362425
8537242b
85392431
853b2437
853d243d
853f2443
85402449
8542244f
85442455
8546245b
85472461
85492467
854b246d
854d2474
854f247a
85502480
85522486
8554248c
85562492
85582498
8559249e
855b24a4
855d24aa
855f24b0
856124b6
856224bc
856424c2
856624c8
856824ce
856a24d4
856b24da
856d24e0
856f24e6
857124ec
857324f2
857424f8
857624fe
85782504
857a250a
857c2510
857e2516
857f251c
85812522
85832528
8585252e
85872534
8588253a
858a2540
858c2546
858e254c
85902552
85922558
8593255e
85952564
8597256a
85992570
859b2576
859d257c
859e2582
85a02588
85a2258e
85a42594
85a6259a
85a825a0
85aa25a6
85ab25ac
85ad25b2
85af25b8
85b125be
85b325c4
85b525ca
85b725d0
85b825d6
85ba25dc
85bc25e2
85be25e8
85c025ee
85c225f4
85c425fa
85c52600
85c72606
85c9260c
85cb2612
85cd2618
85cf261e
85d12624
85d2262a
85d42630
85d62636
85d8263c
85da2642
85dc2648
85de264e
85e02654
85e1265a
85e32660
85e52666
85e7266c
85e92672
85eb2678
85ed267e
85ef2684
85f1268a
85f22690
85f42696
85f6269c
85f826a2
85fa26a8
85fc26ae
85fe26b4
860026ba
860226c0
860426c6
860526cc
860726d2
860926d8
860b26de
860d26e4
860f26ea
861126f0
861326f6
861526fc
86172702
86192708
861a270e
861c2714
861e271a
86202720
86222726
8624272c
86262732
86282738
862a273e
862c2744
862e274a
86302750
86322756
8634275c
86352762
86372768
8639276e
863b2774
863d277a
863f2780
86412786
8643278b
86452791
86472797
8649279d
864b27a3
864d27a9
864f27af
865127b5
865327bb
865527c1
865627c7
865827cd
865a27d3
865c27d9
865e27df
866027e5
866227eb
866427f1
866627f7
866827fd
866a2803
866c2809
866e280f
86702815
8672281b
86742821
86762827
8678282d
867a2833
867c2839
867e283f
86802845
8682284b
86842850
86862856
8688285c
868a2862
868c2868
868e286e
86902874
8692287a
86942880
86962886
8698288c
869a2892
869c2898
869e289e
86a028a4
86a128aa
86a328b0
86a528b6
86a728bc
86a928c2
86ab28c8
86ad28ce
86af28d4
86b228da
86b428df
86b628e5
86b828eb
86ba28f1
86bc28f7
86be28fd
86c02903
86c22909
86c4290f
86c62915
86c8291b
86ca2921
86cc2927
86ce292d
86d02933
86d22939
86d4293f
86d62945
86d8294b
86da2951
86dc2956
86de295c
86e02962
86e22968
86e4296e
86e62974
86e8297a
86ea2980
86ec2986
86ee298c
86f02992
86f22998
86f4299e
86f629a4
86f829aa
86fa29b0
86fc29b6
86ff29bc
870129c1
870329c7
870529cd
870729d3
870929d9
870b29df
870d29e5
870f29eb
871129f1
871329f7
871529fd
87172a03
87192a09
871b2a0f
871d2a15
871f2a1b
87222a20
87242a26
87262a2c
87282a32
872a2a38
872c2a3e
872e2a44
87302a4a
87322a50
87342a56
87362a5c
87382a62
873a2a68
873c2a6e
873f2a73
87412a79
87432a7f
87452a85
87472a8b
87492a91
874b2a97
874d2a9d
874f2aa3
87512aa9
87532aaf
87562ab5
87582abb
875a2ac1
875c2ac6
875e2acc
87602ad2
87622ad8
87642ade
87662ae4
87682aea
876b2af0
876d2af6
876f2afc
87712b02
87732b08
87752b0d
87772b13
87792b19
877b2b1f
877e2b25
87802b2b
87822b31
87842b37
87862b3d
87882b43
878a2b49
878c2b4f
878f2b54
87912b5a
87932b60
87952b66
87972b6c
87992b72
879b2b78
879d2b7e
87a02b84
87a22b8a
87a42b90
87a62b95
87a82b9b
87aa2ba1
87ac2ba7
87af2bad
87b12bb3
87b32bb9
87b52bbf
87b72bc5
87b92bcb
87bb2bd0
87be2bd6
87c02bdc
87c22be2
87c42be8
87c62bee
87c82bf4
87cb2bfa
87cd2c00
87cf2c06
87d12c0c
87d32c11
87d52c17
87d82c1d
87da2c23
87dc2c29
87de2c2f
87e02c35
87e22c3b
87e52c41
87e72c46
87e92c4c
87eb2c52
87ed2c58
87ef2c5e
87f22c64
87f42c6a
87f62c70
87f82c76
87fa2c7c
87fd2c81
87ff2c87
88012c8d
88032c93
88052c99
88072c9f
880a2ca5
880c2cab
880e2cb1
88102cb6
88122cbc
88152cc2
88172cc8
88192cce
881b2cd4
881d2cda
88202ce0
88222ce6
88242ceb
88262cf1
88282cf7
882b2cfd
882d2d03
882f2d09
88312d0f
88332d15
88362d1a
88382d20
883a2d26
883c2d2c
883f2d32
88412d38
88432d3e
88452d44
88472d49
884a2d4f
884c2d55
884e2d5b
88502d61
88532d67
88552d6d
88572d73
88592d78
885c2d7e
885e2d84
88602d8a
88622d90
88642d96
88672d9c
88692da2
886b2da7
886d2dad
88702db3
88722db9
88742dbf
88762dc5
88792dcb
887b2dd1
887d2dd6
887f2ddc
88822de2
88842de8
88862dee
88882df4
888b2dfa
888d2dff
888f2e05
88912e0b
88942e11
88962e17
88982e1d
889a2e23
889d2e28
889f2e2e
88a12e34
88a42e3a
88a62e40
88a82e46
88aa2e4c
88ad2e51
88af2e57
88b12e5d
88b32e63
88b62e69
88b82e6f
88ba2e75
88bd2e7a
88bf2e80
88c12e86
88c32e8c
88c62e92
88c82e98
88ca2e9e
88cd2ea3
88cf2ea9
88d12eaf
88d32eb5
88d62ebb
88d82ec1
88da2ec7
88dd2ecc
88df2ed2
88e12ed8
88e42ede
88e62ee4
88e82eea
88ea2eef
88ed2ef5
88ef2efb
88f12f01
88f42f07
88f62f0d
88f82f13
88fb2f18
88fd2f1e
88ff2f24
89022f2a
89042f30
89062f36
89082f3b
890b2f41
890d2f47
890f2f4d
89122f53
89142f59
89162f5e
89192f64
891b2f6a
891d2f70
89202f76
89222f7c
89242f81
89272f87
89292f8d
892b2f93
892e2f99
89302f9f
89322fa4
89352faa
89372fb0
89392fb6
893c2fbc
893e2fc2
89402fc7
89432fcd
89452fd3
89472fd9
894a2fdf
894c2fe5
894f2fea
89512ff0
89532ff6
89562ffc
89583002
895a3008
895d300d
895f3013
89613019
8964301f
89663025
8968302a
896b3030
896d3036
8970303c
89723042
89743048
8977304d
89793053
897b3059
897e305f
89803065
8983306b
89853070
89873076
898a307c
898c3082
898e3088
8991308d
89933093
89963099
8998309f
899a30a5
899d30aa
899f30b0
89a230b6
89a430bc
89a630c2
89a930c8
89ab30cd
89ae30d3
89b030d9
89b230df
89b530e5
89b730ea
89ba30f0
89bc30f6
89be30fc
89c13102
89c33107
89c6310d
89c83113
89ca3119
89cd311f
89cf3124
89d2312a
89d43130
89d63136
89d9313c
89db3141
89de3147
89e0314d
89e33153
89e53159
89e7315e
89ea3164
89ec316a
89ef3170
89f13176
89f3317b
89f63181
89f83187
89fb318d
89fd3193
8a003198
8a02319e
8a0531a4
8a0731aa
8a0931b0
8a0c31b5
8a0e31bb
8a1131c1
8a1331c7
8a1631cc
8a1831d2
8a1a31d8
8a1d31de
8a1f31e4
8a2231e9
8a2431ef
8a2731f5
8a2931fb
8a2c3201
8a2e3206
8a31320c
8a333212
8a353218
8a38321d
8a3a3223
8a3d3229
8a3f322f
8a423235
8a44323a
8a473240
8a493246
8a4c324c
8a4e3251
8a513257
8a53325d
8a563263
8a583269
8a5a326e
8a5d3274
8a5f327a
8a623280
8a643285
8a67328b
8a693291
8a6c3297
8a6e329d
8a7132a2
8a7332a8
8a7632ae
8a7832b4
8a7b32b9
8a7d32bf
8a8032c5
8a8232cb
8a8532d0
8a8732d6
8a8a32dc
8a8c32e2
8a8f32e8
8a9132ed
8a9432f3
8a9632f9
8a9932ff
8a9b3304
8a9e330a
8aa03310
8aa33316
8aa5331b
8aa83321
8aaa3327
8aad332d
8aaf3332
8ab23338
8ab4333e
8ab73344
8ab93349
8abc334f
8abe3355
8ac1335b
8ac33360
8ac63366
8ac8336c
8acb3372
8ace3377
8ad0337d
8ad33383
8ad53389
8ad8338e
8ada3394
8add339a
8adf33a0
8ae233a5
8ae433ab
8ae733b1
8ae933b7
8aec33bc
8aee33c2
8af133c8
8af433ce
8af633d3
8af933d9
8afb33df
8afe33e5
8b0033ea
8b0333f0
8b0533f6
8b0833fc
8b0a3401
8b0d3407
8b10340d
8b123413
8b153418
8b17341e
8b1a3424
8b1c342a
8b1f342f
8b213435
8b24343b
8b273441
8b293446
8b2c344c
8b2e3452
8b313457
8b33345d
8b363463
8b393469
8b3b346e
8b3e3474
8b40347a
8b433480
8b453485
8b48348b
8b4b3491
8b4d3497
8b50349c
8b5234a2
8b5534a8
8b5834ad
8b5a34b3
8b5d34b9
8b5f34bf
8b6234c4
8b6434ca
8b6734d0
8b6a34d5
8b6c34db
8b6f34e1
8b7134e7
8b7434ec
8b7734f2
8b7934f8
8b7c34fe
8b7e3503
8b813509
8b84350f
8b863514
8b89351a
8b8b3520
8b8e3526
8b91352b
8b933531
8b963537
8b99353c
8b9b3542
8b9e3548
8ba0354e
8ba33553
8ba63559
8ba8355f
8bab3564
8bad356a
8bb03570
8bb33576
8bb5357b
8bb83581
8bbb3587
8bbd358c
8bc03592
8bc23598
8bc5359d
8bc835a3
8bca35a9
8bcd35af
8bd035b4
8bd235ba
8bd535c0
8bd835c5
8bda35cb
8bdd35d1
8bdf35d7
8be235dc
8be535e2
8be735e8
8bea35ed
8bed35f3
8bef35f9
8bf235fe
8bf53604
8bf7360a
8bfa360f
8bfd3615
8bff361b
8c023621
8c053626
8c07362c
8c0a3632
8c0d3637
8c0f363d
8c123643
8c153648
8c17364e
8c1a3654
8c1d3659
8c1f365f
8c223665
8c25366b
8c273670
8c2a3676
8c2d367c
8c2f3681
8c323687
8c35368d
8c373692
8c3a3698
8c3d369e
8c3f36a3
8c4236a9
8c4536af
8c4736b4
8c4a36ba
8c4d36c0
8c4f36c5
8c5236cb
8c5536d1
8c5836d7
8c5a36dc
8c5d36e2
8c6036e8
8c6236ed
8c6536f3
8c6836f9
8c6a36fe
8c6d3704
8c70370a
8c72370f
8c753715
8c78371b
8c7b3720
8c7d3726
8c80372c
8c833731
8c853737
8c88373d
8c8b3742
8c8e3748
8c90374e
8c933753
8c963759
8c98375f
8c9b3764
8c9e376a
8ca13770
8ca33775
8ca6377b
8ca93781
8cab3786
8cae378c
8cb13792
8cb43797
8cb6379d
8cb937a3
8cbc37a8
8cbf37ae
8cc137b4
8cc437b9
8cc737bf
8cca37c5
8ccc37ca
8ccf37d0
8cd237d5
8cd437db
8cd737e1
8cda37e6
8cdd37ec
8cdf37f2
8ce237f7
8ce537fd
8ce83803
8cea3808
8ced380e
8cf03814
8cf33819
8cf5381f
8cf83825
8cfb382a
8cfe3830
8d013836
8d03383b
8d063841
8d093846
8d0c384c
8d0e3852
8d113857
8d14385d
8d173863
8d193868
8d1c386e
8d1f3874
8d223879
8d24387f
8d273884
8d2a388a
8d2d3890
8d303895
8d32389b
8d3538a1
8d3838a6
8d3b38ac
8d3d38b2
8d4038b7
8d4338bd
8d4638c2
8d4938c8
8d4b38ce
8d4e38d3
8d5138d9
8d5438df
8d5738e4
8d5938ea
8d5c38f0
8d5f38f5
8d6238fb
8d653900
8d673906
8d6a390c
8d6d3911
8d703917
8d73391d
8d753922
8d783928
8d7b392d
8d7e3933
8d813939
8d83393e
8d863944
8d893949
8d8c394f
8d8f3955
8d91395a
8d943960
8d973966
8d9a396b
8d9d3971
8da03976
8da2397c
8da53982
8da83987
8dab398d
8dae3992
8db03998
8db3399e
8db639a3
8db939a9
8dbc39af
8dbf39b4
8dc139ba
8dc439bf
8dc739c5
8dca39cb
8dcd39d0
8dd039d6
8dd239db
8dd539e1
8dd839e7
8ddb39ec
8dde39f2
8de139f7
8de439fd
8de63a03
8de93a08
8dec3a0e
8def3a13
8df23a19
8df53a1f
8df73a24
8dfa3a2a
8dfd3a2f
8e003a35
8e033a3b
8e063a40
8e093a46
8e0b3a4b
8e0e3a51
8e113a57
8e143a5c
8e173a62
8e1a3a67
8e1d3a6d
8e203a73
8e223a78
8e253a7e
8e283a83
8e2b3a89
8e2e3a8e
8e313a94
8e343a9a
8e373a9f
8e393aa5
8e3c3aaa
8e3f3ab0
8e423ab6
8e453abb
8e483ac1
8e4b3ac6
8e4e3acc
8e503ad1
8e533ad7
8e563add
8e593ae2
8e5c3ae8
8e5f3aed
8e623af3
8e653af9
8e683afe
8e6b3b04
8e6d3b09
8e703b0f
8e733b14
8e763b1a
8e793b20
8e7c3b25
8e7f3b2b
8e823b30
8e853b36
8e883b3b
8e8a3b41
8e8d3b47
8e903b4c
8e933b52
8e963b57
8e993b5d
8e9c3b62
8e9f3b68
8ea23b6d
8ea53b73
8ea83b79
8eab3b7e
8ead3b84
8eb03b89
8eb33b8f
8eb63b94
8eb93b9a
8ebc3ba0
8ebf3ba5
8ec23bab
8ec53bb0
8ec83bb6
8ecb3bbb
8ece3bc1
8ed13bc6
8ed33bcc
8ed63bd2
8ed93bd7
8edc3bdd
8edf3be2
8ee23be8
8ee53bed
8ee83bf3
8eeb3bf8
8eee3bfe
8ef13c04
8ef43c09
8ef73c0f
8efa3c14
8efd3c1a
8f003c1f
8f033c25
8f063c2a
8f083c30
8f0b3c35
8f0e3c3b
8f113c41
8f143c46
8f173c4c
8f1a3c51
8f1d3c57
8f203c5c
8f233c62
8f263c67
8f293c6d
8f2c3c72
8f2f3c78
8f323c7e
8f353c83
8f383c89
8f3b3c8e
8f3e3c94
8f413c99
8f443c9f
8f473ca4
8f4a3caa
8f4d3caf
8f503cb5
8f533cba
8f563cc0
8f593cc5
8f5c3ccb
8f5f3cd0
8f623cd6
8f653cdc
8f683ce1
8f6b3ce7
8f6e3cec
8f713cf2
8f743cf7
8f773cfd
8f7a3d02
8f7d3d08
8f803d0d
8f833d13
8f863d18
8f893d1e
8f8c3d23
8f8f3d29
8f923d2e
8f953d34
8f983d39
8f9b3d3f
8f9e3d44
8fa13d4a
8fa43d50
8fa73d55
8faa3d5b
8fad3d60
8fb03d66
8fb33d6b
8fb63d71
8fb93d76
8fbc3d7c
8fbf3d81
8fc23d87
8fc53d8c
8fc83d92
8fcb3d97
8fce3d9d
8fd13da2
8fd43da8
8fd73dad
8fda3db3
8fdd3db8
8fe03dbe
8fe33dc3
8fe63dc9
8fe93dce
8fec3dd4
8fef3dd9
8ff23ddf
8ff53de4
8ff83dea
8ffb3def
8ffe3df5
90013dfa
90043e00
90073e05
900a3e0b
900e3e10
90113e16
90143e1b
90173e21
901a3e26
901d3e2c
90203e31
90233e37
90263e3c
90293e42
902c3e47
902f3e4d
90323e52
90353e58
90383e5d
903b3e63
903e3e68
90413e6e
90453e73
90483e78
904b3e7e
904e3e83
90513e89
90543e8e
90573e94
905a3e99
905d3e9f
90603ea4
90633eaa
90663eaf
90693eb5
906c3eba
90703ec0
90733ec5
90763ecb
90793ed0
907c3ed6
907f3edb
90823ee1
90853ee6
90883eec
908b3ef1
908e3ef6
90923efc
90953f01
90983f07
909b3f0c
909e3f12
90a13f17
90a43f1d
90a73f22
90aa3f28
90ad3f2d
90b03f33
90b43f38
90b73f3e
90ba3f43
90bd3f48
90c03f4e
90c33f53
90c63f59
90c93f5e
90cc3f64
90d03f69
90d33f6f
90d63f74
90d93f7a
90dc3f7f
90df3f85
90e23f8a
90e53f8f
90e83f95
90ec3f9a
90ef3fa0
90f23fa5
90f53fab
90f83fb0
90fb3fb6
90fe3fbb
91013fc0
91053fc6
91083fcb
910b3fd1
910e3fd6
91113fdc
91143fe1
91173fe7
911b3fec
911e3ff1
91213ff7
91243ffc
91274002
912a4007
912d400d
91314012
91344018
9137401d
913a4022
913d4028
9140402d
91434033
91474038
914a403e
914d4043
91504048
9153404e
91564053
915a4059
915d405e
91604064
91634069
9166406f
91694074
916d4079
9170407f
91734084
9176408a
9179408f
917c4095
9180409a
9183409f
918640a5
918940aa
918c40b0
918f40b5
919340ba
919640c0
919940c5
919c40cb
919f40d0
91a240d6
91a640db
91a940e0
91ac40e6
91af40eb
91b240f1
91b640f6
91b940fb
91bc4101
91bf4106
91c2410c
91c64111
91c94117
91cc411c
91cf4121
91d24127
91d6412c
91d94132
91dc4137
91df413c
91e24142
91e64147
91e9414d
91ec4152
91ef4157
91f2415d
91f64162
91f94168
91fc416d
91ff4172
92024178
9206417d
92094183
920c4188
920f418d
92124193
92164198
9219419e
921c41a3
921f41a8
922341ae
922641b3
922941b9
922c41be
922f41c3
923341c9
923641ce
923941d4
923c41d9
924041de
924341e4
924641e9
924941ee
924d41f4
925041f9
925341ff
92564204
925a4209
925d420f
92604214
9263421a
9267421f
926a4224
926d422a
9270422f
92744234
9277423a
927a423f
927d4245
9281424a
9284424f
92874255
928a425a
928e425f
92914265
9294426a
92974270
929b4275
929e427a
92a14280
92a44285
92a8428a
92ab4290
92ae4295
92b1429a
92b542a0
92b842a5
92bb42ab
92bf42b0
92c242b5
92c542bb
92c842c0
92cc42c5
92cf42cb
92d242d0
92d542d5
92d942db
92dc42e0
92df42e6
92e342eb
92e642f0
92e942f6
92ec42fb
92f04300
92f34306
92f6430b
92fa4310
92fd4316
9300431b
93034320
93074326
930a432b
930d4330
93114336
9314433b
93174340
931b4346
931e434b
93214351
93244356
9328435b
932b4361
932e4366
9332436b
93354371
93384376
933c437b
933f4381
93424386
9346438b
93494391
934c4396
9350439b
935343a1
935643a6
935a43ab
935d43b1
936043b6
936343bb
936743c1
936a43c6
936d43cb
937143d1
937443d6
937743db
937b43e1
937e43e6
938143eb
938543f1
938843f6
938b43fb
938f4401
93924406
9395440b
93994411
939c4416
939f441b
93a34420
93a64426
93aa442b
93ad4430
93b04436
93b4443b
93b74440
93ba4446
93be444b
93c14450
93c44456
93c8445b
93cb4460
93ce4466
93d2446b
93d54470
93d84475
93dc447b
93df4480
93e34485
93e6448b
93e94490
93ed4495
93f0449b
93f344a0
93f744a5
93fa44ab
93fe44b0
940144b5
940444ba
940844c0
940b44c5
940e44ca
941244d0
941544d5
941944da
941c44e0
941f44e5
942344ea
942644ef
942944f5
942d44fa
943044ff
94344505
9437450a
943a450f
943e4514
9441451a
9445451f
94484524
944b452a
944f452f
94524534
94564539
9459453f
945c4544
94604549
9463454f
94674554
946a4559
946d455e
94714564
94744569
9478456e
947b4574
947e4579
9482457e
94854583
94894589
948c458e
948f4593
94934599
9496459e
949a45a3
949d45a8
94a145ae
94a445b3
94a745b8
94ab45bd
94ae45c3
94b245c8
94b545cd
94b845d2
94bc45d8
94bf45dd
94c345e2
94c645e8
94ca45ed
94cd45f2
94d045f7
94d445fd
94d74602
94db4607
94de460c
94e24612
94e54617
94e9461c
94ec4621
94ef4627
94f3462c
94f64631
94fa4636
94fd463c
95014641
95044646
9508464b
950b4651
950e4656
9512465b
95154660
95194666
951c466b
95204670
95234675
9527467b
952a4680
952e4685
9531468a
95354690
95384695
953b469a
953f469f
954246a5
954646aa
954946af
954d46b4
955046ba
955446bf
955746c4
955b46c9
955e46ce
956246d4
956546d9
956946de
956c46e3
957046e9
957346ee
957746f3
957a46f8
957d46fe
95814703
95844708
9588470d
958b4712
958f4718
9592471d
95964722
95994727
959d472d
95a04732
95a44737
95a7473c
95ab4741
95ae4747
95b2474c
95b54751
95b94756
95bc475c
95c04761
95c34766
95c7476b
95ca4770
95ce4776
95d1477b
95d54780
95d84785
95dc478a
95df4790
95e34795
95e6479a
95ea479f
95ee47a5
95f147aa
95f547af
95f847b4
95fc47b9
95ff47bf
960347c4
960647c9
960a47ce
960d47d3
961147d9
961447de
961847e3
961b47e8
961f47ed
962247f3
962647f8
962947fd
962d4802
96304807
9634480d
96384812
963b4817
963f481c
96424821
96464826
9649482c
964d4831
96504836
9654483b
96574840
965b4846
965f484b
96624850
96664855
9669485a
966d4860
96704865
9674486a
9677486f
967b4874
967f4879
9682487f
96864884
96894889
968d488e
96904893
96944899
9697489e
969b48a3
969f48a8
96a248ad
96a648b2
96a948b8
96ad48bd
96b048c2
96b448c7
96b848cc
96bb48d1
96bf48d7
96c248dc
96c648e1
96c948e6
96cd48eb
96d148f0
96d448f6
96d848fb
96db4900
96df4905
96e3490a
96e6490f
96ea4915
96ed491a
96f1491f
96f44924
96f84929
96fc492e
96ff4933
97034939
9706493e
970a4943
970e4948
9711494d
97154952
97184958
971c495d
97204962
97234967
9727496c
972a4971
972e4976
9732497c
97354981
97394986
973c498b
97404990
97444995
9747499a
974b49a0
974f49a5
975249aa
975649af
975949b4
975d49b9
976149be
976449c3
976849c9
976b49ce
976f49d3
977349d8
977649dd
977a49e2
977e49e7
978149ed
978549f2
978849f7
978c49fc
97904a01
97934a06
97974a0b
979b4a10
979e4a16
97a24a1b
97a64a20
97a94a25
97ad4a2a
97b04a2f
97b44a34
97b84a39
97bb4a3f
97bf4a44
97c34a49
97c64a4e
97ca4a53
97ce4a58
97d14a5d
97d54a62
97d94a67
97dc4a6d
97e04a72
97e44a77
97e74a7c
97eb4a81
97ef4a86
97f24a8b
97f64a90
97fa4a95
97fd4a9b
98014aa0
98054aa5
98084aaa
980c4aaf
98104ab4
98134ab9
98174abe
981b4ac3
981e4ac8
98224ace
98264ad3
98294ad8
982d4add
98314ae2
98344ae7
98384aec
983c4af1
983f4af6
98434afb
98474b01
984a4b06
984e4b0b
98524b10
98554b15
98594b1a
985d4b1f
98604b24
98644b29
98684b2e
986b4b33
986f4b38
98734b3e
98774b43
987a4b48
987e4b4d
98824b52
98854b57
98894b5c
988d4b61
98904b66
98944b6b
98984b70
989c4b75
989f4b7b
98a34b80
98a74b85
98aa4b8a
98ae4b8f
98b24b94
98b64b99
98b94b9e
98bd4ba3
98c14ba8
98c44bad
98c84bb2
98cc4bb7
98d04bbc
98d34bc1
98d74bc7
98db4bcc
98de4bd1
98e24bd6
98e64bdb
98ea4be0
98ed4be5
98f14bea
98f54bef
98f84bf4
98fc4bf9
99004bfe
99044c03
99074c08
990b4c0d
990f4c12
99134c17
99164c1d
991a4c22
991e4c27
99224c2c
99254c31
99294c36
992d4c3b
99304c40
99344c45
99384c4a
993c4c4f
993f4c54
99434c59
99474c5e
994b4c63
994e4c68
99524c6d
99564c72
995a4c77
995d4c7c
99614c81
99654c86
99694c8b
996d4c91
99704c96
99744c9b
99784ca0
997c4ca5
997f4caa
99834caf
99874cb4
998b4cb9
998e4cbe
99924cc3
99964cc8
999a4ccd
999d4cd2
99a14cd7
99a54cdc
99a94ce1
99ad4ce6
99b04ceb
99b44cf0
99b84cf5
99bc4cfa
99bf4cff
99c34d04
99c74d09
99cb4d0e
99cf4d13
99d24d18
99d64d1d
99da4d22
99de4d27
99e14d2c
99e54d31
99e94d36
99ed4d3b
99f14d40
99f44d45
99f84d4a
99fc4d4f
9a004d54
9a044d59
9a074d5e
9a0b4d63
9a0f4d68
9a134d6d
9a174d72
9a1a4d77
9a1e4d7c
9a224d81
9a264d86
9a2a4d8b
9a2d4d90
9a314d95
9a354d9a
9a394d9f
9a3d4da4
9a404da9
9a444dae
9a484db3
9a4c4db8
9a504dbd
9a544dc2
9a574dc7
9a5b4dcc
9a5f4dd1
9a634dd6
9a674ddb
9a6a4de0
9a6e4de5
9a724dea
9a764def
9a7a4df4
9a7e4df9
9a814dfe
9a854e03
9a894e08
9a8d4e0d
9a914e12
9a954e17
9a984e1c
9a9c4e21
9aa04e26
9aa44e2b
9aa84e30
9aac4e35
9aaf4e3a
9ab34e3f
9ab74e44
9abb4e49
9abf4e4e
9ac34e53
9ac64e58
9aca4e5d
9ace4e62
9ad24e67
9ad64e6c
9ada4e71
9ade4e76
9ae14e7a
9ae54e7f
9ae94e84
9aed4e89
9af14e8e
9af54e93
9af94e98
9afc4e9d
9b004ea2
9b044ea7
9b084eac
9b0c4eb1
9b104eb6
9b144ebb
9b174ec0
9b1b4ec5
9b1f4eca
9b234ecf
9b274ed4
9b2b4ed9
9b2f4ede
9b334ee3
9b364ee8
9b3a4eec
9b3e4ef1
9b424ef6
9b464efb
9b4a4f00
9b4e4f05
9b524f0a
9b554f0f
9b594f14
9b5d4f19
9b614f1e
9b654f23
9b694f28
9b6d4f2d
9b714f32
9b754f37
9b784f3c
9b7c4f40
9b804f45
9b844f4a
9b884f4f
9b8c4f54
9b904f59
9b944f5e
9b984f63
9b9b4f68
9b9f4f6d
9ba34f72
9ba74f77
9bab4f7c
9baf4f81
9bb34f85
9bb74f8a
9bbb4f8f
9bbf4f94
9bc24f99
9bc64f9e
9bca4fa3
9bce4fa8
9bd24fad
9bd64fb2
9bda4fb7
9bde4fbc
9be24fc0
9be64fc5
9bea4fca
9bee4fcf
9bf14fd4
9bf54fd9
9bf94fde
9bfd4fe3
9c014fe8
9c054fed
9c094ff2
9c0d4ff6
9c114ffb
9c155000
9c195005
9c1d500a
9c21500f
9c245014
9c285019
9c2c501e
9c305023
9c345028
9c38502c
9c3c5031
9c405036
9c44503b
9c485040
9c4c5045
9c50504a
9c54504f
9c585054
9c5c5058
9c60505d
9c635062
9c675067
9c6b506c
9c6f5071
9c735076
9c77507b
9c7b5080
9c7f5084
9c835089
9c87508e
9c8b5093
9c8f5098
9c93509d
9c9750a2
9c9b50a7
9c9f50ac
9ca350b0
9ca750b5
9cab50ba
9caf50bf
9cb350c4
9cb750c9
9cba50ce
9cbe50d3
9cc250d7
9cc650dc
9cca50e1
9cce50e6
9cd250eb
9cd650f0
9cda50f5
9cde50f9
9ce250fe
9ce65103
9cea5108
9cee510d
9cf25112
9cf65117
9cfa511c
9cfe5120
9d025125
9d06512a
9d0a512f
9d0e5134
9d125139
9d16513e
9d1a5142
9d1e5147
9d22514c
9d265151
9d2a5156
9d2e515b
9d32515f
9d365164
9d3a5169
9d3e516e
9d425173
9d465178
9d4a517d
9d4e5181
9d525186
9d56518b
9d5a5190
9d5e5195
9d62519a
9d66519e
9d6a51a3
9d6e51a8
9d7251ad
9d7651b2
9d7a51b7
9d7e51bb
9d8251c0
9d8651c5
9d8a51ca
9d8e51cf
9d9251d4
9d9651d8
9d9a51dd
9d9e51e2
9da251e7
9da651ec
9daa51f1
9dae51f5
9db251fa
9db651ff
9dba5204
9dbe5209
9dc2520e
9dc65212
9dca5217
9dce521c
9dd25221
9dd65226
9dda522b
9ddf522f
9de35234
9de75239
9deb523e
9def5243
9df35247
9df7524c
9dfb5251
9dff5256
9e03525b
9e07525f
9e0b5264
9e0f5269
9e13526e
9e175273
9e1b5277
9e1f527c
9e235281
9e275286
9e2b528b
9e2f5290
9e335294
9e375299
9e3c529e
9e4052a3
9e4452a8
9e4852ac
9e4c52b1
9e5052b6
9e5452bb
9e5852bf
9e5c52c4
9e6052c9
9e6452ce
9e6852d3
9e6c52d7
9e7052dc
9e7452e1
9e7852e6
9e7d52eb
9e8152ef
9e8552f4
9e8952f9
9e8d52fe
9e915303
9e955307
9e99530c
9e9d5311
9ea15316
9ea5531a
9ea9531f
9ead5324
9eb25329
9eb6532e
9eba5332
9ebe5337
9ec2533c
9ec65341
9eca5345
9ece534a
9ed2534f
9ed65354
9eda5358
9edf535d
9ee35362
9ee75367
9eeb536c
9eef5370
9ef35375
9ef7537a
9efb537f
9eff5383
9f035388
9f07538d
9f0c5392
9f105396
9f14539b
9f1853a0
9f1c53a5
9f2053a9
9f2453ae
9f2853b3
9f2c53b8
9f3153bc
9f3553c1
9f3953c6
9f3d53cb
9f4153cf
9f4553d4
9f4953d9
9f4d53de
9f5153e2
9f5653e7
9f5a53ec
9f5e53f1
9f6253f5
9f6653fa
9f6a53ff
9f6e5404
9f725408
9f77540d
9f7b5412
9f7f5417
9f83541b
9f875420
9f8b5425
9f8f542a
9f93542e
9f985433
9f9c5438
9fa0543c
9fa45441
9fa85446
9fac544b
9fb0544f
9fb55454
9fb95459
9fbd545e
9fc15462
9fc55467
9fc9546c
9fcd5470
9fd25475
9fd6547a
9fda547f
9fde5483
9fe25488
9fe6548d
9fea5491
9fef5496
9ff3549b
9ff754a0
9ffb54a4
9fff54a9
a00354ae
a00754b2
a00c54b7
a01054bc
a01454c1
a01854c5
a01c54ca
a02054cf
a02554d3
a02954d8
a02d54dd
a03154e2
a03554e6
a03954eb
a03e54f0
a04254f4
a04654f9
a04a54fe
a04e5502
a0525507
a057550c
a05b5511
a05f5515
a063551a
a067551f
a06c5523
a0705528
a074552d
a0785531
a07c5536
a080553b
a085553f
a0895544
a08d5549
a091554e
a0955552
a09a5557
a09e555c
a0a25560
a0a65565
a0aa556a
a0af556e
a0b35573
a0b75578
a0bb557c
a0bf5581
a0c45586
a0c8558a
a0cc558f
a0d05594
a0d45598
a0d9559d
a0dd55a2
a0e155a6
a0e555ab
a0e955b0
a0ee55b4
a0f255b9
a0f655be
a0fa55c2
a0fe55c7
a10355cc
a10755d0
a10b55d5
a10f55da
a11355de
a11855e3
a11c55e8
a12055ec
a12455f1
a12955f6
a12d55fa
a13155ff
a1355604
a1395608
a13e560d
a1425612
a1465616
a14a561b
a14f5620
a1535624
a1575629
a15b562d
a15f5632
a1645637
a168563b
a16c5640
a1705645
a1755649
a179564e
a17d5653
a1815657
a186565c
a18a5661
a18e5665
a192566a
a197566e
a19b5673
a19f5678
a1a3567c
a1a85681
a1ac5686
a1b0568a
a1b4568f
a1b85693
a1bd5698
a1c1569d
a1c556a1
a1c956a6
a1ce56ab
a1d256af
a1d656b4
a1db56b8
a1df56bd
a1e356c2
a1e756c6
a1ec56cb
a1f056d0
a1f456d4
a1f856d9
a1fd56dd
a20156e2
a20556e7
a20956eb
a20e56f0
a21256f4
a21656f9
a21a56fe
a21f5702
a2235707
a227570c
a22c5710
a2305715
a2345719
a238571e
a23d5723
a2415727
a245572c
a2495730
a24e5735
a252573a
a256573e
a25b5743
a25f5747
a263574c
a2675751
a26c5755
a270575a
a274575e
a2795763
a27d5767
a281576c
a2865771
a28a5775
a28e577a
a292577e
a2975783
a29b5788
a29f578c
a2a45791
a2a85795
a2ac579a
a2b0579f
a2b557a3
a2b957a8
a2bd57ac
a2c257b1
a2c657b5
a2ca57ba
a2cf57bf
a2d357c3
a2d757c8
a2dc57cc
a2e057d1
a2e457d5
a2e857da
a2ed57df
a2f157e3
a2f557e8
a2fa57ec
a2fe57f1
a30257f5
a30757fa
a30b57ff
a30f5803
a3145808
a318580c
a31c5811
a3215815
a325581a
a329581e
a32e5823
a3325828
a336582c
a33b5831
a33f5835
a343583a
a348583e
a34c5843
a3505847
a355584c
a3595851
a35d5855
a362585a
a366585e
a36a5863
a36f5867
a373586c
a3775870
a37c5875
a3805879
a384587e
a3895882
a38d5887
a391588c
a3965890
a39a5895
a39e5899
a3a3589e
a3a758a2
a3ab58a7
a3b058ab
a3b458b0
a3b858b4
a3bd58b9
a3c158bd
a3c658c2
a3ca58c6
a3ce58cb
a3d358d0
a3d758d4
a3db58d9
a3e058dd
a3e458e2
a3e858e6
a3ed58eb
a3f158ef
a3f658f4
a3fa58f8
a3fe58fd
a4035901
a4075906
a40b590a
a410590f
a4145913
a4185918
a41d591c
a4215921
a4265925
a42a592a
a42e592e
a4335933
a4375937
a43b593c
a4405940
a4445945
a4495949
a44d594e
a4515952
a4565957
a45a595b
a45f5960
a4635964
a4675969
a46c596d
a4705972
a4745976
a479597b
a47d597f
a4825984
a4865988
a48a598d
a48f5991
a4935996
a498599a
a49c599f
a4a059a3
a4a559a8
a4a959ac
a4ae59b1
a4b259b5
a4b659ba
a4bb59be
a4bf59c3
a4c459c7
a4c859cc
a4cc59d0
a4d159d5
a4d559d9
a4da59de
a4de59e2
a4e359e6
a4e759eb
a4eb59ef
a4f059f4
a4f459f8
a4f959fd
a4fd5a01
a5015a06
a5065a0a
a50a5a0f
a50f5a13
a5135a18
a5185a1c
a51c5a21
a5205a25
a5255a29
a5295a2e
a52e5a32
a5325a37
a5375a3b
a53b5a40
a53f5a44
a5445a49
a5485a4d
a54d5a52
a5515a56
a5565a5a
a55a5a5f
a55e5a63
a5635a68
a5675a6c
a56c5a71
a5705a75
a5755a7a
a5795a7e
a57e5a82
a5825a87
a5865a8b
a58b5a90
a58f5a94
a5945a99
a5985a9d
a59d5aa2
a5a15aa6
a5a65aaa
a5aa5aaf
a5ae5ab3
a5b35ab8
a5b75abc
a5bc5ac1
a5c05ac5
a5c55ac9
a5c95ace
a5ce5ad2
a5d25ad7
a5d75adb
a5db5ae0
a5df5ae4
a5e45ae8
a5e85aed
a5ed5af1
a5f15af6
a5f65afa
a5fa5aff
a5ff5b03
a6035b07
a6085b0c
a60c5b10
a6115b15
a6155b19
a61a5b1d
a61e5b22
a6225b26
a6275b2b
a62b5b2f
a6305b34
a6345b38
a6395b3c
a63d5b41
a6425b45
a6465b4a
a64b5b4e
a64f5b52
a6545b57
a6585b5b
a65d5b60
a6615b64
a6665b68
a66a5b6d
a66f5b71
a6735b76
a6785b7a
a67c5b7e
a6815b83
a6855b87
a68a5b8c
a68e5b90
a6935b94
a6975b99
a69c5b9d
a6a05ba1
a6a55ba6
a6a95baa
a6ae5baf
a6b25bb3
a6b75bb7
a6bb5bbc
a6c05bc0
a6c45bc5
a6c95bc9
a6cd5bcd
a6d25bd2
a6d65bd6
a6db5bda
a6df5bdf
a6e45be3
a6e85be8
a6ed5bec
a6f15bf0
a6f65bf5
a6fa5bf9
a6ff5bfd
a7035c02
a7085c06
a70c5c0a
a7115c0f
a7155c13
a71a5c18
a71e5c1c
a7235c20
a7275c25
a72c5c29
a7305c2d
a7355c32
a73a5c36
a73e5c3a
a7435c3f
a7475c43
a74c5c48
a7505c4c
a7555c50
a7595c55
a75e5c59
a7625c5d
a7675c62
a76b5c66
a7705c6a
a7745c6f
a7795c73
a77e5c77
a7825c7c
a7875c80
a78b5c84
a7905c89
a7945c8d
a7995c91
a79d5c96
a7a25c9a
a7a65c9e
a7ab5ca3
a7af5ca7
a7b45cab
a7b95cb0
a7bd5cb4
a7c25cb8
a7c65cbd
a7cb5cc1
a7cf5cc5
a7d45cca
a7d85cce
a7dd5cd2
a7e25cd7
a7e65cdb
a7eb5cdf
a7ef5ce4
a7f45ce8
a7f85cec
a7fd5cf1
a8015cf5
a8065cf9
a80b5cfe
a80f5d02
a8145d06
a8185d0b
a81d5d0f
a8215d13
a8265d18
a82b5d1c
a82f5d20
a8345d24
a8385d29
a83d5d2d
a8415d31
a8465d36
a84b5d3a
a84f5d3e
a8545d43
a8585d47
a85d5d4b
a8615d50
a8665d54
a86b5d58
a86f5d5c
a8745d61
a8785d65
a87d5d69
a8825d6e
a8865d72
a88b5d76
a88f5d7a
a8945d7f
a8995d83
a89d5d87
a8a25d8c
a8a65d90
a8ab5d94
a8af5d99
a8b45d9d
a8b95da1
a8bd5da5
a8c25daa
a8c65dae
a8cb5db2
a8d05db7
a8d45dbb
a8d95dbf
a8dd5dc3
a8e25dc8
a8e75dcc
a8eb5dd0
a8f05dd4
a8f45dd9
a8f95ddd
a8fe5de1
a9025de6
a9075dea
a90c5dee
a9105df2
a9155df7
a9195dfb
a91e5dff
a9235e03
a9275e08
a92c5e0c
a9305e10
a9355e14
a93a5e19
a93e5e1d
a9435e21
a9485e25
a94c5e2a
a9515e2e
a9555e32
a95a5e37
a95f5e3b
a9635e3f
a9685e43
a96d5e48
a9715e4c
a9765e50
a97a5e54
a97f5e58
a9845e5d
a9885e61
a98d5e65
a9925e69
a9965e6e
a99b5e72
a99f5e76
a9a45e7a
a9a95e7f
a9ad5e83
a9b25e87
a9b75e8b
a9bb5e90
a9c05e94
a9c55e98
a9c95e9c
a9ce5ea1
a9d35ea5
a9d75ea9
a9dc5ead
a9e05eb1
a9e55eb6
a9ea5eba
a9ee5ebe
a9f35ec2
a9f85ec7
a9fc5ecb
aa015ecf
aa065ed3
aa0a5ed7
aa0f5edc
aa145ee0
aa185ee4
aa1d5ee8
aa225eed
aa265ef1
aa2b5ef5
aa305ef9
aa345efd
aa395f02
aa3e5f06
aa425f0a
aa475f0e
aa4c5f12
aa505f17
aa555f1b
aa5a5f1f
aa5e5f23
aa635f27
aa685f2c
aa6c5f30
aa715f34
aa765f38
aa7a5f3c
aa7f5f41
aa845f45
aa885f49
aa8d5f4d
aa925f51
aa965f56
aa9b5f5a
aaa05f5e
aaa45f62
aaa95f66
aaae5f6b
aab25f6f
aab75f73
aabc5f77
aac15f7b
aac55f80
aaca5f84
aacf5f88
aad35f8c
aad85f90
aadd5f94
aae15f99
aae65f9d
aaeb5fa1
aaef5fa5
aaf45fa9
aaf95fae
aafe5fb2
ab025fb6
ab075fba
ab0c5fbe
ab105fc2
ab155fc7
ab1a5fcb
ab1e5fcf
ab235fd3
ab285fd7
ab2d5fdb
ab315fe0
ab365fe4
ab3b5fe8
ab3f5fec
ab445ff0
ab495ff4
ab4e5ff9
ab525ffd
ab576001
ab5c6005
ab606009
ab65600d
ab6a6011
ab6f6016
ab73601a
ab78601e
ab7d6022
ab816026
ab86602a
ab8b602e
ab906033
ab946037
ab99603b
ab9e603f
aba26043
aba76047
abac604b
abb16050
abb56054
abba6058
abbf605c
abc46060
abc86064
abcd6068
abd2606d
abd66071
abdb6075
abe06079
abe5607d
abe96081
abee6085
abf36089
abf8608e
abfc6092
ac016096
ac06609a
ac0b609e
ac0f60a2
ac1460a6
ac1960aa
ac1e60af
ac2260b3
ac2760b7
ac2c60bb
ac3160bf
ac3560c3
ac3a60c7
ac3f60cb
ac4460cf
ac4860d4
ac4d60d8
ac5260dc
ac5760e0
ac5b60e4
ac6060e8
ac6560ec
ac6a60f0
ac6e60f4
ac7360f9
ac7860fd
ac7d6101
ac816105
ac866109
ac8b610d
ac906111
ac946115
ac996119
ac9e611d
aca36121
aca86126
acac612a
acb1612e
acb66132
acbb6136
acbf613a
acc4613e
acc96142
acce6146
acd2614a
acd7614e
acdc6153
ace16157
ace6615b
acea615f
acef6163
acf46167
acf9616b
acfd616f
ad026173
ad076177
ad0c617b
ad11617f
ad156183
ad1a6188
ad1f618c
ad246190
ad296194
ad2d6198
ad32619c
ad3761a0
ad3c61a4
ad4161a8
ad4561ac
ad4a61b0
ad4f61b4
ad5461b8
ad5861bc
ad5d61c0
ad6261c4
ad6761c9
ad6c61cd
ad7061d1
ad7561d5
ad7a61d9
ad7f61dd
ad8461e1
ad8961e5
ad8d61e9
ad9261ed
ad9761f1
ad9c61f5
ada161f9
ada561fd
adaa6201
adaf6205
adb46209
adb9620d
adbd6211
adc26215
adc76219
adcc621d
add16221
add56226
adda622a
addf622e
ade46232
ade96236
adee623a
adf2623e
adf76242
adfc6246
ae01624a
ae06624e
ae0b6252
ae0f6256
ae14625a
ae19625e
ae1e6262
ae236266
ae28626a
ae2c626e
ae316272
ae366276
ae3b627a
ae40627e
ae456282
ae496286
ae4e628a
ae53628e
ae586292
ae5d6296
ae62629a
ae66629e
ae6b62a2
ae7062a6
ae7562aa
ae7a62ae
ae7f62b2
ae8362b6
ae8862ba
ae8d62be
ae9262c2
ae9762c6
ae9c62ca
aea162ce
aea562d2
aeaa62d6
aeaf62da
aeb462de
aeb962e2
aebe62e6
aec262ea
aec762ee
aecc62f2
aed162f6
aed662fa
aedb62fe
aee06302
aee46306
aee9630a
aeee630e
aef36312
aef86316
aefd631a
af02631e
af076322
af0b6326
af10632a
af15632e
af1a6332
af1f6336
af24633a
af29633e
af2d6342
af326346
af376349
af3c634d
af416351
af466355
af4b6359
af50635d
af546361
af596365
af5e6369
af63636d
af686371
af6d6375
af726379
af77637d
af7c6381
af806385
af856389
af8a638d
af8f6391
af946395
af996399
af9e639d
afa363a0
afa863a4
afac63a8
afb163ac
afb663b0
afbb63b4
afc063b8
afc563bc
afca63c0
afcf63c4
afd463c8
afd863cc
afdd63d0
afe263d4
afe763d8
afec63dc
aff163df
aff663e3
affb63e7
b00063eb
b00563ef
b00a63f3
b00e63f7
b01363fb
b01863ff
b01d6403
b0226407
b027640b
b02c640f
b0316412
b0366416
b03b641a
b040641e
b0446422
b0496426
b04e642a
b053642e
b0586432
b05d6436
b062643a
b067643e
b06c6441
b0716445
b0766449
b07b644d
b07f6451
b0846455
b0896459
b08e645d
b0936461
b0986465
b09d6468
b0a2646c
b0a76470
b0ac6474
b0b16478
b0b6647c
b0bb6480
b0c06484
b0c46488
b0c9648b
b0ce648f
b0d36493
b0d86497
b0dd649b
b0e2649f
b0e764a3
b0ec64a7
b0f164ab
b0f664ae
b0fb64b2
b10064b6
b10564ba
b10a64be
b10f64c2
b11464c6
b11864ca
b11d64cd
b12264d1
b12764d5
b12c64d9
b13164dd
b13664e1
b13b64e5
b14064e9
b14564ec
b14a64f0
b14f64f4
b15464f8
b15964fc
b15e6500
b1636504
b1686507
b16d650b
b172650f
b1776513
b17c6517
b181651b
b186651f
b18a6522
b18f6526
b194652a
b199652e
b19e6532
b1a36536
b1a8653a
b1ad653d
b1b26541
b1b76545
b1bc6549
b1c1654d
b1c66551
b1cb6554
b1d06558
b1d5655c
b1da6560
b1df6564
b1e46568
b1e9656b
b1ee656f
b1f36573
b1f86577
b1fd657b
b202657f
b2076582
b20c6586
b211658a
b216658e
b21b6592
b2206596
b2256599
b22a659d
b22f65a1
b23465a5
b23965a9
b23e65ac
b24365b0
b24865b4
b24d65b8
b25265bc
b25765c0
b25c65c3
b26165c7
b26665cb
b26b65cf
b27065d3
b27565d6
b27a65da
b27f65de
b28465e2
b28965e6
b28e65e9
b29365ed
b29865f1
b29d65f5
b2a265f9
b2a765fc
b2ac6600
b2b16604
b2b66608
b2bb660c
b2c0660f
b2c56613
b2ca6617
b2cf661b
b2d4661f
b2d96622
b2de6626
b2e3662a
b2e8662e
b2ed6631
b2f26635
b2f76639
b2fc663d
b3016641
b3066644
b30b6648
b310664c
b3156650
b31a6653
b31f6657
b324665b
b329665f
b32e6663
b3336666
b338666a
b33d666e
b3426672
b3476675
b34c6679
b351667d
b3566681
b35b6684
b3606688
b365668c
b36a6690
b36f6693
b3756697
b37a669b
b37f669f
b38466a3
b38966a6
b38e66aa
b39366ae
b39866b2
b39d66b5
b3a266b9
b3a766bd
b3ac66c1
b3b166c4
b3b666c8
b3bb66cc
b3c066d0
b3c566d3
b3ca66d7
b3cf66db
b3d466de
b3d966e2
b3de66e6
b3e366ea
b3e966ed
b3ee66f1
b3f366f5
b3f866f9
b3fd66fc
b4026700
b4076704
b40c6708
b411670b
b416670f
b41b6713
b4206716
b425671a
b42a671e
b42f6722
b4346725
b4396729
b43f672d
b4446730
b4496734
b44e6738
b453673c
b458673f
b45d6743
b4626747
b467674a
b46c674e
b4716752
b4766756
b47b6759
b480675d
b4856761
b48b6764
b4906768
b495676c
b49a6770
b49f6773
b4a46777
b4a9677b
b4ae677e
b4b36782
b4b86786
b4bd6789
b4c2678d
b4c86791
b4cd6795
b4d26798
b4d7679c
b4dc67a0
b4e167a3
b4e667a7
b4eb67ab
b4f067ae
b4f567b2
b4fa67b6
b4ff67b9
b50567bd
b50a67c1
b50f67c4
b51467c8
b51967cc
b51e67cf
b52367d3
b52867d7
b52d67da
b53267de
b53867e2
b53d67e5
b54267e9
b54767ed
b54c67f0
b55167f4
b55667f8
b55b67fb
b56067ff
b5656803
b56b6806
b570680a
b575680e
b57a6811
b57f6815
b5846819
b589681c
b58e6820
b5936824
b5996827
b59e682b
b5a3682f
b5a86832
b5ad6836
b5b2683a
b5b7683d
b5bc6841
b5c16845
b5c76848
b5cc684c
b5d16850
b5d66853
b5db6857
b5e0685a
b5e5685e
b5ea6862
b5f06865
b5f56869
b5fa686d
b5ff6870
b6046874
b6096878
b60e687b
b613687f
b6196882
b61e6886
b623688a
b628688d
b62d6891
b6326895
b6376898
b63d689c
b642689f
b64768a3
b64c68a7
b65168aa
b65668ae
b65b68b1
b66068b5
b66668b9
b66b68bc
b67068c0
b67568c4
b67a68c7
b67f68cb
b68468ce
b68a68d2
b68f68d6
b69468d9
b69968dd
b69e68e0
b6a368e4
b6a868e8
b6ae68eb
b6b368ef
b6b868f2
b6bd68f6
b6c268fa
b6c768fd
b6cd6901
b6d26904
b6d76908
b6dc690c
b6e1690f
b6e66913
b6eb6916
b6f1691a
b6f6691d
b6fb6921
b7006925
b7056928
b70a692c
b710692f
b7156933
b71a6937
b71f693a
b724693e
b7296941
b72f6945
b7346948
b739694c
b73e6950
b7436953
b7486957
b74e695a
b753695e
b7586961
b75d6965
b7626969
b767696c
b76d6970
b7726973
b7776977
b77c697a
b781697e
b7876981
b78c6985
b7916989
b796698c
b79b6990
b7a06993
b7a66997
b7ab699a
b7b0699e
b7b569a1
b7ba69a5
b7c069a9
b7c569ac
b7ca69b0
b7cf69b3
b7d469b7
b7da69ba
b7df69be
b7e469c1
b7e969c5
b7ee69c8
b7f369cc
b7f969d0
b7fe69d3
b80369d7
b80869da
b80d69de
b81369e1
b81869e5
b81d69e8
b82269ec
b82769ef
b82d69f3
b83269f6
b83769fa
b83c69fd
b8416a01
b8476a04
b84c6a08
b8516a0b
b8566a0f
b85b6a12
b8616a16
b8666a1a
b86b6a1d
b8706a21
b8766a24
b87b6a28
b8806a2b
b8856a2f
b88a6a32
b8906a36
b8956a39
b89a6a3d
b89f6a40
b8a46a44
b8aa6a47
b8af6a4b
b8b46a4e
b8b96a52
b8bf6a55
b8c46a59
b8c96a5c
b8ce6a60
b8d36a63
b8d96a67
b8de6a6a
b8e36a6e
b8e86a71
b8ee6a75
b8f36a78
b8f86a7c
b8fd6a7f
b9026a83
b9086a86
b90d6a89
b9126a8d
b9176a90
b91d6a94
b9226a97
b9276a9b
b92c6a9e
b9326aa2
b9376aa5
b93c6aa9
b9416aac
b9466ab0
b94c6ab3
b9516ab7
b9566aba
b95b6abe
b9616ac1
b9666ac5
b96b6ac8
b9706acb
b9766acf
b97b6ad2
b9806ad6
b9856ad9
b98b6add
b9906ae0
b9956ae4
b99a6ae7
b9a06aeb
b9a56aee
b9aa6af2
b9af6af5
b9b56af8
b9ba6afc
b9bf6aff
b9c46b03
b9ca6b06
b9cf6b0a
b9d46b0d
b9d96b11
b9df6b14
b9e46b17
b9e96b1b
b9ee6b1e
b9f46b22
b9f96b25
b9fe6b29
ba036b2c
ba096b30
ba0e6b33
ba136b36
ba186b3a
ba1e6b3d
ba236b41
ba286b44
ba2e6b48
ba336b4b
ba386b4e
ba3d6b52
ba436b55
ba486b59
ba4d6b5c
ba526b5f
ba586b63
ba5d6b66
ba626b6a
ba676b6d
ba6d6b71
ba726b74
ba776b77
ba7d6b7b
ba826b7e
ba876b82
ba8c6b85
ba926b88
ba976b8c
ba9c6b8f
baa26b93
baa76b96
baac6b99
bab16b9d
bab76ba0
babc6ba4
bac16ba7
bac76baa
bacc6bae
bad16bb1
bad66bb5
badc6bb8
bae16bbb
bae66bbf
baec6bc2
baf16bc6
baf66bc9
bafb6bcc
bb016bd0
bb066bd3
bb0b6bd7
bb116bda
bb166bdd
bb1b6be1
bb206be4
bb266be7
bb2b6beb
bb306bee
bb366bf2
bb3b6bf5
bb406bf8
bb466bfc
bb4b6bff
bb506c02
bb556c06
bb5b6c09
bb606c0d
bb656c10
bb6b6c13
bb706c17
bb756c1a
bb7b6c1d
bb806c21
bb856c24
bb8b6c28
bb906c2b
bb956c2e
bb9a6c32
bba06c35
bba56c38
bbaa6c3c
bbb06c3f
bbb56c42
bbba6c46
bbc06c49
bbc56c4c
bbca6c50
bbd06c53
bbd56c56
bbda6c5a
bbe06c5d
bbe56c61
bbea6c64
bbef6c67
bbf56c6b
bbfa6c6e
bbff6c71
bc056c75
bc0a6c78
bc0f6c7b
bc156c7f
bc1a6c82
bc1f6c85
bc256c89
bc2a6c8c
bc2f6c8f
bc356c93
bc3a6c96
bc3f6c99
bc456c9d
bc4a6ca0
bc4f6ca3
bc556ca6
bc5a6caa
bc5f6cad
bc656cb0
bc6a6cb4
bc6f6cb7
bc756cba
bc7a6cbe
bc7f6cc1
bc856cc4
bc8a6cc8
bc8f6ccb
bc956cce
bc9a6cd2
bc9f6cd5
bca56cd8
bcaa6cdc
bcaf6cdf
bcb56ce2
bcba6ce5
bcc06ce9
bcc56cec
bcca6cef
bcd06cf3
bcd56cf6
bcda6cf9
bce06cfd
bce56d00
bcea6d03
bcf06d06
bcf56d0a
bcfa6d0d
bd006d10
bd056d14
bd0a6d17
bd106d1a
bd156d1d
bd1a6d21
bd206d24
bd256d27
bd2b6d2b
bd306d2e
bd356d31
bd3b6d34
bd406d38
bd456d3b
bd4b6d3e
bd506d41
bd556d45
bd5b6d48
bd606d4b
bd666d4f
bd6b6d52
bd706d55
bd766d58
bd7b6d5c
bd806d5f
bd866d62
bd8b6d65
bd906d69
bd966d6c
bd9b6d6f
bda16d72
bda66d76
bdab6d79
bdb16d7c
bdb66d7f
bdbb6d83
bdc16d86
bdc66d89
bdcc6d8c
bdd16d90
bdd66d93
bddc6d96
bde16d99
bde66d9d
bdec6da0
bdf16da3
bdf76da6
bdfc6daa
be016dad
be076db0
be0c6db3
be126db7
be176dba
be1c6dbd
be226dc0
be276dc4
be2c6dc7
be326dca
be376dcd
be3d6dd1
be426dd4
be476dd7
be4d6dda
be526ddd
be586de1
be5d6de4
be626de7
be686dea
be6d6dee
be736df1
be786df4
be7d6df7
be836dfa
be886dfe
be8e6e01
be936e04
be986e07
be9e6e0a
bea36e0e
bea96e11
beae6e14
beb36e17
beb96e1a
bebe6e1e
bec46e21
bec96e24
bece6e27
bed46e2a
bed96e2e
bedf6e31
bee46e34
bee96e37
beef6e3a
bef46e3e
befa6e41
beff6e44
bf056e47
bf0a6e4a
bf0f6e4e
bf156e51
bf1a6e54
bf206e57
bf256e5a
bf2a6e5e
bf306e61
bf356e64
bf3b6e67
bf406e6a
bf466e6d
bf4b6e71
bf506e74
bf566e77
bf5b6e7a
bf616e7d
bf666e80
bf6b6e84
bf716e87
bf766e8a
bf7c6e8d
bf816e90
bf876e93
bf8c6e97
bf916e9a
bf976e9d
bf9c6ea0
bfa26ea3
bfa76ea6
bfad6eaa
bfb26ead
bfb86eb0
bfbd6eb3
bfc26eb6
bfc86eb9
bfcd6ebd
bfd36ec0
bfd86ec3
bfde6ec6
bfe36ec9
bfe86ecc
bfee6ecf
bff36ed3
bff96ed6
bffe6ed9
c0046edc
c0096edf
c00f6ee2
c0146ee5
c0196ee9
c01f6eec
c0246eef
c02a6ef2
c02f6ef5
c0356ef8
c03a6efb
c0406eff
c0456f02
c04a6f05
c0506f08
c0556f0b
c05b6f0e
c0606f11
c0666f14
c06b6f18
c0716f1b
c0766f1e
c07b6f21
c0816f24
c0866f27
c08c6f2a
c0916f2d
c0976f30
c09c6f34
c0a26f37
c0a76f3a
c0ad6f3d
c0b26f40
c0b86f43
c0bd6f46
c0c26f49
c0c86f4c
c0cd6f50
c0d36f53
c0d86f56
c0de6f59
c0e36f5c
c0e96f5f
c0ee6f62
c0f46f65
c0f96f68
c0ff6f6b
c1046f6e
c10a6f72
c10f6f75
c1146f78
c11a6f7b
c11f6f7e
c1256f81
c12a6f84
c1306f87
c1356f8a
c13b6f8d
c1406f90
c1466f94
c14b6f97
c1516f9a
c1566f9d
c15c6fa0
c1616fa3
c1676fa6
c16c6fa9
c1726fac
c1776faf
c17d6fb2
c1826fb5
c1886fb8
c18d6fbb
c1926fbf
c1986fc2
c19d6fc5
c1a36fc8
c1a86fcb
c1ae6fce
c1b36fd1
c1b96fd4
c1be6fd7
c1c46fda
c1c96fdd
c1cf6fe0
c1d46fe3
c1da6fe6
c1df6fe9
c1e56fec
c1ea6fef
c1f06ff2
c1f56ff6
c1fb6ff9
c2006ffc
c2066fff
c20b7002
c2117005
c2167008
c21c700b
c221700e
c2277011
c22c7014
c2327017
c237701a
c23d701d
c2427020
c2487023
c24d7026
c2537029
c258702c
c25e702f
c2637032
c2697035
c26e7038
c274703b
c279703e
c27f7041
c2847044
c28a7047
c28f704a
c295704d
c29a7050
c2a07053
c2a57056
c2ab7059
c2b0705c
c2b6705f
c2bc7062
c2c17065
c2c77068
c2cc706b
c2d2706e
c2d77071
c2dd7074
c2e27077
c2e8707a
c2ed707d
c2f37080
c2f87083
c2fe7086
c3037089
c309708c
c30e708f
c3147092
c3197095
c31f7098
c324709b
c32a709e
c33070a1
c33570a4
c33b70a7
c34070aa
c34670ad
c34b70b0
c35170b3
c35670b6
c35c70b9
c36170bc
c36770bf
c36c70c2
c37270c5
c37770c8
c37d70cb
c38270ce
c38870d1
c38e70d4
c39370d7
c39970da
c39e70dd
c3a470e0
c3a970e3
c3af70e6
c3b470e9
c3ba70ec
c3bf70ef
c3c570f2
c3cb70f5
c3d070f8
c3d670fa
c3db70fd
c3e17100
c3e67103
c3ec7106
c3f17109
c3f7710c
c3fc710f
c4027112
c4087115
c40d7118
c413711b
c418711e
c41e7121
c4237124
c4297127
c42e712a
c434712d
c43a712f
c43f7132
c4457135
c44a7138
c450713b
c455713e
c45b7141
c4607144
c4667147
c46c714a
c471714d
c4777150
c47c7153
c4827155
c4877158
c48d715b
c493715e
c4987161
c49e7164
c4a37167
c4a9716a
c4ae716d
c4b47170
c4b97173
c4bf7176
c4c57178
c4ca717b
c4d0717e
c4d57181
c4db7184
c4e07187
c4e6718a
c4ec718d
c4f17190
c4f77193
c4fc7195
c5027198
c507719b
c50d719e
c51371a1
c51871a4
c51e71a7
c52371aa
c52971ad
c52f71b0
c53471b2
c53a71b5
c53f71b8
c54571bb
c54a71be
c55071c1
c55671c4
c55b71c7
c56171c9
c56671cc
c56c71cf
c57271d2
c57771d5
c57d71d8
c58271db
c58871de
c58d71e0
c59371e3
c59971e6
c59e71e9
c5a471ec
c5a971ef
c5af71f2
c5b571f5
c5ba71f7
c5c071fa
c5c571fd
c5cb7200
c5d17203
c5d67206
c5dc7209
c5e1720b
c5e7720e
c5ed7211
c5f27214
c5f87217
c5fd721a
c603721c
c609721f
c60e7222
c6147225
c6197228
c61f722b
c625722e
c62a7230
c6307233
c6357236
c63b7239
c641723c
c646723f
c64c7241
c6517244
c6577247
c65d724a
c662724d
c6687250
c66e7252
c6737255
c6797258
c67e725b
c684725e
c68a7260
c68f7263
c6957266
c69a7269
c6a0726c
c6a6726f
c6ab7271
c6b17274
c6b77277
c6bc727a
c6c2727d
c6c7727f
c6cd7282
c6d37285
c6d87288
c6de728b
c6e3728d
c6e97290
c6ef7293
c6f47296
c6fa7299
c700729b
c705729e
c70b72a1
c71072a4
c71672a7
c71c72a9
c72172ac
c72772af
c72d72b2
c73272b5
c73872b7
c73e72ba
c74372bd
c74972c0
c74e72c3
c75472c5
c75a72c8
c75f72cb
c76572ce
c76b72d0
c77072d3
c77672d6
c77c72d9
c78172dc
c78772de
c78c72e1
c79272e4
c79872e7
c79d72e9
c7a372ec
c7a972ef
c7ae72f2
c7b472f4
c7ba72f7
c7bf72fa
c7c572fd
c7ca72ff
c7d07302
c7d67305
c7db7308
c7e1730b
c7e7730d
c7ec7310
c7f27313
c7f87316
c7fd7318
c803731b
c809731e
c80e7321
c8147323
c81a7326
c81f7329
c825732c
c82b732e
c8307331
c8367334
c83b7336
c8417339
c847733c
c84c733f
c8527341
c8587344
c85d7347
c863734a
c869734c
c86e734f
c8747352
c87a7355
c87f7357
c885735a
c88b735d
c890735f
c8967362
c89c7365
c8a17368
c8a7736a
c8ad736d
c8b27370
c8b87372
c8be7375
c8c37378
c8c9737b
c8cf737d
c8d47380
c8da7383
c8e07385
c8e57388
c8eb738b
c8f1738e
c8f67390
c8fc7393
c9027396
c9077398
c90d739b
c913739e
c91873a0
c91e73a3
c92473a6
c92973a8
c92f73ab
c93573ae
c93b73b1
c94073b3
c94673b6
c94c73b9
c95173bb
c95773be
c95d73c1
c96273c3
c96873c6
c96e73c9
c97373cb
c97973ce
c97f73d1
c98473d3
c98a73d6
c99073d9
c99573db
c99b73de
c9a173e1
c9a773e3
c9ac73e6
c9b273e9
c9b873eb
c9bd73ee
c9c373f1
c9c973f3
c9ce73f6
c9d473f9
c9da73fb
c9df73fe
c9e57401
c9eb7403
c9f17406
c9f67409
c9fc740b
ca02740e
ca077411
ca0d7413
ca137416
ca187419
ca1e741b
ca24741e
ca297421
ca2f7423
ca357426
ca3b7428
ca40742b
ca46742e
ca4c7430
ca517433
ca577436
ca5d7438
ca63743b
ca68743e
ca6e7440
ca747443
ca797445
ca7f7448
ca85744b
ca8a744d
ca907450
ca967453
ca9c7455
caa17458
caa7745a
caad745d
cab27460
cab87462
cabe7465
cac47467
cac9746a
cacf746d
cad5746f
cada7472
cae07475
cae67477
caec747a
caf1747c
caf7747f
cafd7482
cb027484
cb087487
cb0e7489
cb14748c
cb19748f
cb1f7491
cb257494
cb2b7496
cb307499
cb36749c
cb3c749e
cb4174a1
cb4774a3
cb4d74a6
cb5374a8
cb5874ab
cb5e74ae
cb6474b0
cb6974b3
cb6f74b5
cb7574b8
cb7b74bb
cb8074bd
cb8674c0
cb8c74c2
cb9274c5
cb9774c7
cb9d74ca
cba374cd
cba974cf
cbae74d2
cbb474d4
cbba74d7
cbbf74d9
cbc574dc
cbcb74df
cbd174e1
cbd674e4
cbdc74e6
cbe274e9
cbe874eb
cbed74ee
cbf374f0
cbf974f3
cbff74f6
cc0474f8
cc0a74fb
cc1074fd
cc167500
cc1b7502
cc217505
cc277507
cc2d750a
cc32750c
cc38750f
cc3e7512
cc447514
cc497517
cc4f7519
cc55751c
cc5b751e
cc607521
cc667523
cc6c7526
cc727528
cc77752b
cc7d752d
cc837530
cc897532
cc8e7535
cc947538
cc9a753a
cca0753d
cca5753f
ccab7542
ccb17544
ccb77547
ccbc7549
ccc2754c
ccc8754e
ccce7551
ccd37553
ccd97556
ccdf7558
cce5755b
ccea755d
ccf07560
ccf67562
ccfc7565
cd017567
cd07756a
cd0d756c
cd13756f
cd187571
cd1e7574
cd247576
cd2a7579
cd30757b
cd35757e
cd3b7580
cd417583
cd477585
cd4c7588
cd52758a
cd58758d
cd5e758f
cd637592
cd697594
cd6f7597
cd757599
cd7b759c
cd80759e
cd8675a1
cd8c75a3
cd9275a6
cd9775a8
cd9d75aa
cda375ad
cda975af
cdaf75b2
cdb475b4
cdba75b7
cdc075b9
cdc675bc
cdcb75be
cdd175c1
cdd775c3
cddd75c6
cde375c8
cde875cb
cdee75cd
cdf475cf
cdfa75d2
cdff75d4
ce0575d7
ce0b75d9
ce1175dc
ce1775de
ce1c75e1
ce2275e3
ce2875e6
ce2e75e8
ce3475ea
ce3975ed
ce3f75ef
ce4575f2
ce4b75f4
ce5075f7
ce5675f9
ce5c75fb
ce6275fe
ce687600
ce6d7603
ce737605
ce797608
ce7f760a
ce85760d
ce8a760f
ce907611
ce967614
ce9c7616
cea27619
cea7761b
cead761d
ceb37620
ceb97622
cebf7625
cec47627
ceca762a
ced0762c
ced6762e
cedc7631
cee17633
cee77636
ceed7638
cef3763a
cef9763d
cefe763f
cf047642
cf0a7644
cf107646
cf167649
cf1b764b
cf21764e
cf277650
cf2d7652
cf337655
cf387657
cf3e765a
cf44765c
cf4a765e
cf507661
cf567663
cf5b7666
cf617668
cf67766a
cf6d766d
cf73766f
cf787672
cf7e7674
cf847676
cf8a7679
cf90767b
cf95767d
cf9b7680
cfa17682
cfa77685
cfad7687
cfb37689
cfb8768c
cfbe768e
cfc47690
cfca7693
cfd07695
cfd67698
cfdb769a
cfe1769c
cfe7769f
cfed76a1
cff376a3
cff876a6
cffe76a8
d00476aa
d00a76ad
d01076af
d01676b1
d01b76b4
d02176b6
d02776b9
d02d76bb
d03376bd
d03976c0
d03e76c2
d04476c4
d04a76c7
d05076c9
d05676cb
d05c76ce
d06176d0
d06776d2
d06d76d5
d07376d7
d07976d9
d07f76dc
d08476de
d08a76e0
d09076e3
d09676e5
d09c76e7
d0a276ea
d0a776ec
d0ad76ee
d0b376f1
d0b976f3
d0bf76f5
d0c576f8
d0ca76fa
d0d076fc
d0d676fe
d0dc7701
d0e27703
d0e87705
d0ed7708
d0f3770a
d0f9770c
d0ff770f
d1057711
d10b7713
d1117716
d1167718
d11c771a
d122771c
d128771f
d12e7721
d1347723
d1397726
d13f7728
d145772a
d14b772d
d151772f
d1577731
d15d7733
d1627736
d1687738
d16e773a
d174773d
d17a773f
d1807741
d1867743
d18b7746
d1917748
d197774a
d19d774d
d1a3774f
d1a97751
d1af7753
d1b47756
d1ba7758
d1c0775a
d1c6775c
d1cc775f
d1d27761
d1d87763
d1dd7766
d1e37768
d1e9776a
d1ef776c
d1f5776f
d1fb7771
d2017773
d2067775
d20c7778
d212777a
d218777c
d21e777e
d2247781
d22a7783
d22f7785
d2357787
d23b778a
d241778c
d247778e
d24d7790
d2537793
d2597795
d25e7797
d2647799
d26a779c
d270779e
d27677a0
d27c77a2
d28277a4
d28877a7
d28d77a9
d29377ab
d29977ad
d29f77b0
d2a577b2
d2ab77b4
d2b177b6
d2b777b9
d2bc77bb
d2c277bd
d2c877bf
d2ce77c1
d2d477c4
d2da77c6
d2e077c8
d2e677ca
d2eb77cd
d2f177cf
d2f777d1
d2fd77d3
d30377d5
d30977d8
d30f77da
d31577dc
d31a77de
d32077e0
d32677e3
d32c77e5
d33277e7
d33877e9
d33e77eb
d34477ee
d34a77f0
d34f77f2
d35577f4
d35b77f6
d36177f9
d36777fb
d36d77fd
d37377ff
d3797801
d37f7803
d3847806
d38a7808
d390780a
d396780c
d39c780e
d3a27811
d3a87813
d3ae7815
d3b47817
d3ba7819
d3bf781b
d3c5781e
d3cb7820
d3d17822
d3d77824
d3dd7826
d3e37828
d3e9782b
d3ef782d
d3f4782f
d3fa7831
d4007833
d4067835
d40c7838
d412783a
d418783c
d41e783e
d4247840
d42a7842
d4307845
d4357847
d43b7849
d441784b
d447784d
d44d784f
d4537851
d4597854
d45f7856
d4657858
d46b785a
d470785c
d476785e
d47c7860
d4827863
d4887865
d48e7867
d4947869
d49a786b
d4a0786d
d4a6786f
d4ac7871
d4b17874
d4b77876
d4bd7878
d4c3787a
d4c9787c
d4cf787e
d4d57880
d4db7882
d4e17885
d4e77887
d4ed7889
d4f3788b
d4f8788d
d4fe788f
d5047891
d50a7893
d5107895
d5167898
d51c789a
d522789c
d528789e
d52e78a0
d53478a2
d53a78a4
d53f78a6
d54578a8
d54b78aa
d55178ad
d55778af
d55d78b1
d56378b3
d56978b5
d56f78b7
d57578b9
d57b78bb
d58178bd
d58778bf
d58d78c1
d59278c4
d59878c6
d59e78c8
d5a478ca
d5aa78cc
d5b078ce
d5b678d0
d5bc78d2
d5c278d4
d5c878d6
d5ce78d8
d5d478da
d5da78dc
d5e078de
d5e578e1
d5eb78e3
d5f178e5
d5f778e7
d5fd78e9
d60378eb
d60978ed
d60f78ef
d61578f1
d61b78f3
d62178f5
d62778f7
d62d78f9
d63378fb
d63978fd
d63f78ff
d6447901
d64a7904
d6507906
d6567908
d65c790a
d662790c
d668790e
d66e7910
d6747912
d67a7914
d6807916
d6867918
d68c791a
d692791c
d698791e
d69e7920
d6a47922
d6aa7924
d6af7926
d6b57928
d6bb792a
d6c1792c
d6c7792e
d6cd7930
d6d37932
d6d97934
d6df7936
d6e57938
d6eb793a
d6f1793c
d6f7793e
d6fd7940
d7037942
d7097944
d70f7946
d7157948
d71b794a
d721794c
d726794e
d72c7951
d7327953
d7387955
d73e7957
d7447959
d74a795b
d750795d
d756795f
d75c7960
d7627962
d7687964
d76e7966
d7747968
d77a796a
d780796c
d786796e
d78c7970
d7927972
d7987974
d79e7976
d7a47978
d7aa797a
d7b0797c
d7b5797e
d7bb7980
d7c17982
d7c77984
d7cd7986
d7d37988
d7d9798a
d7df798c
d7e5798e
d7eb7990
d7f17992
d7f77994
d7fd7996
d8037998
d809799a
d80f799c
d815799e
d81b79a0
d82179a2
d82779a4
d82d79a6
d83379a8
d83979aa
d83f79ab
d84579ad
d84b79af
d85179b1
d85779b3
d85d79b5
d86379b7
d86979b9
d86f79bb
d87579bd
d87a79bf
d88079c1
d88679c3
d88c79c5
d89279c7
d89879c9
d89e79cb
d8a479cc
d8aa79ce
d8b079d0
d8b679d2
d8bc79d4
d8c279d6
d8c879d8
d8ce79da
d8d479dc
d8da79de
d8e079e0
d8e679e2
d8ec79e4
d8f279e6
d8f879e7
d8fe79e9
d90479eb
d90a79ed
d91079ef
d91679f1
d91c79f3
d92279f5
d92879f7
d92e79f9
d93479fb
d93a79fc
d94079fe
d9467a00
d94c7a02
d9527a04
d9587a06
d95e7a08
d9647a0a
d96a7a0c
d9707a0e
d9767a0f
d97c7a11
d9827a13
d9887a15
d98e7a17
d9947a19
d99a7a1b
d9a07a1d
d9a67a1f
d9ac7a20
d9b27a22
d9b87a24
d9be7a26
d9c47a28
d9ca7a2a
d9d07a2c
d9d67a2e
d9dc7a2f
d9e27a31
d9e87a33
d9ee7a35
d9f47a37
d9fa7a39
da007a3b
da067a3c
da0c7a3e
da127a40
da187a42
da1e7a44
da247a46
da2a7a48
da307a49
da367a4b
da3c7a4d
da427a4f
da487a51
da4e7a53
da547a55
da5a7a56
da607a58
da667a5a
da6c7a5c
da727a5e
da787a60
da7e7a62
da847a63
da8a7a65
da907a67
da967a69
da9c7a6b
daa27a6d
daa87a6e
daae7a70
dab47a72
daba7a74
dac07a76
dac67a78
dacc7a79
dad27a7b
dad87a7d
dade7a7f
dae47a81
daea7a82
daf07a84
daf67a86
dafc7a88
db027a8a
db087a8c
db0e7a8d
db147a8f
db1a7a91
db207a93
db267a95
db2c7a96
db327a98
db387a9a
db3e7a9c
db447a9e
db4a7a9f
db507aa1
db567aa3
db5c7aa5
db627aa7
db687aa8
db6e7aaa
db747aac
db7a7aae
db807ab0
db867ab1
db8c7ab3
db937ab5
db997ab7
db9f7ab9
dba57aba
dbab7abc
dbb17abe
dbb77ac0
dbbd7ac1
dbc37ac3
dbc97ac5
dbcf7ac7
dbd57ac9
dbdb7aca
dbe17acc
dbe77ace
dbed7ad0
dbf37ad1
dbf97ad3
dbff7ad5
dc057ad7
dc0b7ad9
dc117ada
dc177adc
dc1d7ade
dc237ae0
dc297ae1
dc2f7ae3
dc357ae5
dc3b7ae7
dc417ae8
dc477aea
dc4d7aec
dc537aee
dc597aef
dc607af1
dc667af3
dc6c7af5
dc727af6
dc787af8
dc7e7afa
dc847afc
dc8a7afd
dc907aff
dc967b01
dc9c7b03
dca27b04
dca87b06
dcae7b08
dcb47b0a
dcba7b0b
dcc07b0d
dcc67b0f
dccc7b10
dcd27b12
dcd87b14
dcde7b16
dce47b17
dcea7b19
dcf07b1b
dcf67b1c
dcfd7b1e
dd037b20
dd097b22
dd0f7b23
dd157b25
dd1b7b27
dd217b29
dd277b2a
dd2d7b2c
dd337b2e
dd397b2f
dd3f7b31
dd457b33
dd4b7b34
dd517b36
dd577b38
dd5d7b3a
dd637b3b
dd697b3d
dd6f7b3f
dd757b40
dd7c7b42
dd827b44
dd887b45
dd8e7b47
dd947b49
dd9a7b4b
dda07b4c
dda67b4e
ddac7b50
ddb27b51
ddb87b53
ddbe7b55
ddc47b56
ddca7b58
ddd07b5a
ddd67b5b
dddc7b5d
dde27b5f
dde87b60
ddef7b62
ddf57b64
ddfb7b65
de017b67
de077b69
de0d7b6a
de137b6c
de197b6e
de1f7b6f
de257b71
de2b7b73
de317b74
de377b76
de3d7b78
de437b79
de497b7b
de4f7b7d
de567b7e
de5c7b80
de627b82
de687b83
de6e7b85
de747b87
de7a7b88
de807b8a
de867b8b
de8c7b8d
de927b8f
de987b90
de9e7b92
dea47b94
deaa7b95
deb07b97
deb77b99
debd7b9a
dec37b9c
dec97b9d
decf7b9f
ded57ba1
dedb7ba2
dee17ba4
dee77ba6
deed7ba7
def37ba9
def97baa
deff7bac
df057bae
df0c7baf
df127bb1
df187bb3
df1e7bb4
df247bb6
df2a7bb7
df307bb9
df367bbb
df3c7bbc
df427bbe
df487bbf
df4e7bc1
df547bc3
df5a7bc4
df617bc6
df677bc7
df6d7bc9
df737bcb
df797bcc
df7f7bce
df857bcf
df8b7bd1
df917bd3
df977bd4
df9d7bd6
dfa37bd7
dfa97bd9
dfb07bdb
dfb67bdc
dfbc7bde
dfc27bdf
dfc87be1
dfce7be3
dfd47be4
dfda7be6
dfe07be7
dfe67be9
dfec7bea
dff27bec
dff97bee
dfff7bef
e0057bf1
e00b7bf2
e0117bf4
e0177bf5
e01d7bf7
e0237bf9
e0297bfa
e02f7bfc
e0357bfd
e03b7bff
e0427c00
e0487c02
e04e7c03
e0547c05
e05a7c07
e0607c08
e0667c0a
e06c7c0b
e0727c0d
e0787c0e
e07e7c10
e0857c11
e08b7c13
e0917c14
e0977c16
e09d7c18
e0a37c19
e0a97c1b
e0af7c1c
e0b57c1e
e0bb7c1f
e0c17c21
e0c87c22
e0ce7c24
e0d47c25
e0da7c27
e0e07c28
e0e67c2a
e0ec7c2c
e0f27c2d
e0f87c2f
e0fe7c30
e1057c32
e10b7c33
e1117c35
e1177c36
e11d7c38
e1237c39
e1297c3b
e12f7c3c
e1357c3e
e13b7c3f
e1417c41
e1487c42
e14e7c44
e1547c45
e15a7c47
e1607c48
e1667c4a
e16c7c4b
e1727c4d
e1787c4e
e17e7c50
e1857c51
e18b7c53
e1917c54
e1977c56
e19d7c57
e1a37c59
e1a97c5a
e1af7c5c
e1b57c5d
e1bc7c5f
e1c27c60
e1c87c62
e1ce7c63
e1d47c65
e1da7c66
e1e07c68
e1e67c69
e1ec7c6b
e1f27c6c
e1f97c6e
e1ff7c6f
e2057c70
e20b7c72
e2117c73
e2177c75
e21d7c76
e2237c78
e2297c79
e2307c7b
e2367c7c
e23c7c7e
e2427c7f
e2487c81
e24e7c82
e2547c83
e25a7c85
e2607c86
e2677c88
e26d7c89
e2737c8b
e2797c8c
e27f7c8e
e2857c8f
e28b7c91
e2917c92
e2977c93
e29e7c95
e2a47c96
e2aa7c98
e2b07c99
e2b67c9b
e2bc7c9c
e2c27c9e
e2c87c9f
e2cf7ca0
e2d57ca2
e2db7ca3
e2e17ca5
e2e77ca6
e2ed7ca8
e2f37ca9
e2f97caa
e2ff7cac
e3067cad
e30c7caf
e3127cb0
e3187cb1
e31e7cb3
e3247cb4
e32a7cb6
e3307cb7
e3377cb9
e33d7cba
e3437cbb
e3497cbd
e34f7cbe
e3557cc0
e35b7cc1
e3617cc2
e3687cc4
e36e7cc5
e3747cc7
e37a7cc8
e3807cc9
e3867ccb
e38c7ccc
e3927cce
e3997ccf
e39f7cd0
e3a57cd2
e3ab7cd3
e3b17cd5
e3b77cd6
e3bd7cd7
e3c37cd9
e3ca7cda
e3d07cdc
e3d67cdd
e3dc7cde
e3e27ce0
e3e87ce1
e3ee7ce2
e3f47ce4
e3fb7ce5
e4017ce7
e4077ce8
e40d7ce9
e4137ceb
e4197cec
e41f7ced
e4267cef
e42c7cf0
e4327cf2
e4387cf3
e43e7cf4
e4447cf6
e44a7cf7
e4507cf8
e4577cfa
e45d7cfb
e4637cfc
e4697cfe
e46f7cff
e4757d00
e47b7d02
e4827d03
e4887d05
e48e7d06
e4947d07
e49a7d09
e4a07d0a
e4a67d0b
e4ad7d0d
e4b37d0e
e4b97d0f
e4bf7d11
e4c57d12
e4cb7d13
e4d17d15
e4d77d16
e4de7d17
e4e47d19
e4ea7d1a
e4f07d1b
e4f67d1d
e4fc7d1e
e5027d1f
e5097d21
e50f7d22
e5157d23
e51b7d25
e5217d26
e5277d27
e52d7d28
e5347d2a
e53a7d2b
e5407d2c
e5467d2e
e54c7d2f
e5527d30
e5587d32
e55f7d33
e5657d34
e56b7d36
e5717d37
e5777d38
e57d7d3a
e5847d3b
e58a7d3c
e5907d3d
e5967d3f
e59c7d40
e5a27d41
e5a87d43
e5af7d44
e5b57d45
e5bb7d46
e5c17d48
e5c77d49
e5cd7d4a
e5d37d4c
e5da7d4d
e5e07d4e
e5e67d4f
e5ec7d51
e5f27d52
e5f87d53
e5ff7d55
e6057d56
e60b7d57
e6117d58
e6177d5a
e61d7d5b
e6237d5c
e62a7d5d
e6307d5f
e6367d60
e63c7d61
e6427d63
e6487d64
e64f7d65
e6557d66
e65b7d68
e6617d69
e6677d6a
e66d7d6b
e6737d6d
e67a7d6e
e6807d6f
e6867d70
e68c7d72
e6927d73
e6987d74
e69f7d75
e6a57d77
e6ab7d78
e6b17d79
e6b77d7a
e6bd7d7c
e6c47d7d
e6ca7d7e
e6d07d7f
e6d67d81
e6dc7d82
e6e27d83
e6e87d84
e6ef7d85
e6f57d87
e6fb7d88
e7017d89
e7077d8a
e70d7d8c
e7147d8d
e71a7d8e
e7207d8f
e7267d90
e72c7d92
e7327d93
e7397d94
e73f7d95
e7457d97
e74b7d98
e7517d99
e7577d9a
e75e7d9b
e7647d9d
e76a7d9e
e7707d9f
e7767da0
e77c7da1
e7837da3
e7897da4
e78f7da5
e7957da6
e79b7da7
e7a17da9
e7a87daa
e7ae7dab
e7b47dac
e7ba7dad
e7c07daf
e7c67db0
e7cd7db1
e7d37db2
e7d97db3
e7df7db5
e7e57db6
e7eb7db7
e7f27db8
e7f87db9
e7fe7dba
e8047dbc
e80a7dbd
e8107dbe
e8177dbf
e81d7dc0
e8237dc2
e8297dc3
e82f7dc4
e8367dc5
e83c7dc6
e8427dc7
e8487dc9
e84e7dca
e8547dcb
e85b7dcc
e8617dcd
e8677dce
e86d7dcf
e8737dd1
e8797dd2
e8807dd3
e8867dd4
e88c7dd5
e8927dd6
e8987dd8
e89f7dd9
e8a57dda
e8ab7ddb
e8b17ddc
e8b77ddd
e8bd7dde
e8c47de0
e8ca7de1
e8d07de2
e8d67de3
e8dc7de4
e8e27de5
e8e97de6
e8ef7de8
e8f57de9
e8fb7dea
e9017deb
e9087dec
e90e7ded
e9147dee
e91a7def
e9207df1
e9267df2
e92d7df3
e9337df4
e9397df5
e93f7df6
e9457df7
e94c7df8
e9527df9
e9587dfb
e95e7dfc
e9647dfd
e96a7dfe
e9717dff
e9777e00
e97d7e01
e9837e02
e9897e03
e9907e05
e9967e06
e99c7e07
e9a27e08
e9a87e09
e9af7e0a
e9b57e0b
e9bb7e0c
e9c17e0d
e9c77e0e
e9cd7e10
e9d47e11
e9da7e12
e9e07e13
e9e67e14
e9ec7e15
e9f37e16
e9f97e17
e9ff7e18
ea057e19
ea0b7e1a
ea127e1b
ea187e1d
ea1e7e1e
ea247e1f
ea2a7e20
ea307e21
ea377e22
ea3d7e23
ea437e24
ea497e25
ea4f7e26
ea567e27
ea5c7e28
ea627e29
ea687e2a
ea6e7e2b
ea757e2d
ea7b7e2e
ea817e2f
ea877e30
ea8d7e31
ea947e32
ea9a7e33
eaa07e34
eaa67e35
eaac7e36
eab37e37
eab97e38
eabf7e39
eac57e3a
eacb7e3b
ead27e3c
ead87e3d
eade7e3e
eae47e3f
eaea7e40
eaf17e41
eaf77e42
eafd7e43
eb037e45
eb097e46
eb107e47
eb167e48
eb1c7e49
eb227e4a
eb287e4b
eb2f7e4c
eb357e4d
eb3b7e4e
eb417e4f
eb477e50
eb4e7e51
eb547e52
eb5a7e53
eb607e54
eb667e55
eb6d7e56
eb737e57
eb797e58
eb7f7e59
eb857e5a
eb8c7e5b
eb927e5c
eb987e5d
eb9e7e5e
eba47e5f
ebab7e60
ebb17e61
ebb77e62
ebbd7e63
ebc37e64
ebca7e65
ebd07e66
ebd67e67
ebdc7e68
ebe27e69
ebe97e6a
ebef7e6b
ebf57e6c
ebfb7e6d
ec017e6e
ec087e6f
ec0e7e70
ec147e71
ec1a7e72
ec207e73
ec277e74
ec2d7e75
ec337e76
ec397e77
ec3f7e78
ec467e78
ec4c7e79
ec527e7a
ec587e7b
ec5f7e7c
ec657e7d
ec6b7e7e
ec717e7f
ec777e80
ec7e7e81
ec847e82
ec8a7e83
ec907e84
ec967e85
ec9d7e86
eca37e87
eca97e88
ecaf7e89
ecb57e8a
ecbc7e8b
ecc27e8c
ecc87e8d
ecce7e8d
ecd57e8e
ecdb7e8f
ece17e90
ece77e91
eced7e92
ecf47e93
ecfa7e94
ed007e95
ed067e96
ed0c7e97
ed137e98
ed197e99
ed1f7e9a
ed257e9b
ed2c7e9b
ed327e9c
ed387e9d
ed3e7e9e
ed447e9f
ed4b7ea0
ed517ea1
ed577ea2
ed5d7ea3
ed637ea4
ed6a7ea5
ed707ea6
ed767ea6
ed7c7ea7
ed837ea8
ed897ea9
ed8f7eaa
ed957eab
ed9b7eac
eda27ead
eda87eae
edae7eaf
edb47eb0
edba7eb0
edc17eb1
edc77eb2
edcd7eb3
edd37eb4
edda7eb5
ede07eb6
ede67eb7
edec7eb8
edf27eb8
edf97eb9
edff7eba
ee057ebb
ee0b7ebc
ee127ebd
ee187ebe
ee1e7ebf
ee247ec0
ee2a7ec0
ee317ec1
ee377ec2
ee3d7ec3
ee437ec4
ee4a7ec5
ee507ec6
ee567ec6
ee5c7ec7
ee627ec8
ee697ec9
ee6f7eca
ee757ecb
ee7b7ecc
ee827ecd
ee887ecd
ee8e7ece
ee947ecf
ee9a7ed0
eea17ed1
eea77ed2
eead7ed3
eeb37ed3
eeba7ed4
eec07ed5
eec67ed6
eecc7ed7
eed37ed8
eed97ed8
eedf7ed9
eee57eda
eeeb7edb
eef27edc
eef87edd
eefe7edd
ef047ede
ef0b7edf
ef117ee0
ef177ee1
ef1d7ee2
ef237ee2
ef2a7ee3
ef307ee4
ef367ee5
ef3c7ee6
ef437ee7
ef497ee7
ef4f7ee8
ef557ee9
ef5c7eea
ef627eeb
ef687eeb
ef6e7eec
ef747eed
ef7b7eee
ef817eef
ef877ef0
ef8d7ef0
ef947ef1
ef9a7ef2
efa07ef3
efa67ef4
efad7ef4
efb37ef5
efb97ef6
efbf7ef7
efc57ef8
efcc7ef8
efd27ef9
efd87efa
efde7efb
efe57efc
efeb7efc
eff17efd
eff77efe
effe7eff
f0047eff
f00a7f00
f0107f01
f0167f02
f01d7f03
f0237f03
f0297f04
f02f7f05
f0367f06
f03c7f06
f0427f07
f0487f08
f04f7f09
f0557f0a
f05b7f0a
f0617f0b
f0687f0c
f06e7f0d
f0747f0d
f07a7f0e
f0817f0f
f0877f10
f08d7f10
f0937f11
f0997f12
f0a07f13
f0a67f13
f0ac7f14
f0b27f15
f0b97f16
f0bf7f16
f0c57f17
f0cb7f18
f0d27f19
f0d87f19
f0de7f1a
f0e47f1b
f0eb7f1c
f0f17f1c
f0f77f1d
f0fd7f1e
f1047f1f
f10a7f1f
f1107f20
f1167f21
f11c7f22
f1237f22
f1297f23
f12f7f24
f1357f24
f13c7f25
f1427f26
f1487f27
f14e7f27
f1557f28
f15b7f29
f1617f2a
f1677f2a
f16e7f2b
f1747f2c
f17a7f2c
f1807f2d
f1877f2e
f18d7f2f
f1937f2f
f1997f30
f1a07f31
f1a67f31
f1ac7f32
f1b27f33
f1b97f33
f1bf7f34
f1c57f35
f1cb7f36
f1d27f36
f1d87f37
f1de7f38
f1e47f38
f1ea7f39
f1f17f3a
f1f77f3a
f1fd7f3b
f2037f3c
f20a7f3c
f2107f3d
f2167f3e
f21c7f3f
f2237f3f
f2297f40
f22f7f41
f2357f41
f23c7f42
f2427f43
f2487f43
f24e7f44
f2557f45
f25b7f45
f2617f46
f2677f47
f26e7f47
f2747f48
f27a7f49
f2807f49
f2877f4a
f28d7f4b
f2937f4b
f2997f4c
f2a07f4d
f2a67f4d
f2ac7f4e
f2b27f4f
f2b97f4f
f2bf7f50
f2c57f50
f2cb7f51
f2d27f52
f2d87f52
f2de7f53
f2e47f54
f2eb7f54
f2f17f55
f2f77f56
f2fd7f56
f3047f57
f30a7f58
f3107f58
f3167f59
f31d7f59
f3237f5a
f3297f5b
f32f7f5b
f3367f5c
f33c7f5d
f3427f5d
f3487f5e
f34f7f5e
f3557f5f
f35b7f60
f3617f60
f3687f61
f36e7f62
f3747f62
f37a7f63
f3817f63
f3877f64
f38d7f65
f3937f65
f39a7f66
f3a07f66
f3a67f67
f3ac7f68
f3b37f68
f3b97f69
f3bf7f6a
f3c57f6a
f3cc7f6b
f3d27f6b
f3d87f6c
f3de7f6d
f3e57f6d
f3eb7f6e
f3f17f6e
f3f87f6f
f3fe7f6f
f4047f70
f40a7f71
f4117f71
f4177f72
f41d7f72
f4237f73
f42a7f74
f4307f74
f4367f75
f43c7f75
f4437f76
f4497f76
f44f7f77
f4557f78
f45c7f78
f4627f79
f4687f79
f46e7f7a
f4757f7a
f47b7f7b
f4817f7c
f4877f7c
f48e7f7d
f4947f7d
f49a7f7e
f4a07f7e
f4a77f7f
f4ad7f80
f4b37f80
f4b97f81
f4c07f81
f4c67f82
f4cc7f82
f4d37f83
f4d97f83
f4df7f84
f4e57f84
f4ec7f85
f4f27f86
f4f87f86
f4fe7f87
f5057f87
f50b7f88
f5117f88
f5177f89
f51e7f89
f5247f8a
f52a7f8a
f5307f8b
f5377f8b
f53d7f8c
f5437f8d
f5497f8d
f5507f8e
f5567f8e
f55c7f8f
f5637f8f
f5697f90
f56f7f90
f5757f91
f57c7f91
f5827f92
f5887f92
f58e7f93
f5957f93
f59b7f94
f5a17f94
f5a77f95
f5ae7f95
f5b47f96
f5ba7f96
f5c07f97
f5c77f97
f5cd7f98
f5d37f98
f5d97f99
f5e07f99
f5e67f9a
f5ec7f9a
f5f37f9b
f5f97f9b
f5ff7f9c
f6057f9c
f60c7f9d
f6127f9d
f6187f9e
f61e7f9e
f6257f9f
f62b7f9f
f6317fa0
f6377fa0
f63e7fa1
f6447fa1
f64a7fa2
f6517fa2
f6577fa3
f65d7fa3
f6637fa3
f66a7fa4
f6707fa4
f6767fa5
f67c7fa5
f6837fa6
f6897fa6
f68f7fa7
f6957fa7
f69c7fa8
f6a27fa8
f6a87fa9
f6af7fa9
f6b57faa
f6bb7faa
f6c17faa
f6c87fab
f6ce7fab
f6d47fac
f6da7fac
f6e17fad
f6e77fad
f6ed7fae
f6f37fae
f6fa7fae
f7007faf
f7067faf
f70d7fb0
f7137fb0
f7197fb1
f71f7fb1
f7267fb2
f72c7fb2
f7327fb2
f7387fb3
f73f7fb3
f7457fb4
f74b7fb4
f7517fb5
f7587fb5
f75e7fb5
f7647fb6
f76b7fb6
f7717fb7
f7777fb7
f77d7fb7
f7847fb8
f78a7fb8
f7907fb9
f7967fb9
f79d7fba
f7a37fba
f7a97fba
f7af7fbb
f7b67fbb
f7bc7fbc
f7c27fbc
f7c97fbc
f7cf7fbd
f7d57fbd
f7db7fbe
f7e27fbe
f7e87fbe
f7ee7fbf
f7f47fbf
f7fb7fc0
f8017fc0
f8077fc0
f80e7fc1
f8147fc1
f81a7fc2
f8207fc2
f8277fc2
f82d7fc3
f8337fc3
f8397fc3
f8407fc4
f8467fc4
f84c7fc5
f8537fc5
f8597fc5
f85f7fc6
f8657fc6
f86c7fc6
f8727fc7
f8787fc7
f87e7fc8
f8857fc8
f88b7fc8
f8917fc9
f8987fc9
f89e7fc9
f8a47fca
f8aa7fca
f8b17fcb
f8b77fcb
f8bd7fcb
f8c37fcc
f8ca7fcc
f8d07fcc
f8d67fcd
f8dd7fcd
f8e37fcd
f8e97fce
f8ef7fce
f8f67fce
f8fc7fcf
f9027fcf
f9087fcf
f90f7fd0
f9157fd0
f91b7fd0
f9227fd1
f9287fd1
f92e7fd1
f9347fd2
f93b7fd2
f9417fd2
f9477fd3
f94d7fd3
f9547fd3
f95a7fd4
f9607fd4
f9677fd4
f96d7fd5
f9737fd5
f9797fd5
f9807fd6
f9867fd6
f98c7fd6
f9927fd7
f9997fd7
f99f7fd7
f9a57fd8
f9ac7fd8
f9b27fd8
f9b87fd9
f9be7fd9
f9c57fd9
f9cb7fd9
f9d17fda
f9d87fda
f9de7fda
f9e47fdb
f9ea7fdb
f9f17fdb
f9f77fdc
f9fd7fdc
fa037fdc
fa0a7fdc
fa107fdd
fa167fdd
fa1d7fdd
fa237fde
fa297fde
fa2f7fde
fa367fde
fa3c7fdf
fa427fdf
fa497fdf
fa4f7fe0
fa557fe0
fa5b7fe0
fa627fe0
fa687fe1
fa6e7fe1
fa747fe1
fa7b7fe2
fa817fe2
fa877fe2
fa8e7fe2
fa947fe3
fa9a7fe3
faa07fe3
faa77fe3
faad7fe4
fab37fe4
fab97fe4
fac07fe4
fac67fe5
facc7fe5
fad37fe5
fad97fe5
fadf7fe6
fae57fe6
faec7fe6
faf27fe6
faf87fe7
faff7fe7
fb057fe7
fb0b7fe7
fb117fe8
fb187fe8
fb1e7fe8
fb247fe8
fb2b7fe9
fb317fe9
fb377fe9
fb3d7fe9
fb447fea
fb4a7fea
fb507fea
fb567fea
fb5d7fea
fb637feb
fb697feb
fb707feb
fb767feb
fb7c7fec
fb827fec
fb897fec
fb8f7fec
fb957fec
fb9c7fed
fba27fed
fba87fed
fbae7fed
fbb57fee
fbbb7fee
fbc17fee
fbc77fee
fbce7fee
fbd47fef
fbda7fef
fbe17fef
fbe77fef
fbed7fef
fbf37ff0
fbfa7ff0
fc007ff0
fc067ff0
fc0d7ff0
fc137ff1
fc197ff1
fc1f7ff1
fc267ff1
fc2c7ff1
fc327ff2
fc397ff2
fc3f7ff2
fc457ff2
fc4b7ff2
fc527ff2
fc587ff3
fc5e7ff3
fc647ff3
fc6b7ff3
fc717ff3
fc777ff4
fc7e7ff4
fc847ff4
fc8a7ff4
fc907ff4
fc977ff4
fc9d7ff5
fca37ff5
fcaa7ff5
fcb07ff5
fcb67ff5
fcbc7ff5
fcc37ff6
fcc97ff6
fccf7ff6
fcd67ff6
fcdc7ff6
fce27ff6
fce87ff6
fcef7ff7
fcf57ff7
fcfb7ff7
fd027ff7
fd087ff7
fd0e7ff7
fd147ff7
fd1b7ff8
fd217ff8
fd277ff8
fd2d7ff8
fd347ff8
fd3a7ff8
fd407ff8
fd477ff9
fd4d7ff9
fd537ff9
fd597ff9
fd607ff9
fd667ff9
fd6c7ff9
fd737ff9
fd797ffa
fd7f7ffa
fd857ffa
fd8c7ffa
fd927ffa
fd987ffa
fd9f7ffa
fda57ffa
fdab7ffb
fdb17ffb
fdb87ffb
fdbe7ffb
fdc47ffb
fdcb7ffb
fdd17ffb
fdd77ffb
fddd7ffb
fde47ffc
fdea7ffc
fdf07ffc
fdf77ffc
fdfd7ffc
fe037ffc
fe097ffc
fe107ffc
fe167ffc
fe1c7ffc
fe227ffd
fe297ffd
fe2f7ffd
fe357ffd
fe3c7ffd
fe427ffd
fe487ffd
fe4e7ffd
fe557ffd
fe5b7ffd
fe617ffd
fe687ffd
fe6e7ffe
fe747ffe
fe7a7ffe
fe817ffe
fe877ffe
fe8d7ffe
fe947ffe
fe9a7ffe
fea07ffe
fea67ffe
fead7ffe
feb37ffe
feb97ffe
fec07ffe
fec67ffe
fecc7fff
fed27fff
fed97fff
fedf7fff
fee57fff
feec7fff
fef27fff
fef87fff
fefe7fff
ff057fff
ff0b7fff
ff117fff
ff187fff
ff1e7fff
ff247fff
ff2a7fff
ff317fff
ff377fff
ff3d7fff
ff447fff
ff4a7fff
ff507fff
ff567fff
ff5d7fff
ff637fff
ff697fff
ff6f7fff
ff767fff
ff7c7fff
ff827fff
ff897fff
ff8f7fff
ff957fff
ff9b7fff
ffa27fff
ffa87fff
ffae7fff
ffb57fff
ffbb7fff
ffc17fff
ffc77fff
ffce7fff
ffd47fff
ffda7fff
ffe17fff
ffe77fff
ffed7fff
fff37fff
fffa7fff
