Copyright 1986-2021 Xilinx, Inc. All Rights Reserved.
------------------------------------------------------------------------------------------------------------------------------------------------------------------------------------------------------------------------------------------------------------------------------------
| Tool Version : Vivado v.2021.2 (lin64) Build 3367213 Tue Oct 19 02:47:39 MDT 2021
| Date         : Fri Aug 21 18:08:18 2026
| Host         : ece-lnx-10 running 64-bit Red Hat Enterprise Linux release 8.10 (Ootpa)
| Command      : report_timing_summary -max_paths 10 -report_unconstrained -warn_on_violation -file design_1_wrapper_timing_summary_postroute_physopted.rpt -pb design_1_wrapper_timing_summary_postroute_physopted.pb -rpx design_1_wrapper_timing_summary_postroute_physopted.rpx
| Design       : design_1_wrapper
| Device       : 7z020-clg400
| Speed File   : -1  PRODUCTION 1.12 2019-11-22
------------------------------------------------------------------------------------------------------------------------------------------------------------------------------------------------------------------------------------------------------------------------------------

Timing Summary Report

------------------------------------------------------------------------------------------------
| Timer Settings
| --------------
------------------------------------------------------------------------------------------------

  Enable Multi Corner Analysis               :  Yes
  Enable Pessimism Removal                   :  Yes
  Pessimism Removal Resolution               :  Nearest Common Node
  Enable Input Delay Default Clock           :  No
  Enable Preset / Clear Arcs                 :  No
  Disable Flight Delays                      :  No
  Ignore I/O Paths                           :  No
  Timing Early Launch at Borrowing Latches   :  No
  Borrow Time for Max Delay Exceptions       :  Yes
  Merge Timing Exceptions                    :  Yes

  Corner  Analyze    Analyze    
  Name    Max Paths  Min Paths  
  ------  ---------  ---------  
  Slow    Yes        Yes        
  Fast    Yes        Yes        


------------------------------------------------------------------------------------------------
| Report Methodology
| ------------------
------------------------------------------------------------------------------------------------

Rule       Severity  Description                               Violations  
---------  --------  ----------------------------------------  ----------  
LUTAR-1    Warning   LUT drives async reset alert              3           
TIMING-24  Warning   Overridden Max delay datapath only        2           
XDCH-2     Warning   Same min and max delay values on IO port  16          

Note: This report is based on the most recent report_methodology run and may not be up-to-date. Run report_methodology on the current design for the latest report.



check_timing report

Table of Contents
-----------------
1. checking no_clock (0)
2. checking constant_clock (0)
3. checking pulse_width_clock (0)
4. checking unconstrained_internal_endpoints (0)
5. checking no_input_delay (0)
6. checking no_output_delay (0)
7. checking multiple_clock (0)
8. checking generated_clocks (0)
9. checking loops (0)
10. checking partial_input_delay (0)
11. checking partial_output_delay (0)
12. checking latch_loops (0)

1. checking no_clock (0)
------------------------
 There are 0 register/latch pins with no clock.


2. checking constant_clock (0)
------------------------------
 There are 0 register/latch pins with constant_clock.


3. checking pulse_width_clock (0)
---------------------------------
 There are 0 register/latch pins which need pulse_width check


4. checking unconstrained_internal_endpoints (0)
------------------------------------------------
 There are 0 pins that are not constrained for maximum delay.

 There are 0 pins that are not constrained for maximum delay due to constant clock.


5. checking no_input_delay (0)
------------------------------
 There are 0 input ports with no input delay specified.

 There are 0 input ports with no input delay but user has a false path constraint.


6. checking no_output_delay (0)
-------------------------------
 There are 0 ports with no output delay specified.

 There are 0 ports with no output delay but user has a false path constraint

 There are 0 ports with no output delay but with a timing clock defined on it or propagating through it


7. checking multiple_clock (0)
------------------------------
 There are 0 register/latch pins with multiple clocks.


8. checking generated_clocks (0)
--------------------------------
 There are 0 generated clocks that are not connected to a clock source.


9. checking loops (0)
---------------------
 There are 0 combinational loops in the design.


10. checking partial_input_delay (0)
------------------------------------
 There are 0 input ports with partial input delay specified.


11. checking partial_output_delay (0)
-------------------------------------
 There are 0 ports with partial output delay specified.


12. checking latch_loops (0)
----------------------------
 There are 0 combinational latch loops in the design through latch input



------------------------------------------------------------------------------------------------
| Design Timing Summary
| ---------------------
------------------------------------------------------------------------------------------------

    WNS(ns)      TNS(ns)  TNS Failing Endpoints  TNS Total Endpoints      WHS(ns)      THS(ns)  THS Failing Endpoints  THS Total Endpoints     WPWS(ns)     TPWS(ns)  TPWS Failing Endpoints  TPWS Total Endpoints  
    -------      -------  ---------------------  -------------------      -------      -------  ---------------------  -------------------     --------     --------  ----------------------  --------------------  
      0.566        0.000                      0                20719        0.014        0.000                      0                20719        2.069        0.000                       0                  7894  


All user specified timing constraints are met.


------------------------------------------------------------------------------------------------
| Clock Summary
| -------------
------------------------------------------------------------------------------------------------

Clock                            Waveform(ns)         Period(ns)      Frequency(MHz)
-----                            ------------         ----------      --------------
adc_clk                          {0.000 4.069}        8.138           122.880         
  clk_out1_design_1_clk_wiz_0_0  {0.000 4.069}        8.138           122.880         
  clkfbout_design_1_clk_wiz_0_0  {0.000 4.069}        8.138           122.880         
clk_fpga_0                       {0.000 10.000}       20.000          50.000          


------------------------------------------------------------------------------------------------
| Intra Clock Table
| -----------------
------------------------------------------------------------------------------------------------

Clock                                WNS(ns)      TNS(ns)  TNS Failing Endpoints  TNS Total Endpoints      WHS(ns)      THS(ns)  THS Failing Endpoints  THS Total Endpoints     WPWS(ns)     TPWS(ns)  TPWS Failing Endpoints  TPWS Total Endpoints  
-----                                -------      -------  ---------------------  -------------------      -------      -------  ---------------------  -------------------     --------     --------  ----------------------  --------------------  
adc_clk                                                                                                                                                                            2.069        0.000                       0                     2  
  clk_out1_design_1_clk_wiz_0_0        0.566        0.000                      0                 8749        0.087        0.000                      0                 8749        2.819        0.000                       0                  2998  
  clkfbout_design_1_clk_wiz_0_0                                                                                                                                                    5.983        0.000                       0                     3  
clk_fpga_0                             8.421        0.000                      0                11858        0.014        0.000                      0                11858        8.750        0.000                       0                  4891  


------------------------------------------------------------------------------------------------
| Inter Clock Table
| -----------------
------------------------------------------------------------------------------------------------

From Clock                     To Clock                           WNS(ns)      TNS(ns)  TNS Failing Endpoints  TNS Total Endpoints      WHS(ns)      THS(ns)  THS Failing Endpoints  THS Total Endpoints  
----------                     --------                           -------      -------  ---------------------  -------------------      -------      -------  ---------------------  -------------------  
adc_clk                        clk_out1_design_1_clk_wiz_0_0        3.156        0.000                      0                   16        1.335        0.000                      0                   16  


------------------------------------------------------------------------------------------------
| Other Path Groups Table
| -----------------------
------------------------------------------------------------------------------------------------

Path Group         From Clock         To Clock               WNS(ns)      TNS(ns)  TNS Failing Endpoints  TNS Total Endpoints      WHS(ns)      THS(ns)  THS Failing Endpoints  THS Total Endpoints  
----------         ----------         --------               -------      -------  ---------------------  -------------------      -------      -------  ---------------------  -------------------  
**async_default**  clk_fpga_0         clk_fpga_0              16.503        0.000                      0                   96        0.461        0.000                      0                   96  


------------------------------------------------------------------------------------------------
| User Ignored Path Table
| -----------------------
------------------------------------------------------------------------------------------------

Path Group                     From Clock                     To Clock                     
----------                     ----------                     --------                     
(none)                                                        clk_fpga_0                     
(none)                         clk_fpga_0                     clk_fpga_0                     
(none)                         clk_out1_design_1_clk_wiz_0_0  clk_fpga_0                     
(none)                                                        clk_out1_design_1_clk_wiz_0_0  
(none)                         clk_fpga_0                     clk_out1_design_1_clk_wiz_0_0  


------------------------------------------------------------------------------------------------
| Unconstrained Path Table
| ------------------------
------------------------------------------------------------------------------------------------

Path Group                     From Clock                     To Clock                     
----------                     ----------                     --------                     
(none)                         clkfbout_design_1_clk_wiz_0_0                                 


------------------------------------------------------------------------------------------------
| Timing Details
| --------------
------------------------------------------------------------------------------------------------


---------------------------------------------------------------------------------------------------
From Clock:  adc_clk
  To Clock:  adc_clk

Setup :           NA  Failing Endpoints,  Worst Slack           NA  ,  Total Violation           NA
Hold  :           NA  Failing Endpoints,  Worst Slack           NA  ,  Total Violation           NA
PW    :            0  Failing Endpoints,  Worst Slack        2.069ns,  Total Violation        0.000ns
---------------------------------------------------------------------------------------------------


Pulse Width Checks
--------------------------------------------------------------------------------------
Clock Name:         adc_clk
Waveform(ns):       { 0.000 4.069 }
Period(ns):         8.138
Sources:            { CLK_IN_D_0_clk_p[0] }

Check Type        Corner  Lib Pin           Reference Pin  Required(ns)  Actual(ns)  Slack(ns)  Location        Pin
Min Period        n/a     BUFG/I            n/a            2.155         8.138       5.983      BUFGCTRL_X0Y17  design_1_i/clk_wiz_0/inst/clkin1_bufg/I
Min Period        n/a     PLLE2_ADV/CLKIN1  n/a            1.249         8.138       6.889      PLLE2_ADV_X1Y0  design_1_i/clk_wiz_0/inst/plle2_adv_inst/CLKIN1
Max Period        n/a     PLLE2_ADV/CLKIN1  n/a            52.633        8.138       44.495     PLLE2_ADV_X1Y0  design_1_i/clk_wiz_0/inst/plle2_adv_inst/CLKIN1
Low Pulse Width   Slow    PLLE2_ADV/CLKIN1  n/a            2.000         4.069       2.069      PLLE2_ADV_X1Y0  design_1_i/clk_wiz_0/inst/plle2_adv_inst/CLKIN1
Low Pulse Width   Fast    PLLE2_ADV/CLKIN1  n/a            2.000         4.069       2.069      PLLE2_ADV_X1Y0  design_1_i/clk_wiz_0/inst/plle2_adv_inst/CLKIN1
High Pulse Width  Slow    PLLE2_ADV/CLKIN1  n/a            2.000         4.069       2.069      PLLE2_ADV_X1Y0  design_1_i/clk_wiz_0/inst/plle2_adv_inst/CLKIN1
High Pulse Width  Fast    PLLE2_ADV/CLKIN1  n/a            2.000         4.069       2.069      PLLE2_ADV_X1Y0  design_1_i/clk_wiz_0/inst/plle2_adv_inst/CLKIN1



---------------------------------------------------------------------------------------------------
From Clock:  clk_out1_design_1_clk_wiz_0_0
  To Clock:  clk_out1_design_1_clk_wiz_0_0

Setup :            0  Failing Endpoints,  Worst Slack        0.566ns,  Total Violation        0.000ns
Hold  :            0  Failing Endpoints,  Worst Slack        0.087ns,  Total Violation        0.000ns
PW    :            0  Failing Endpoints,  Worst Slack        2.819ns,  Total Violation        0.000ns
---------------------------------------------------------------------------------------------------


Max Delay Paths
--------------------------------------------------------------------------------------
Slack (MET) :             0.566ns  (required time - arrival time)
  Source:                 design_1_i/top_0/inst/DUT_DDC/DUT_FIR/ram_Q_reg/CLKBWRCLK
                            (rising edge-triggered cell RAMB18E1 clocked by clk_out1_design_1_clk_wiz_0_0  {rise@0.000ns fall@4.069ns period=8.138ns})
  Destination:            design_1_i/top_0/inst/DUT_DDC/DUT_FIR/accumulator_Q_r_reg/A[7]
                            (rising edge-triggered cell DSP48E1 clocked by clk_out1_design_1_clk_wiz_0_0  {rise@0.000ns fall@4.069ns period=8.138ns})
  Path Group:             clk_out1_design_1_clk_wiz_0_0
  Path Type:              Setup (Max at Slow Process Corner)
  Requirement:            8.138ns  (clk_out1_design_1_clk_wiz_0_0 rise@8.138ns - clk_out1_design_1_clk_wiz_0_0 rise@0.000ns)
  Data Path Delay:        3.853ns  (logic 2.454ns (63.690%)  route 1.399ns (36.310%))
  Logic Levels:           0  
  Clock Path Skew:        0.075ns (DCD - SCD + CPR)
    Destination Clock Delay (DCD):    4.661ns = ( 12.799 - 8.138 ) 
    Source Clock Delay      (SCD):    4.952ns
    Clock Pessimism Removal (CPR):    0.366ns
  Clock Uncertainty:      0.072ns  ((TSJ^2 + DJ^2)^1/2) / 2 + PE
    Total System Jitter     (TSJ):    0.071ns
    Discrete Jitter          (DJ):    0.126ns
    Phase Error              (PE):    0.000ns

    Location             Delay type                Incr(ns)  Path(ns)    Netlist Resource(s)
  -------------------------------------------------------------------    -------------------
                         (clock clk_out1_design_1_clk_wiz_0_0 rise edge)
                                                      0.000     0.000 r  
    U18                                               0.000     0.000 r  CLK_IN_D_0_clk_p[0] (IN)
                         net (fo=0)                   0.000     0.000    design_1_i/util_ds_buf_0/U0/IBUF_DS_P[0]
    U18                  IBUFDS (Prop_ibufds_I_O)     0.951     0.951 r  design_1_i/util_ds_buf_0/U0/USE_IBUFDS.GEN_IBUFDS[0].IBUFDS_I/O
                         net (fo=1, routed)           2.205     3.156    design_1_i/clk_wiz_0/inst/clk_in1
    BUFGCTRL_X0Y17       BUFG (Prop_bufg_I_O)         0.102     3.258 r  design_1_i/clk_wiz_0/inst/clkin1_bufg/O
                         net (fo=1, routed)           1.831     5.089    design_1_i/clk_wiz_0/inst/clk_in1_design_1_clk_wiz_0_0
    PLLE2_ADV_X1Y0       PLLE2_ADV (Prop_plle2_adv_CLKIN1_CLKOUT0)
                                                     -3.812     1.277 r  design_1_i/clk_wiz_0/inst/plle2_adv_inst/CLKOUT0
                         net (fo=1, routed)           1.883     3.160    design_1_i/clk_wiz_0/inst/clk_out1_design_1_clk_wiz_0_0
    BUFGCTRL_X0Y0        BUFG (Prop_bufg_I_O)         0.101     3.261 r  design_1_i/clk_wiz_0/inst/clkout1_buf/O
                         net (fo=2997, routed)        1.690     4.952    design_1_i/top_0/inst/DUT_DDC/DUT_FIR/adc_clk
    RAMB18_X2Y11         RAMB18E1                                     r  design_1_i/top_0/inst/DUT_DDC/DUT_FIR/ram_Q_reg/CLKBWRCLK
  -------------------------------------------------------------------    -------------------
    RAMB18_X2Y11         RAMB18E1 (Prop_ramb18e1_CLKBWRCLK_DOBDO[7])
                                                      2.454     7.406 r  design_1_i/top_0/inst/DUT_DDC/DUT_FIR/ram_Q_reg/DOBDO[7]
                         net (fo=1, routed)           1.399     8.805    design_1_i/top_0/inst/DUT_DDC/DUT_FIR/sample_Q_r[7]
    DSP48_X1Y10          DSP48E1                                      r  design_1_i/top_0/inst/DUT_DDC/DUT_FIR/accumulator_Q_r_reg/A[7]
  -------------------------------------------------------------------    -------------------

                         (clock clk_out1_design_1_clk_wiz_0_0 rise edge)
                                                      8.138     8.138 r  
    U18                                               0.000     8.138 r  CLK_IN_D_0_clk_p[0] (IN)
                         net (fo=0)                   0.000     8.138    design_1_i/util_ds_buf_0/U0/IBUF_DS_P[0]
    U18                  IBUFDS (Prop_ibufds_I_O)     0.909     9.047 r  design_1_i/util_ds_buf_0/U0/USE_IBUFDS.GEN_IBUFDS[0].IBUFDS_I/O
                         net (fo=1, routed)           2.006    11.053    design_1_i/clk_wiz_0/inst/clk_in1
    BUFGCTRL_X0Y17       BUFG (Prop_bufg_I_O)         0.092    11.145 r  design_1_i/clk_wiz_0/inst/clkin1_bufg/O
                         net (fo=1, routed)           1.634    12.779    design_1_i/clk_wiz_0/inst/clk_in1_design_1_clk_wiz_0_0
    PLLE2_ADV_X1Y0       PLLE2_ADV (Prop_plle2_adv_CLKIN1_CLKOUT0)
                                                     -3.442     9.337 r  design_1_i/clk_wiz_0/inst/plle2_adv_inst/CLKOUT0
                         net (fo=1, routed)           1.720    11.057    design_1_i/clk_wiz_0/inst/clk_out1_design_1_clk_wiz_0_0
    BUFGCTRL_X0Y0        BUFG (Prop_bufg_I_O)         0.091    11.148 r  design_1_i/clk_wiz_0/inst/clkout1_buf/O
                         net (fo=2997, routed)        1.651    12.799    design_1_i/top_0/inst/DUT_DDC/DUT_FIR/adc_clk
    DSP48_X1Y10          DSP48E1                                      r  design_1_i/top_0/inst/DUT_DDC/DUT_FIR/accumulator_Q_r_reg/CLK
                         clock pessimism              0.366    13.165    
                         clock uncertainty           -0.072    13.093    
    DSP48_X1Y10          DSP48E1 (Setup_dsp48e1_CLK_A[7])
                                                     -3.722     9.371    design_1_i/top_0/inst/DUT_DDC/DUT_FIR/accumulator_Q_r_reg
  -------------------------------------------------------------------
                         required time                          9.371    
                         arrival time                          -8.805    
  -------------------------------------------------------------------
                         slack                                  0.566    

Slack (MET) :             0.581ns  (required time - arrival time)
  Source:                 design_1_i/top_0/inst/DUT_DDC/DUT_FIR/ram_Q_reg/CLKBWRCLK
                            (rising edge-triggered cell RAMB18E1 clocked by clk_out1_design_1_clk_wiz_0_0  {rise@0.000ns fall@4.069ns period=8.138ns})
  Destination:            design_1_i/top_0/inst/DUT_DDC/DUT_FIR/accumulator_Q_r_reg/A[6]
                            (rising edge-triggered cell DSP48E1 clocked by clk_out1_design_1_clk_wiz_0_0  {rise@0.000ns fall@4.069ns period=8.138ns})
  Path Group:             clk_out1_design_1_clk_wiz_0_0
  Path Type:              Setup (Max at Slow Process Corner)
  Requirement:            8.138ns  (clk_out1_design_1_clk_wiz_0_0 rise@8.138ns - clk_out1_design_1_clk_wiz_0_0 rise@0.000ns)
  Data Path Delay:        3.838ns  (logic 2.454ns (63.944%)  route 1.384ns (36.056%))
  Logic Levels:           0  
  Clock Path Skew:        0.075ns (DCD - SCD + CPR)
    Destination Clock Delay (DCD):    4.661ns = ( 12.799 - 8.138 ) 
    Source Clock Delay      (SCD):    4.952ns
    Clock Pessimism Removal (CPR):    0.366ns
  Clock Uncertainty:      0.072ns  ((TSJ^2 + DJ^2)^1/2) / 2 + PE
    Total System Jitter     (TSJ):    0.071ns
    Discrete Jitter          (DJ):    0.126ns
    Phase Error              (PE):    0.000ns

    Location             Delay type                Incr(ns)  Path(ns)    Netlist Resource(s)
  -------------------------------------------------------------------    -------------------
                         (clock clk_out1_design_1_clk_wiz_0_0 rise edge)
                                                      0.000     0.000 r  
    U18                                               0.000     0.000 r  CLK_IN_D_0_clk_p[0] (IN)
                         net (fo=0)                   0.000     0.000    design_1_i/util_ds_buf_0/U0/IBUF_DS_P[0]
    U18                  IBUFDS (Prop_ibufds_I_O)     0.951     0.951 r  design_1_i/util_ds_buf_0/U0/USE_IBUFDS.GEN_IBUFDS[0].IBUFDS_I/O
                         net (fo=1, routed)           2.205     3.156    design_1_i/clk_wiz_0/inst/clk_in1
    BUFGCTRL_X0Y17       BUFG (Prop_bufg_I_O)         0.102     3.258 r  design_1_i/clk_wiz_0/inst/clkin1_bufg/O
                         net (fo=1, routed)           1.831     5.089    design_1_i/clk_wiz_0/inst/clk_in1_design_1_clk_wiz_0_0
    PLLE2_ADV_X1Y0       PLLE2_ADV (Prop_plle2_adv_CLKIN1_CLKOUT0)
                                                     -3.812     1.277 r  design_1_i/clk_wiz_0/inst/plle2_adv_inst/CLKOUT0
                         net (fo=1, routed)           1.883     3.160    design_1_i/clk_wiz_0/inst/clk_out1_design_1_clk_wiz_0_0
    BUFGCTRL_X0Y0        BUFG (Prop_bufg_I_O)         0.101     3.261 r  design_1_i/clk_wiz_0/inst/clkout1_buf/O
                         net (fo=2997, routed)        1.690     4.952    design_1_i/top_0/inst/DUT_DDC/DUT_FIR/adc_clk
    RAMB18_X2Y11         RAMB18E1                                     r  design_1_i/top_0/inst/DUT_DDC/DUT_FIR/ram_Q_reg/CLKBWRCLK
  -------------------------------------------------------------------    -------------------
    RAMB18_X2Y11         RAMB18E1 (Prop_ramb18e1_CLKBWRCLK_DOBDO[6])
                                                      2.454     7.406 r  design_1_i/top_0/inst/DUT_DDC/DUT_FIR/ram_Q_reg/DOBDO[6]
                         net (fo=1, routed)           1.384     8.790    design_1_i/top_0/inst/DUT_DDC/DUT_FIR/sample_Q_r[6]
    DSP48_X1Y10          DSP48E1                                      r  design_1_i/top_0/inst/DUT_DDC/DUT_FIR/accumulator_Q_r_reg/A[6]
  -------------------------------------------------------------------    -------------------

                         (clock clk_out1_design_1_clk_wiz_0_0 rise edge)
                                                      8.138     8.138 r  
    U18                                               0.000     8.138 r  CLK_IN_D_0_clk_p[0] (IN)
                         net (fo=0)                   0.000     8.138    design_1_i/util_ds_buf_0/U0/IBUF_DS_P[0]
    U18                  IBUFDS (Prop_ibufds_I_O)     0.909     9.047 r  design_1_i/util_ds_buf_0/U0/USE_IBUFDS.GEN_IBUFDS[0].IBUFDS_I/O
                         net (fo=1, routed)           2.006    11.053    design_1_i/clk_wiz_0/inst/clk_in1
    BUFGCTRL_X0Y17       BUFG (Prop_bufg_I_O)         0.092    11.145 r  design_1_i/clk_wiz_0/inst/clkin1_bufg/O
                         net (fo=1, routed)           1.634    12.779    design_1_i/clk_wiz_0/inst/clk_in1_design_1_clk_wiz_0_0
    PLLE2_ADV_X1Y0       PLLE2_ADV (Prop_plle2_adv_CLKIN1_CLKOUT0)
                                                     -3.442     9.337 r  design_1_i/clk_wiz_0/inst/plle2_adv_inst/CLKOUT0
                         net (fo=1, routed)           1.720    11.057    design_1_i/clk_wiz_0/inst/clk_out1_design_1_clk_wiz_0_0
    BUFGCTRL_X0Y0        BUFG (Prop_bufg_I_O)         0.091    11.148 r  design_1_i/clk_wiz_0/inst/clkout1_buf/O
                         net (fo=2997, routed)        1.651    12.799    design_1_i/top_0/inst/DUT_DDC/DUT_FIR/adc_clk
    DSP48_X1Y10          DSP48E1                                      r  design_1_i/top_0/inst/DUT_DDC/DUT_FIR/accumulator_Q_r_reg/CLK
                         clock pessimism              0.366    13.165    
                         clock uncertainty           -0.072    13.093    
    DSP48_X1Y10          DSP48E1 (Setup_dsp48e1_CLK_A[6])
                                                     -3.722     9.371    design_1_i/top_0/inst/DUT_DDC/DUT_FIR/accumulator_Q_r_reg
  -------------------------------------------------------------------
                         required time                          9.371    
                         arrival time                          -8.790    
  -------------------------------------------------------------------
                         slack                                  0.581    

Slack (MET) :             0.597ns  (required time - arrival time)
  Source:                 design_1_i/top_0/inst/DUT_DDC/DUT_FIR/ram_Q_reg/CLKBWRCLK
                            (rising edge-triggered cell RAMB18E1 clocked by clk_out1_design_1_clk_wiz_0_0  {rise@0.000ns fall@4.069ns period=8.138ns})
  Destination:            design_1_i/top_0/inst/DUT_DDC/DUT_FIR/accumulator_Q_r_reg/A[0]
                            (rising edge-triggered cell DSP48E1 clocked by clk_out1_design_1_clk_wiz_0_0  {rise@0.000ns fall@4.069ns period=8.138ns})
  Path Group:             clk_out1_design_1_clk_wiz_0_0
  Path Type:              Setup (Max at Slow Process Corner)
  Requirement:            8.138ns  (clk_out1_design_1_clk_wiz_0_0 rise@8.138ns - clk_out1_design_1_clk_wiz_0_0 rise@0.000ns)
  Data Path Delay:        3.822ns  (logic 2.454ns (64.205%)  route 1.368ns (35.795%))
  Logic Levels:           0  
  Clock Path Skew:        0.075ns (DCD - SCD + CPR)
    Destination Clock Delay (DCD):    4.661ns = ( 12.799 - 8.138 ) 
    Source Clock Delay      (SCD):    4.952ns
    Clock Pessimism Removal (CPR):    0.366ns
  Clock Uncertainty:      0.072ns  ((TSJ^2 + DJ^2)^1/2) / 2 + PE
    Total System Jitter     (TSJ):    0.071ns
    Discrete Jitter          (DJ):    0.126ns
    Phase Error              (PE):    0.000ns

    Location             Delay type                Incr(ns)  Path(ns)    Netlist Resource(s)
  -------------------------------------------------------------------    -------------------
                         (clock clk_out1_design_1_clk_wiz_0_0 rise edge)
                                                      0.000     0.000 r  
    U18                                               0.000     0.000 r  CLK_IN_D_0_clk_p[0] (IN)
                         net (fo=0)                   0.000     0.000    design_1_i/util_ds_buf_0/U0/IBUF_DS_P[0]
    U18                  IBUFDS (Prop_ibufds_I_O)     0.951     0.951 r  design_1_i/util_ds_buf_0/U0/USE_IBUFDS.GEN_IBUFDS[0].IBUFDS_I/O
                         net (fo=1, routed)           2.205     3.156    design_1_i/clk_wiz_0/inst/clk_in1
    BUFGCTRL_X0Y17       BUFG (Prop_bufg_I_O)         0.102     3.258 r  design_1_i/clk_wiz_0/inst/clkin1_bufg/O
                         net (fo=1, routed)           1.831     5.089    design_1_i/clk_wiz_0/inst/clk_in1_design_1_clk_wiz_0_0
    PLLE2_ADV_X1Y0       PLLE2_ADV (Prop_plle2_adv_CLKIN1_CLKOUT0)
                                                     -3.812     1.277 r  design_1_i/clk_wiz_0/inst/plle2_adv_inst/CLKOUT0
                         net (fo=1, routed)           1.883     3.160    design_1_i/clk_wiz_0/inst/clk_out1_design_1_clk_wiz_0_0
    BUFGCTRL_X0Y0        BUFG (Prop_bufg_I_O)         0.101     3.261 r  design_1_i/clk_wiz_0/inst/clkout1_buf/O
                         net (fo=2997, routed)        1.690     4.952    design_1_i/top_0/inst/DUT_DDC/DUT_FIR/adc_clk
    RAMB18_X2Y11         RAMB18E1                                     r  design_1_i/top_0/inst/DUT_DDC/DUT_FIR/ram_Q_reg/CLKBWRCLK
  -------------------------------------------------------------------    -------------------
    RAMB18_X2Y11         RAMB18E1 (Prop_ramb18e1_CLKBWRCLK_DOBDO[0])
                                                      2.454     7.406 r  design_1_i/top_0/inst/DUT_DDC/DUT_FIR/ram_Q_reg/DOBDO[0]
                         net (fo=1, routed)           1.368     8.774    design_1_i/top_0/inst/DUT_DDC/DUT_FIR/sample_Q_r[0]
    DSP48_X1Y10          DSP48E1                                      r  design_1_i/top_0/inst/DUT_DDC/DUT_FIR/accumulator_Q_r_reg/A[0]
  -------------------------------------------------------------------    -------------------

                         (clock clk_out1_design_1_clk_wiz_0_0 rise edge)
                                                      8.138     8.138 r  
    U18                                               0.000     8.138 r  CLK_IN_D_0_clk_p[0] (IN)
                         net (fo=0)                   0.000     8.138    design_1_i/util_ds_buf_0/U0/IBUF_DS_P[0]
    U18                  IBUFDS (Prop_ibufds_I_O)     0.909     9.047 r  design_1_i/util_ds_buf_0/U0/USE_IBUFDS.GEN_IBUFDS[0].IBUFDS_I/O
                         net (fo=1, routed)           2.006    11.053    design_1_i/clk_wiz_0/inst/clk_in1
    BUFGCTRL_X0Y17       BUFG (Prop_bufg_I_O)         0.092    11.145 r  design_1_i/clk_wiz_0/inst/clkin1_bufg/O
                         net (fo=1, routed)           1.634    12.779    design_1_i/clk_wiz_0/inst/clk_in1_design_1_clk_wiz_0_0
    PLLE2_ADV_X1Y0       PLLE2_ADV (Prop_plle2_adv_CLKIN1_CLKOUT0)
                                                     -3.442     9.337 r  design_1_i/clk_wiz_0/inst/plle2_adv_inst/CLKOUT0
                         net (fo=1, routed)           1.720    11.057    design_1_i/clk_wiz_0/inst/clk_out1_design_1_clk_wiz_0_0
    BUFGCTRL_X0Y0        BUFG (Prop_bufg_I_O)         0.091    11.148 r  design_1_i/clk_wiz_0/inst/clkout1_buf/O
                         net (fo=2997, routed)        1.651    12.799    design_1_i/top_0/inst/DUT_DDC/DUT_FIR/adc_clk
    DSP48_X1Y10          DSP48E1                                      r  design_1_i/top_0/inst/DUT_DDC/DUT_FIR/accumulator_Q_r_reg/CLK
                         clock pessimism              0.366    13.165    
                         clock uncertainty           -0.072    13.093    
    DSP48_X1Y10          DSP48E1 (Setup_dsp48e1_CLK_A[0])
                                                     -3.722     9.371    design_1_i/top_0/inst/DUT_DDC/DUT_FIR/accumulator_Q_r_reg
  -------------------------------------------------------------------
                         required time                          9.371    
                         arrival time                          -8.774    
  -------------------------------------------------------------------
                         slack                                  0.597    

Slack (MET) :             0.618ns  (required time - arrival time)
  Source:                 design_1_i/top_0/inst/DUT_DDC/DUT_FIR/ram_Q_reg/CLKBWRCLK
                            (rising edge-triggered cell RAMB18E1 clocked by clk_out1_design_1_clk_wiz_0_0  {rise@0.000ns fall@4.069ns period=8.138ns})
  Destination:            design_1_i/top_0/inst/DUT_DDC/DUT_FIR/accumulator_Q_r_reg/A[26]
                            (rising edge-triggered cell DSP48E1 clocked by clk_out1_design_1_clk_wiz_0_0  {rise@0.000ns fall@4.069ns period=8.138ns})
  Path Group:             clk_out1_design_1_clk_wiz_0_0
  Path Type:              Setup (Max at Slow Process Corner)
  Requirement:            8.138ns  (clk_out1_design_1_clk_wiz_0_0 rise@8.138ns - clk_out1_design_1_clk_wiz_0_0 rise@0.000ns)
  Data Path Delay:        3.801ns  (logic 2.454ns (64.566%)  route 1.347ns (35.434%))
  Logic Levels:           0  
  Clock Path Skew:        0.075ns (DCD - SCD + CPR)
    Destination Clock Delay (DCD):    4.661ns = ( 12.799 - 8.138 ) 
    Source Clock Delay      (SCD):    4.952ns
    Clock Pessimism Removal (CPR):    0.366ns
  Clock Uncertainty:      0.072ns  ((TSJ^2 + DJ^2)^1/2) / 2 + PE
    Total System Jitter     (TSJ):    0.071ns
    Discrete Jitter          (DJ):    0.126ns
    Phase Error              (PE):    0.000ns

    Location             Delay type                Incr(ns)  Path(ns)    Netlist Resource(s)
  -------------------------------------------------------------------    -------------------
                         (clock clk_out1_design_1_clk_wiz_0_0 rise edge)
                                                      0.000     0.000 r  
    U18                                               0.000     0.000 r  CLK_IN_D_0_clk_p[0] (IN)
                         net (fo=0)                   0.000     0.000    design_1_i/util_ds_buf_0/U0/IBUF_DS_P[0]
    U18                  IBUFDS (Prop_ibufds_I_O)     0.951     0.951 r  design_1_i/util_ds_buf_0/U0/USE_IBUFDS.GEN_IBUFDS[0].IBUFDS_I/O
                         net (fo=1, routed)           2.205     3.156    design_1_i/clk_wiz_0/inst/clk_in1
    BUFGCTRL_X0Y17       BUFG (Prop_bufg_I_O)         0.102     3.258 r  design_1_i/clk_wiz_0/inst/clkin1_bufg/O
                         net (fo=1, routed)           1.831     5.089    design_1_i/clk_wiz_0/inst/clk_in1_design_1_clk_wiz_0_0
    PLLE2_ADV_X1Y0       PLLE2_ADV (Prop_plle2_adv_CLKIN1_CLKOUT0)
                                                     -3.812     1.277 r  design_1_i/clk_wiz_0/inst/plle2_adv_inst/CLKOUT0
                         net (fo=1, routed)           1.883     3.160    design_1_i/clk_wiz_0/inst/clk_out1_design_1_clk_wiz_0_0
    BUFGCTRL_X0Y0        BUFG (Prop_bufg_I_O)         0.101     3.261 r  design_1_i/clk_wiz_0/inst/clkout1_buf/O
                         net (fo=2997, routed)        1.690     4.952    design_1_i/top_0/inst/DUT_DDC/DUT_FIR/adc_clk
    RAMB18_X2Y11         RAMB18E1                                     r  design_1_i/top_0/inst/DUT_DDC/DUT_FIR/ram_Q_reg/CLKBWRCLK
  -------------------------------------------------------------------    -------------------
    RAMB18_X2Y11         RAMB18E1 (Prop_ramb18e1_CLKBWRCLK_DOBDO[15])
                                                      2.454     7.406 r  design_1_i/top_0/inst/DUT_DDC/DUT_FIR/ram_Q_reg/DOBDO[15]
                         net (fo=15, routed)          1.347     8.753    design_1_i/top_0/inst/DUT_DDC/DUT_FIR/sample_Q_r[15]
    DSP48_X1Y10          DSP48E1                                      r  design_1_i/top_0/inst/DUT_DDC/DUT_FIR/accumulator_Q_r_reg/A[26]
  -------------------------------------------------------------------    -------------------

                         (clock clk_out1_design_1_clk_wiz_0_0 rise edge)
                                                      8.138     8.138 r  
    U18                                               0.000     8.138 r  CLK_IN_D_0_clk_p[0] (IN)
                         net (fo=0)                   0.000     8.138    design_1_i/util_ds_buf_0/U0/IBUF_DS_P[0]
    U18                  IBUFDS (Prop_ibufds_I_O)     0.909     9.047 r  design_1_i/util_ds_buf_0/U0/USE_IBUFDS.GEN_IBUFDS[0].IBUFDS_I/O
                         net (fo=1, routed)           2.006    11.053    design_1_i/clk_wiz_0/inst/clk_in1
    BUFGCTRL_X0Y17       BUFG (Prop_bufg_I_O)         0.092    11.145 r  design_1_i/clk_wiz_0/inst/clkin1_bufg/O
                         net (fo=1, routed)           1.634    12.779    design_1_i/clk_wiz_0/inst/clk_in1_design_1_clk_wiz_0_0
    PLLE2_ADV_X1Y0       PLLE2_ADV (Prop_plle2_adv_CLKIN1_CLKOUT0)
                                                     -3.442     9.337 r  design_1_i/clk_wiz_0/inst/plle2_adv_inst/CLKOUT0
                         net (fo=1, routed)           1.720    11.057    design_1_i/clk_wiz_0/inst/clk_out1_design_1_clk_wiz_0_0
    BUFGCTRL_X0Y0        BUFG (Prop_bufg_I_O)         0.091    11.148 r  design_1_i/clk_wiz_0/inst/clkout1_buf/O
                         net (fo=2997, routed)        1.651    12.799    design_1_i/top_0/inst/DUT_DDC/DUT_FIR/adc_clk
    DSP48_X1Y10          DSP48E1                                      r  design_1_i/top_0/inst/DUT_DDC/DUT_FIR/accumulator_Q_r_reg/CLK
                         clock pessimism              0.366    13.165    
                         clock uncertainty           -0.072    13.093    
    DSP48_X1Y10          DSP48E1 (Setup_dsp48e1_CLK_A[26])
                                                     -3.722     9.371    design_1_i/top_0/inst/DUT_DDC/DUT_FIR/accumulator_Q_r_reg
  -------------------------------------------------------------------
                         required time                          9.371    
                         arrival time                          -8.753    
  -------------------------------------------------------------------
                         slack                                  0.618    

Slack (MET) :             0.618ns  (required time - arrival time)
  Source:                 design_1_i/top_0/inst/DUT_DDC/DUT_FIR/ram_Q_reg/CLKBWRCLK
                            (rising edge-triggered cell RAMB18E1 clocked by clk_out1_design_1_clk_wiz_0_0  {rise@0.000ns fall@4.069ns period=8.138ns})
  Destination:            design_1_i/top_0/inst/DUT_DDC/DUT_FIR/accumulator_Q_r_reg/A[27]
                            (rising edge-triggered cell DSP48E1 clocked by clk_out1_design_1_clk_wiz_0_0  {rise@0.000ns fall@4.069ns period=8.138ns})
  Path Group:             clk_out1_design_1_clk_wiz_0_0
  Path Type:              Setup (Max at Slow Process Corner)
  Requirement:            8.138ns  (clk_out1_design_1_clk_wiz_0_0 rise@8.138ns - clk_out1_design_1_clk_wiz_0_0 rise@0.000ns)
  Data Path Delay:        3.801ns  (logic 2.454ns (64.566%)  route 1.347ns (35.434%))
  Logic Levels:           0  
  Clock Path Skew:        0.075ns (DCD - SCD + CPR)
    Destination Clock Delay (DCD):    4.661ns = ( 12.799 - 8.138 ) 
    Source Clock Delay      (SCD):    4.952ns
    Clock Pessimism Removal (CPR):    0.366ns
  Clock Uncertainty:      0.072ns  ((TSJ^2 + DJ^2)^1/2) / 2 + PE
    Total System Jitter     (TSJ):    0.071ns
    Discrete Jitter          (DJ):    0.126ns
    Phase Error              (PE):    0.000ns

    Location             Delay type                Incr(ns)  Path(ns)    Netlist Resource(s)
  -------------------------------------------------------------------    -------------------
                         (clock clk_out1_design_1_clk_wiz_0_0 rise edge)
                                                      0.000     0.000 r  
    U18                                               0.000     0.000 r  CLK_IN_D_0_clk_p[0] (IN)
                         net (fo=0)                   0.000     0.000    design_1_i/util_ds_buf_0/U0/IBUF_DS_P[0]
    U18                  IBUFDS (Prop_ibufds_I_O)     0.951     0.951 r  design_1_i/util_ds_buf_0/U0/USE_IBUFDS.GEN_IBUFDS[0].IBUFDS_I/O
                         net (fo=1, routed)           2.205     3.156    design_1_i/clk_wiz_0/inst/clk_in1
    BUFGCTRL_X0Y17       BUFG (Prop_bufg_I_O)         0.102     3.258 r  design_1_i/clk_wiz_0/inst/clkin1_bufg/O
                         net (fo=1, routed)           1.831     5.089    design_1_i/clk_wiz_0/inst/clk_in1_design_1_clk_wiz_0_0
    PLLE2_ADV_X1Y0       PLLE2_ADV (Prop_plle2_adv_CLKIN1_CLKOUT0)
                                                     -3.812     1.277 r  design_1_i/clk_wiz_0/inst/plle2_adv_inst/CLKOUT0
                         net (fo=1, routed)           1.883     3.160    design_1_i/clk_wiz_0/inst/clk_out1_design_1_clk_wiz_0_0
    BUFGCTRL_X0Y0        BUFG (Prop_bufg_I_O)         0.101     3.261 r  design_1_i/clk_wiz_0/inst/clkout1_buf/O
                         net (fo=2997, routed)        1.690     4.952    design_1_i/top_0/inst/DUT_DDC/DUT_FIR/adc_clk
    RAMB18_X2Y11         RAMB18E1                                     r  design_1_i/top_0/inst/DUT_DDC/DUT_FIR/ram_Q_reg/CLKBWRCLK
  -------------------------------------------------------------------    -------------------
    RAMB18_X2Y11         RAMB18E1 (Prop_ramb18e1_CLKBWRCLK_DOBDO[15])
                                                      2.454     7.406 r  design_1_i/top_0/inst/DUT_DDC/DUT_FIR/ram_Q_reg/DOBDO[15]
                         net (fo=15, routed)          1.347     8.753    design_1_i/top_0/inst/DUT_DDC/DUT_FIR/sample_Q_r[15]
    DSP48_X1Y10          DSP48E1                                      r  design_1_i/top_0/inst/DUT_DDC/DUT_FIR/accumulator_Q_r_reg/A[27]
  -------------------------------------------------------------------    -------------------

                         (clock clk_out1_design_1_clk_wiz_0_0 rise edge)
                                                      8.138     8.138 r  
    U18                                               0.000     8.138 r  CLK_IN_D_0_clk_p[0] (IN)
                         net (fo=0)                   0.000     8.138    design_1_i/util_ds_buf_0/U0/IBUF_DS_P[0]
    U18                  IBUFDS (Prop_ibufds_I_O)     0.909     9.047 r  design_1_i/util_ds_buf_0/U0/USE_IBUFDS.GEN_IBUFDS[0].IBUFDS_I/O
                         net (fo=1, routed)           2.006    11.053    design_1_i/clk_wiz_0/inst/clk_in1
    BUFGCTRL_X0Y17       BUFG (Prop_bufg_I_O)         0.092    11.145 r  design_1_i/clk_wiz_0/inst/clkin1_bufg/O
                         net (fo=1, routed)           1.634    12.779    design_1_i/clk_wiz_0/inst/clk_in1_design_1_clk_wiz_0_0
    PLLE2_ADV_X1Y0       PLLE2_ADV (Prop_plle2_adv_CLKIN1_CLKOUT0)
                                                     -3.442     9.337 r  design_1_i/clk_wiz_0/inst/plle2_adv_inst/CLKOUT0
                         net (fo=1, routed)           1.720    11.057    design_1_i/clk_wiz_0/inst/clk_out1_design_1_clk_wiz_0_0
    BUFGCTRL_X0Y0        BUFG (Prop_bufg_I_O)         0.091    11.148 r  design_1_i/clk_wiz_0/inst/clkout1_buf/O
                         net (fo=2997, routed)        1.651    12.799    design_1_i/top_0/inst/DUT_DDC/DUT_FIR/adc_clk
    DSP48_X1Y10          DSP48E1                                      r  design_1_i/top_0/inst/DUT_DDC/DUT_FIR/accumulator_Q_r_reg/CLK
                         clock pessimism              0.366    13.165    
                         clock uncertainty           -0.072    13.093    
    DSP48_X1Y10          DSP48E1 (Setup_dsp48e1_CLK_A[27])
                                                     -3.722     9.371    design_1_i/top_0/inst/DUT_DDC/DUT_FIR/accumulator_Q_r_reg
  -------------------------------------------------------------------
                         required time                          9.371    
                         arrival time                          -8.753    
  -------------------------------------------------------------------
                         slack                                  0.618    

Slack (MET) :             0.641ns  (required time - arrival time)
  Source:                 design_1_i/top_0/inst/DUT_DDC/DUT_FIR/ram_Q_reg/CLKBWRCLK
                            (rising edge-triggered cell RAMB18E1 clocked by clk_out1_design_1_clk_wiz_0_0  {rise@0.000ns fall@4.069ns period=8.138ns})
  Destination:            design_1_i/top_0/inst/DUT_DDC/DUT_FIR/accumulator_Q_r_reg/A[24]
                            (rising edge-triggered cell DSP48E1 clocked by clk_out1_design_1_clk_wiz_0_0  {rise@0.000ns fall@4.069ns period=8.138ns})
  Path Group:             clk_out1_design_1_clk_wiz_0_0
  Path Type:              Setup (Max at Slow Process Corner)
  Requirement:            8.138ns  (clk_out1_design_1_clk_wiz_0_0 rise@8.138ns - clk_out1_design_1_clk_wiz_0_0 rise@0.000ns)
  Data Path Delay:        3.778ns  (logic 2.454ns (64.948%)  route 1.324ns (35.052%))
  Logic Levels:           0  
  Clock Path Skew:        0.075ns (DCD - SCD + CPR)
    Destination Clock Delay (DCD):    4.661ns = ( 12.799 - 8.138 ) 
    Source Clock Delay      (SCD):    4.952ns
    Clock Pessimism Removal (CPR):    0.366ns
  Clock Uncertainty:      0.072ns  ((TSJ^2 + DJ^2)^1/2) / 2 + PE
    Total System Jitter     (TSJ):    0.071ns
    Discrete Jitter          (DJ):    0.126ns
    Phase Error              (PE):    0.000ns

    Location             Delay type                Incr(ns)  Path(ns)    Netlist Resource(s)
  -------------------------------------------------------------------    -------------------
                         (clock clk_out1_design_1_clk_wiz_0_0 rise edge)
                                                      0.000     0.000 r  
    U18                                               0.000     0.000 r  CLK_IN_D_0_clk_p[0] (IN)
                         net (fo=0)                   0.000     0.000    design_1_i/util_ds_buf_0/U0/IBUF_DS_P[0]
    U18                  IBUFDS (Prop_ibufds_I_O)     0.951     0.951 r  design_1_i/util_ds_buf_0/U0/USE_IBUFDS.GEN_IBUFDS[0].IBUFDS_I/O
                         net (fo=1, routed)           2.205     3.156    design_1_i/clk_wiz_0/inst/clk_in1
    BUFGCTRL_X0Y17       BUFG (Prop_bufg_I_O)         0.102     3.258 r  design_1_i/clk_wiz_0/inst/clkin1_bufg/O
                         net (fo=1, routed)           1.831     5.089    design_1_i/clk_wiz_0/inst/clk_in1_design_1_clk_wiz_0_0
    PLLE2_ADV_X1Y0       PLLE2_ADV (Prop_plle2_adv_CLKIN1_CLKOUT0)
                                                     -3.812     1.277 r  design_1_i/clk_wiz_0/inst/plle2_adv_inst/CLKOUT0
                         net (fo=1, routed)           1.883     3.160    design_1_i/clk_wiz_0/inst/clk_out1_design_1_clk_wiz_0_0
    BUFGCTRL_X0Y0        BUFG (Prop_bufg_I_O)         0.101     3.261 r  design_1_i/clk_wiz_0/inst/clkout1_buf/O
                         net (fo=2997, routed)        1.690     4.952    design_1_i/top_0/inst/DUT_DDC/DUT_FIR/adc_clk
    RAMB18_X2Y11         RAMB18E1                                     r  design_1_i/top_0/inst/DUT_DDC/DUT_FIR/ram_Q_reg/CLKBWRCLK
  -------------------------------------------------------------------    -------------------
    RAMB18_X2Y11         RAMB18E1 (Prop_ramb18e1_CLKBWRCLK_DOBDO[15])
                                                      2.454     7.406 r  design_1_i/top_0/inst/DUT_DDC/DUT_FIR/ram_Q_reg/DOBDO[15]
                         net (fo=15, routed)          1.324     8.730    design_1_i/top_0/inst/DUT_DDC/DUT_FIR/sample_Q_r[15]
    DSP48_X1Y10          DSP48E1                                      r  design_1_i/top_0/inst/DUT_DDC/DUT_FIR/accumulator_Q_r_reg/A[24]
  -------------------------------------------------------------------    -------------------

                         (clock clk_out1_design_1_clk_wiz_0_0 rise edge)
                                                      8.138     8.138 r  
    U18                                               0.000     8.138 r  CLK_IN_D_0_clk_p[0] (IN)
                         net (fo=0)                   0.000     8.138    design_1_i/util_ds_buf_0/U0/IBUF_DS_P[0]
    U18                  IBUFDS (Prop_ibufds_I_O)     0.909     9.047 r  design_1_i/util_ds_buf_0/U0/USE_IBUFDS.GEN_IBUFDS[0].IBUFDS_I/O
                         net (fo=1, routed)           2.006    11.053    design_1_i/clk_wiz_0/inst/clk_in1
    BUFGCTRL_X0Y17       BUFG (Prop_bufg_I_O)         0.092    11.145 r  design_1_i/clk_wiz_0/inst/clkin1_bufg/O
                         net (fo=1, routed)           1.634    12.779    design_1_i/clk_wiz_0/inst/clk_in1_design_1_clk_wiz_0_0
    PLLE2_ADV_X1Y0       PLLE2_ADV (Prop_plle2_adv_CLKIN1_CLKOUT0)
                                                     -3.442     9.337 r  design_1_i/clk_wiz_0/inst/plle2_adv_inst/CLKOUT0
                         net (fo=1, routed)           1.720    11.057    design_1_i/clk_wiz_0/inst/clk_out1_design_1_clk_wiz_0_0
    BUFGCTRL_X0Y0        BUFG (Prop_bufg_I_O)         0.091    11.148 r  design_1_i/clk_wiz_0/inst/clkout1_buf/O
                         net (fo=2997, routed)        1.651    12.799    design_1_i/top_0/inst/DUT_DDC/DUT_FIR/adc_clk
    DSP48_X1Y10          DSP48E1                                      r  design_1_i/top_0/inst/DUT_DDC/DUT_FIR/accumulator_Q_r_reg/CLK
                         clock pessimism              0.366    13.165    
                         clock uncertainty           -0.072    13.093    
    DSP48_X1Y10          DSP48E1 (Setup_dsp48e1_CLK_A[24])
                                                     -3.722     9.371    design_1_i/top_0/inst/DUT_DDC/DUT_FIR/accumulator_Q_r_reg
  -------------------------------------------------------------------
                         required time                          9.371    
                         arrival time                          -8.730    
  -------------------------------------------------------------------
                         slack                                  0.641    

Slack (MET) :             0.641ns  (required time - arrival time)
  Source:                 design_1_i/top_0/inst/DUT_DDC/DUT_FIR/ram_Q_reg/CLKBWRCLK
                            (rising edge-triggered cell RAMB18E1 clocked by clk_out1_design_1_clk_wiz_0_0  {rise@0.000ns fall@4.069ns period=8.138ns})
  Destination:            design_1_i/top_0/inst/DUT_DDC/DUT_FIR/accumulator_Q_r_reg/A[25]
                            (rising edge-triggered cell DSP48E1 clocked by clk_out1_design_1_clk_wiz_0_0  {rise@0.000ns fall@4.069ns period=8.138ns})
  Path Group:             clk_out1_design_1_clk_wiz_0_0
  Path Type:              Setup (Max at Slow Process Corner)
  Requirement:            8.138ns  (clk_out1_design_1_clk_wiz_0_0 rise@8.138ns - clk_out1_design_1_clk_wiz_0_0 rise@0.000ns)
  Data Path Delay:        3.778ns  (logic 2.454ns (64.948%)  route 1.324ns (35.052%))
  Logic Levels:           0  
  Clock Path Skew:        0.075ns (DCD - SCD + CPR)
    Destination Clock Delay (DCD):    4.661ns = ( 12.799 - 8.138 ) 
    Source Clock Delay      (SCD):    4.952ns
    Clock Pessimism Removal (CPR):    0.366ns
  Clock Uncertainty:      0.072ns  ((TSJ^2 + DJ^2)^1/2) / 2 + PE
    Total System Jitter     (TSJ):    0.071ns
    Discrete Jitter          (DJ):    0.126ns
    Phase Error              (PE):    0.000ns

    Location             Delay type                Incr(ns)  Path(ns)    Netlist Resource(s)
  -------------------------------------------------------------------    -------------------
                         (clock clk_out1_design_1_clk_wiz_0_0 rise edge)
                                                      0.000     0.000 r  
    U18                                               0.000     0.000 r  CLK_IN_D_0_clk_p[0] (IN)
                         net (fo=0)                   0.000     0.000    design_1_i/util_ds_buf_0/U0/IBUF_DS_P[0]
    U18                  IBUFDS (Prop_ibufds_I_O)     0.951     0.951 r  design_1_i/util_ds_buf_0/U0/USE_IBUFDS.GEN_IBUFDS[0].IBUFDS_I/O
                         net (fo=1, routed)           2.205     3.156    design_1_i/clk_wiz_0/inst/clk_in1
    BUFGCTRL_X0Y17       BUFG (Prop_bufg_I_O)         0.102     3.258 r  design_1_i/clk_wiz_0/inst/clkin1_bufg/O
                         net (fo=1, routed)           1.831     5.089    design_1_i/clk_wiz_0/inst/clk_in1_design_1_clk_wiz_0_0
    PLLE2_ADV_X1Y0       PLLE2_ADV (Prop_plle2_adv_CLKIN1_CLKOUT0)
                                                     -3.812     1.277 r  design_1_i/clk_wiz_0/inst/plle2_adv_inst/CLKOUT0
                         net (fo=1, routed)           1.883     3.160    design_1_i/clk_wiz_0/inst/clk_out1_design_1_clk_wiz_0_0
    BUFGCTRL_X0Y0        BUFG (Prop_bufg_I_O)         0.101     3.261 r  design_1_i/clk_wiz_0/inst/clkout1_buf/O
                         net (fo=2997, routed)        1.690     4.952    design_1_i/top_0/inst/DUT_DDC/DUT_FIR/adc_clk
    RAMB18_X2Y11         RAMB18E1                                     r  design_1_i/top_0/inst/DUT_DDC/DUT_FIR/ram_Q_reg/CLKBWRCLK
  -------------------------------------------------------------------    -------------------
    RAMB18_X2Y11         RAMB18E1 (Prop_ramb18e1_CLKBWRCLK_DOBDO[15])
                                                      2.454     7.406 r  design_1_i/top_0/inst/DUT_DDC/DUT_FIR/ram_Q_reg/DOBDO[15]
                         net (fo=15, routed)          1.324     8.730    design_1_i/top_0/inst/DUT_DDC/DUT_FIR/sample_Q_r[15]
    DSP48_X1Y10          DSP48E1                                      r  design_1_i/top_0/inst/DUT_DDC/DUT_FIR/accumulator_Q_r_reg/A[25]
  -------------------------------------------------------------------    -------------------

                         (clock clk_out1_design_1_clk_wiz_0_0 rise edge)
                                                      8.138     8.138 r  
    U18                                               0.000     8.138 r  CLK_IN_D_0_clk_p[0] (IN)
                         net (fo=0)                   0.000     8.138    design_1_i/util_ds_buf_0/U0/IBUF_DS_P[0]
    U18                  IBUFDS (Prop_ibufds_I_O)     0.909     9.047 r  design_1_i/util_ds_buf_0/U0/USE_IBUFDS.GEN_IBUFDS[0].IBUFDS_I/O
                         net (fo=1, routed)           2.006    11.053    design_1_i/clk_wiz_0/inst/clk_in1
    BUFGCTRL_X0Y17       BUFG (Prop_bufg_I_O)         0.092    11.145 r  design_1_i/clk_wiz_0/inst/clkin1_bufg/O
                         net (fo=1, routed)           1.634    12.779    design_1_i/clk_wiz_0/inst/clk_in1_design_1_clk_wiz_0_0
    PLLE2_ADV_X1Y0       PLLE2_ADV (Prop_plle2_adv_CLKIN1_CLKOUT0)
                                                     -3.442     9.337 r  design_1_i/clk_wiz_0/inst/plle2_adv_inst/CLKOUT0
                         net (fo=1, routed)           1.720    11.057    design_1_i/clk_wiz_0/inst/clk_out1_design_1_clk_wiz_0_0
    BUFGCTRL_X0Y0        BUFG (Prop_bufg_I_O)         0.091    11.148 r  design_1_i/clk_wiz_0/inst/clkout1_buf/O
                         net (fo=2997, routed)        1.651    12.799    design_1_i/top_0/inst/DUT_DDC/DUT_FIR/adc_clk
    DSP48_X1Y10          DSP48E1                                      r  design_1_i/top_0/inst/DUT_DDC/DUT_FIR/accumulator_Q_r_reg/CLK
                         clock pessimism              0.366    13.165    
                         clock uncertainty           -0.072    13.093    
    DSP48_X1Y10          DSP48E1 (Setup_dsp48e1_CLK_A[25])
                                                     -3.722     9.371    design_1_i/top_0/inst/DUT_DDC/DUT_FIR/accumulator_Q_r_reg
  -------------------------------------------------------------------
                         required time                          9.371    
                         arrival time                          -8.730    
  -------------------------------------------------------------------
                         slack                                  0.641    

Slack (MET) :             0.641ns  (required time - arrival time)
  Source:                 design_1_i/top_0/inst/DUT_DDC/DUT_FIR/ram_Q_reg/CLKBWRCLK
                            (rising edge-triggered cell RAMB18E1 clocked by clk_out1_design_1_clk_wiz_0_0  {rise@0.000ns fall@4.069ns period=8.138ns})
  Destination:            design_1_i/top_0/inst/DUT_DDC/DUT_FIR/accumulator_Q_r_reg/A[28]
                            (rising edge-triggered cell DSP48E1 clocked by clk_out1_design_1_clk_wiz_0_0  {rise@0.000ns fall@4.069ns period=8.138ns})
  Path Group:             clk_out1_design_1_clk_wiz_0_0
  Path Type:              Setup (Max at Slow Process Corner)
  Requirement:            8.138ns  (clk_out1_design_1_clk_wiz_0_0 rise@8.138ns - clk_out1_design_1_clk_wiz_0_0 rise@0.000ns)
  Data Path Delay:        3.778ns  (logic 2.454ns (64.952%)  route 1.324ns (35.048%))
  Logic Levels:           0  
  Clock Path Skew:        0.075ns (DCD - SCD + CPR)
    Destination Clock Delay (DCD):    4.661ns = ( 12.799 - 8.138 ) 
    Source Clock Delay      (SCD):    4.952ns
    Clock Pessimism Removal (CPR):    0.366ns
  Clock Uncertainty:      0.072ns  ((TSJ^2 + DJ^2)^1/2) / 2 + PE
    Total System Jitter     (TSJ):    0.071ns
    Discrete Jitter          (DJ):    0.126ns
    Phase Error              (PE):    0.000ns

    Location             Delay type                Incr(ns)  Path(ns)    Netlist Resource(s)
  -------------------------------------------------------------------    -------------------
                         (clock clk_out1_design_1_clk_wiz_0_0 rise edge)
                                                      0.000     0.000 r  
    U18                                               0.000     0.000 r  CLK_IN_D_0_clk_p[0] (IN)
                         net (fo=0)                   0.000     0.000    design_1_i/util_ds_buf_0/U0/IBUF_DS_P[0]
    U18                  IBUFDS (Prop_ibufds_I_O)     0.951     0.951 r  design_1_i/util_ds_buf_0/U0/USE_IBUFDS.GEN_IBUFDS[0].IBUFDS_I/O
                         net (fo=1, routed)           2.205     3.156    design_1_i/clk_wiz_0/inst/clk_in1
    BUFGCTRL_X0Y17       BUFG (Prop_bufg_I_O)         0.102     3.258 r  design_1_i/clk_wiz_0/inst/clkin1_bufg/O
                         net (fo=1, routed)           1.831     5.089    design_1_i/clk_wiz_0/inst/clk_in1_design_1_clk_wiz_0_0
    PLLE2_ADV_X1Y0       PLLE2_ADV (Prop_plle2_adv_CLKIN1_CLKOUT0)
                                                     -3.812     1.277 r  design_1_i/clk_wiz_0/inst/plle2_adv_inst/CLKOUT0
                         net (fo=1, routed)           1.883     3.160    design_1_i/clk_wiz_0/inst/clk_out1_design_1_clk_wiz_0_0
    BUFGCTRL_X0Y0        BUFG (Prop_bufg_I_O)         0.101     3.261 r  design_1_i/clk_wiz_0/inst/clkout1_buf/O
                         net (fo=2997, routed)        1.690     4.952    design_1_i/top_0/inst/DUT_DDC/DUT_FIR/adc_clk
    RAMB18_X2Y11         RAMB18E1                                     r  design_1_i/top_0/inst/DUT_DDC/DUT_FIR/ram_Q_reg/CLKBWRCLK
  -------------------------------------------------------------------    -------------------
    RAMB18_X2Y11         RAMB18E1 (Prop_ramb18e1_CLKBWRCLK_DOBDO[15])
                                                      2.454     7.406 r  design_1_i/top_0/inst/DUT_DDC/DUT_FIR/ram_Q_reg/DOBDO[15]
                         net (fo=15, routed)          1.324     8.730    design_1_i/top_0/inst/DUT_DDC/DUT_FIR/sample_Q_r[15]
    DSP48_X1Y10          DSP48E1                                      r  design_1_i/top_0/inst/DUT_DDC/DUT_FIR/accumulator_Q_r_reg/A[28]
  -------------------------------------------------------------------    -------------------

                         (clock clk_out1_design_1_clk_wiz_0_0 rise edge)
                                                      8.138     8.138 r  
    U18                                               0.000     8.138 r  CLK_IN_D_0_clk_p[0] (IN)
                         net (fo=0)                   0.000     8.138    design_1_i/util_ds_buf_0/U0/IBUF_DS_P[0]
    U18                  IBUFDS (Prop_ibufds_I_O)     0.909     9.047 r  design_1_i/util_ds_buf_0/U0/USE_IBUFDS.GEN_IBUFDS[0].IBUFDS_I/O
                         net (fo=1, routed)           2.006    11.053    design_1_i/clk_wiz_0/inst/clk_in1
    BUFGCTRL_X0Y17       BUFG (Prop_bufg_I_O)         0.092    11.145 r  design_1_i/clk_wiz_0/inst/clkin1_bufg/O
                         net (fo=1, routed)           1.634    12.779    design_1_i/clk_wiz_0/inst/clk_in1_design_1_clk_wiz_0_0
    PLLE2_ADV_X1Y0       PLLE2_ADV (Prop_plle2_adv_CLKIN1_CLKOUT0)
                                                     -3.442     9.337 r  design_1_i/clk_wiz_0/inst/plle2_adv_inst/CLKOUT0
                         net (fo=1, routed)           1.720    11.057    design_1_i/clk_wiz_0/inst/clk_out1_design_1_clk_wiz_0_0
    BUFGCTRL_X0Y0        BUFG (Prop_bufg_I_O)         0.091    11.148 r  design_1_i/clk_wiz_0/inst/clkout1_buf/O
                         net (fo=2997, routed)        1.651    12.799    design_1_i/top_0/inst/DUT_DDC/DUT_FIR/adc_clk
    DSP48_X1Y10          DSP48E1                                      r  design_1_i/top_0/inst/DUT_DDC/DUT_FIR/accumulator_Q_r_reg/CLK
                         clock pessimism              0.366    13.165    
                         clock uncertainty           -0.072    13.093    
    DSP48_X1Y10          DSP48E1 (Setup_dsp48e1_CLK_A[28])
                                                     -3.722     9.371    design_1_i/top_0/inst/DUT_DDC/DUT_FIR/accumulator_Q_r_reg
  -------------------------------------------------------------------
                         required time                          9.371    
                         arrival time                          -8.730    
  -------------------------------------------------------------------
                         slack                                  0.641    

Slack (MET) :             0.641ns  (required time - arrival time)
  Source:                 design_1_i/top_0/inst/DUT_DDC/DUT_FIR/ram_Q_reg/CLKBWRCLK
                            (rising edge-triggered cell RAMB18E1 clocked by clk_out1_design_1_clk_wiz_0_0  {rise@0.000ns fall@4.069ns period=8.138ns})
  Destination:            design_1_i/top_0/inst/DUT_DDC/DUT_FIR/accumulator_Q_r_reg/A[29]
                            (rising edge-triggered cell DSP48E1 clocked by clk_out1_design_1_clk_wiz_0_0  {rise@0.000ns fall@4.069ns period=8.138ns})
  Path Group:             clk_out1_design_1_clk_wiz_0_0
  Path Type:              Setup (Max at Slow Process Corner)
  Requirement:            8.138ns  (clk_out1_design_1_clk_wiz_0_0 rise@8.138ns - clk_out1_design_1_clk_wiz_0_0 rise@0.000ns)
  Data Path Delay:        3.778ns  (logic 2.454ns (64.952%)  route 1.324ns (35.048%))
  Logic Levels:           0  
  Clock Path Skew:        0.075ns (DCD - SCD + CPR)
    Destination Clock Delay (DCD):    4.661ns = ( 12.799 - 8.138 ) 
    Source Clock Delay      (SCD):    4.952ns
    Clock Pessimism Removal (CPR):    0.366ns
  Clock Uncertainty:      0.072ns  ((TSJ^2 + DJ^2)^1/2) / 2 + PE
    Total System Jitter     (TSJ):    0.071ns
    Discrete Jitter          (DJ):    0.126ns
    Phase Error              (PE):    0.000ns

    Location             Delay type                Incr(ns)  Path(ns)    Netlist Resource(s)
  -------------------------------------------------------------------    -------------------
                         (clock clk_out1_design_1_clk_wiz_0_0 rise edge)
                                                      0.000     0.000 r  
    U18                                               0.000     0.000 r  CLK_IN_D_0_clk_p[0] (IN)
                         net (fo=0)                   0.000     0.000    design_1_i/util_ds_buf_0/U0/IBUF_DS_P[0]
    U18                  IBUFDS (Prop_ibufds_I_O)     0.951     0.951 r  design_1_i/util_ds_buf_0/U0/USE_IBUFDS.GEN_IBUFDS[0].IBUFDS_I/O
                         net (fo=1, routed)           2.205     3.156    design_1_i/clk_wiz_0/inst/clk_in1
    BUFGCTRL_X0Y17       BUFG (Prop_bufg_I_O)         0.102     3.258 r  design_1_i/clk_wiz_0/inst/clkin1_bufg/O
                         net (fo=1, routed)           1.831     5.089    design_1_i/clk_wiz_0/inst/clk_in1_design_1_clk_wiz_0_0
    PLLE2_ADV_X1Y0       PLLE2_ADV (Prop_plle2_adv_CLKIN1_CLKOUT0)
                                                     -3.812     1.277 r  design_1_i/clk_wiz_0/inst/plle2_adv_inst/CLKOUT0
                         net (fo=1, routed)           1.883     3.160    design_1_i/clk_wiz_0/inst/clk_out1_design_1_clk_wiz_0_0
    BUFGCTRL_X0Y0        BUFG (Prop_bufg_I_O)         0.101     3.261 r  design_1_i/clk_wiz_0/inst/clkout1_buf/O
                         net (fo=2997, routed)        1.690     4.952    design_1_i/top_0/inst/DUT_DDC/DUT_FIR/adc_clk
    RAMB18_X2Y11         RAMB18E1                                     r  design_1_i/top_0/inst/DUT_DDC/DUT_FIR/ram_Q_reg/CLKBWRCLK
  -------------------------------------------------------------------    -------------------
    RAMB18_X2Y11         RAMB18E1 (Prop_ramb18e1_CLKBWRCLK_DOBDO[15])
                                                      2.454     7.406 r  design_1_i/top_0/inst/DUT_DDC/DUT_FIR/ram_Q_reg/DOBDO[15]
                         net (fo=15, routed)          1.324     8.730    design_1_i/top_0/inst/DUT_DDC/DUT_FIR/sample_Q_r[15]
    DSP48_X1Y10          DSP48E1                                      r  design_1_i/top_0/inst/DUT_DDC/DUT_FIR/accumulator_Q_r_reg/A[29]
  -------------------------------------------------------------------    -------------------

                         (clock clk_out1_design_1_clk_wiz_0_0 rise edge)
                                                      8.138     8.138 r  
    U18                                               0.000     8.138 r  CLK_IN_D_0_clk_p[0] (IN)
                         net (fo=0)                   0.000     8.138    design_1_i/util_ds_buf_0/U0/IBUF_DS_P[0]
    U18                  IBUFDS (Prop_ibufds_I_O)     0.909     9.047 r  design_1_i/util_ds_buf_0/U0/USE_IBUFDS.GEN_IBUFDS[0].IBUFDS_I/O
                         net (fo=1, routed)           2.006    11.053    design_1_i/clk_wiz_0/inst/clk_in1
    BUFGCTRL_X0Y17       BUFG (Prop_bufg_I_O)         0.092    11.145 r  design_1_i/clk_wiz_0/inst/clkin1_bufg/O
                         net (fo=1, routed)           1.634    12.779    design_1_i/clk_wiz_0/inst/clk_in1_design_1_clk_wiz_0_0
    PLLE2_ADV_X1Y0       PLLE2_ADV (Prop_plle2_adv_CLKIN1_CLKOUT0)
                                                     -3.442     9.337 r  design_1_i/clk_wiz_0/inst/plle2_adv_inst/CLKOUT0
                         net (fo=1, routed)           1.720    11.057    design_1_i/clk_wiz_0/inst/clk_out1_design_1_clk_wiz_0_0
    BUFGCTRL_X0Y0        BUFG (Prop_bufg_I_O)         0.091    11.148 r  design_1_i/clk_wiz_0/inst/clkout1_buf/O
                         net (fo=2997, routed)        1.651    12.799    design_1_i/top_0/inst/DUT_DDC/DUT_FIR/adc_clk
    DSP48_X1Y10          DSP48E1                                      r  design_1_i/top_0/inst/DUT_DDC/DUT_FIR/accumulator_Q_r_reg/CLK
                         clock pessimism              0.366    13.165    
                         clock uncertainty           -0.072    13.093    
    DSP48_X1Y10          DSP48E1 (Setup_dsp48e1_CLK_A[29])
                                                     -3.722     9.371    design_1_i/top_0/inst/DUT_DDC/DUT_FIR/accumulator_Q_r_reg
  -------------------------------------------------------------------
                         required time                          9.371    
                         arrival time                          -8.730    
  -------------------------------------------------------------------
                         slack                                  0.641    

Slack (MET) :             0.660ns  (required time - arrival time)
  Source:                 design_1_i/top_0/inst/DUT_DDC/DUT_FIR/ram_Q_reg/CLKBWRCLK
                            (rising edge-triggered cell RAMB18E1 clocked by clk_out1_design_1_clk_wiz_0_0  {rise@0.000ns fall@4.069ns period=8.138ns})
  Destination:            design_1_i/top_0/inst/DUT_DDC/DUT_FIR/accumulator_Q_r_reg/A[4]
                            (rising edge-triggered cell DSP48E1 clocked by clk_out1_design_1_clk_wiz_0_0  {rise@0.000ns fall@4.069ns period=8.138ns})
  Path Group:             clk_out1_design_1_clk_wiz_0_0
  Path Type:              Setup (Max at Slow Process Corner)
  Requirement:            8.138ns  (clk_out1_design_1_clk_wiz_0_0 rise@8.138ns - clk_out1_design_1_clk_wiz_0_0 rise@0.000ns)
  Data Path Delay:        3.759ns  (logic 2.454ns (65.279%)  route 1.305ns (34.721%))
  Logic Levels:           0  
  Clock Path Skew:        0.075ns (DCD - SCD + CPR)
    Destination Clock Delay (DCD):    4.661ns = ( 12.799 - 8.138 ) 
    Source Clock Delay      (SCD):    4.952ns
    Clock Pessimism Removal (CPR):    0.366ns
  Clock Uncertainty:      0.072ns  ((TSJ^2 + DJ^2)^1/2) / 2 + PE
    Total System Jitter     (TSJ):    0.071ns
    Discrete Jitter          (DJ):    0.126ns
    Phase Error              (PE):    0.000ns

    Location             Delay type                Incr(ns)  Path(ns)    Netlist Resource(s)
  -------------------------------------------------------------------    -------------------
                         (clock clk_out1_design_1_clk_wiz_0_0 rise edge)
                                                      0.000     0.000 r  
    U18                                               0.000     0.000 r  CLK_IN_D_0_clk_p[0] (IN)
                         net (fo=0)                   0.000     0.000    design_1_i/util_ds_buf_0/U0/IBUF_DS_P[0]
    U18                  IBUFDS (Prop_ibufds_I_O)     0.951     0.951 r  design_1_i/util_ds_buf_0/U0/USE_IBUFDS.GEN_IBUFDS[0].IBUFDS_I/O
                         net (fo=1, routed)           2.205     3.156    design_1_i/clk_wiz_0/inst/clk_in1
    BUFGCTRL_X0Y17       BUFG (Prop_bufg_I_O)         0.102     3.258 r  design_1_i/clk_wiz_0/inst/clkin1_bufg/O
                         net (fo=1, routed)           1.831     5.089    design_1_i/clk_wiz_0/inst/clk_in1_design_1_clk_wiz_0_0
    PLLE2_ADV_X1Y0       PLLE2_ADV (Prop_plle2_adv_CLKIN1_CLKOUT0)
                                                     -3.812     1.277 r  design_1_i/clk_wiz_0/inst/plle2_adv_inst/CLKOUT0
                         net (fo=1, routed)           1.883     3.160    design_1_i/clk_wiz_0/inst/clk_out1_design_1_clk_wiz_0_0
    BUFGCTRL_X0Y0        BUFG (Prop_bufg_I_O)         0.101     3.261 r  design_1_i/clk_wiz_0/inst/clkout1_buf/O
                         net (fo=2997, routed)        1.690     4.952    design_1_i/top_0/inst/DUT_DDC/DUT_FIR/adc_clk
    RAMB18_X2Y11         RAMB18E1                                     r  design_1_i/top_0/inst/DUT_DDC/DUT_FIR/ram_Q_reg/CLKBWRCLK
  -------------------------------------------------------------------    -------------------
    RAMB18_X2Y11         RAMB18E1 (Prop_ramb18e1_CLKBWRCLK_DOBDO[4])
                                                      2.454     7.406 r  design_1_i/top_0/inst/DUT_DDC/DUT_FIR/ram_Q_reg/DOBDO[4]
                         net (fo=1, routed)           1.305     8.711    design_1_i/top_0/inst/DUT_DDC/DUT_FIR/sample_Q_r[4]
    DSP48_X1Y10          DSP48E1                                      r  design_1_i/top_0/inst/DUT_DDC/DUT_FIR/accumulator_Q_r_reg/A[4]
  -------------------------------------------------------------------    -------------------

                         (clock clk_out1_design_1_clk_wiz_0_0 rise edge)
                                                      8.138     8.138 r  
    U18                                               0.000     8.138 r  CLK_IN_D_0_clk_p[0] (IN)
                         net (fo=0)                   0.000     8.138    design_1_i/util_ds_buf_0/U0/IBUF_DS_P[0]
    U18                  IBUFDS (Prop_ibufds_I_O)     0.909     9.047 r  design_1_i/util_ds_buf_0/U0/USE_IBUFDS.GEN_IBUFDS[0].IBUFDS_I/O
                         net (fo=1, routed)           2.006    11.053    design_1_i/clk_wiz_0/inst/clk_in1
    BUFGCTRL_X0Y17       BUFG (Prop_bufg_I_O)         0.092    11.145 r  design_1_i/clk_wiz_0/inst/clkin1_bufg/O
                         net (fo=1, routed)           1.634    12.779    design_1_i/clk_wiz_0/inst/clk_in1_design_1_clk_wiz_0_0
    PLLE2_ADV_X1Y0       PLLE2_ADV (Prop_plle2_adv_CLKIN1_CLKOUT0)
                                                     -3.442     9.337 r  design_1_i/clk_wiz_0/inst/plle2_adv_inst/CLKOUT0
                         net (fo=1, routed)           1.720    11.057    design_1_i/clk_wiz_0/inst/clk_out1_design_1_clk_wiz_0_0
    BUFGCTRL_X0Y0        BUFG (Prop_bufg_I_O)         0.091    11.148 r  design_1_i/clk_wiz_0/inst/clkout1_buf/O
                         net (fo=2997, routed)        1.651    12.799    design_1_i/top_0/inst/DUT_DDC/DUT_FIR/adc_clk
    DSP48_X1Y10          DSP48E1                                      r  design_1_i/top_0/inst/DUT_DDC/DUT_FIR/accumulator_Q_r_reg/CLK
                         clock pessimism              0.366    13.165    
                         clock uncertainty           -0.072    13.093    
    DSP48_X1Y10          DSP48E1 (Setup_dsp48e1_CLK_A[4])
                                                     -3.722     9.371    design_1_i/top_0/inst/DUT_DDC/DUT_FIR/accumulator_Q_r_reg
  -------------------------------------------------------------------
                         required time                          9.371    
                         arrival time                          -8.711    
  -------------------------------------------------------------------
                         slack                                  0.660    





Min Delay Paths
--------------------------------------------------------------------------------------
Slack (MET) :             0.087ns  (arrival time - required time)
  Source:                 design_1_i/top_0/inst/DUT_ADAPTER/write_ptr_reg[3]/C
                            (rising edge-triggered cell FDRE clocked by clk_out1_design_1_clk_wiz_0_0  {rise@0.000ns fall@4.069ns period=8.138ns})
  Destination:            design_1_i/top_0/inst/DUT_ADAPTER/fifo_reg_0_31_30_31/DP/WADR3
                            (rising edge-triggered cell RAMD32 clocked by clk_out1_design_1_clk_wiz_0_0  {rise@0.000ns fall@4.069ns period=8.138ns})
  Path Group:             clk_out1_design_1_clk_wiz_0_0
  Path Type:              Hold (Min at Fast Process Corner)
  Requirement:            0.000ns  (clk_out1_design_1_clk_wiz_0_0 rise@0.000ns - clk_out1_design_1_clk_wiz_0_0 rise@0.000ns)
  Data Path Delay:        0.340ns  (logic 0.141ns (41.504%)  route 0.199ns (58.496%))
  Logic Levels:           0  
  Clock Path Skew:        0.013ns (DCD - SCD - CPR)
    Destination Clock Delay (DCD):    1.982ns
    Source Clock Delay      (SCD):    1.627ns
    Clock Pessimism Removal (CPR):    0.342ns

    Location             Delay type                Incr(ns)  Path(ns)    Netlist Resource(s)
  -------------------------------------------------------------------    -------------------
                         (clock clk_out1_design_1_clk_wiz_0_0 rise edge)
                                                      0.000     0.000 r  
    U18                                               0.000     0.000 r  CLK_IN_D_0_clk_p[0] (IN)
                         net (fo=0)                   0.000     0.000    design_1_i/util_ds_buf_0/U0/IBUF_DS_P[0]
    U18                  IBUFDS (Prop_ibufds_I_O)     0.370     0.370 r  design_1_i/util_ds_buf_0/U0/USE_IBUFDS.GEN_IBUFDS[0].IBUFDS_I/O
                         net (fo=1, routed)           0.674     1.044    design_1_i/clk_wiz_0/inst/clk_in1
    BUFGCTRL_X0Y17       BUFG (Prop_bufg_I_O)         0.027     1.071 r  design_1_i/clk_wiz_0/inst/clkin1_bufg/O
                         net (fo=1, routed)           0.602     1.673    design_1_i/clk_wiz_0/inst/clk_in1_design_1_clk_wiz_0_0
    PLLE2_ADV_X1Y0       PLLE2_ADV (Prop_plle2_adv_CLKIN1_CLKOUT0)
                                                     -1.169     0.503 r  design_1_i/clk_wiz_0/inst/plle2_adv_inst/CLKOUT0
                         net (fo=1, routed)           0.544     1.047    design_1_i/clk_wiz_0/inst/clk_out1_design_1_clk_wiz_0_0
    BUFGCTRL_X0Y0        BUFG (Prop_bufg_I_O)         0.026     1.073 r  design_1_i/clk_wiz_0/inst/clkout1_buf/O
                         net (fo=2997, routed)        0.554     1.627    design_1_i/top_0/inst/DUT_ADAPTER/adc_clk
    SLICE_X39Y32         FDRE                                         r  design_1_i/top_0/inst/DUT_ADAPTER/write_ptr_reg[3]/C
  -------------------------------------------------------------------    -------------------
    SLICE_X39Y32         FDRE (Prop_fdre_C_Q)         0.141     1.768 r  design_1_i/top_0/inst/DUT_ADAPTER/write_ptr_reg[3]/Q
                         net (fo=50, routed)          0.199     1.966    design_1_i/top_0/inst/DUT_ADAPTER/fifo_reg_0_31_30_31/A3
    SLICE_X36Y31         RAMD32                                       r  design_1_i/top_0/inst/DUT_ADAPTER/fifo_reg_0_31_30_31/DP/WADR3
  -------------------------------------------------------------------    -------------------

                         (clock clk_out1_design_1_clk_wiz_0_0 rise edge)
                                                      0.000     0.000 r  
    U18                                               0.000     0.000 r  CLK_IN_D_0_clk_p[0] (IN)
                         net (fo=0)                   0.000     0.000    design_1_i/util_ds_buf_0/U0/IBUF_DS_P[0]
    U18                  IBUFDS (Prop_ibufds_I_O)     0.401     0.401 r  design_1_i/util_ds_buf_0/U0/USE_IBUFDS.GEN_IBUFDS[0].IBUFDS_I/O
                         net (fo=1, routed)           0.731     1.132    design_1_i/clk_wiz_0/inst/clk_in1
    BUFGCTRL_X0Y17       BUFG (Prop_bufg_I_O)         0.030     1.162 r  design_1_i/clk_wiz_0/inst/clkin1_bufg/O
                         net (fo=1, routed)           0.869     2.031    design_1_i/clk_wiz_0/inst/clk_in1_design_1_clk_wiz_0_0
    PLLE2_ADV_X1Y0       PLLE2_ADV (Prop_plle2_adv_CLKIN1_CLKOUT0)
                                                     -1.488     0.543 r  design_1_i/clk_wiz_0/inst/plle2_adv_inst/CLKOUT0
                         net (fo=1, routed)           0.592     1.135    design_1_i/clk_wiz_0/inst/clk_out1_design_1_clk_wiz_0_0
    BUFGCTRL_X0Y0        BUFG (Prop_bufg_I_O)         0.029     1.164 r  design_1_i/clk_wiz_0/inst/clkout1_buf/O
                         net (fo=2997, routed)        0.818     1.982    design_1_i/top_0/inst/DUT_ADAPTER/fifo_reg_0_31_30_31/WCLK
    SLICE_X36Y31         RAMD32                                       r  design_1_i/top_0/inst/DUT_ADAPTER/fifo_reg_0_31_30_31/DP/CLK
                         clock pessimism             -0.342     1.640    
    SLICE_X36Y31         RAMD32 (Hold_ramd32_CLK_WADR3)
                                                      0.240     1.880    design_1_i/top_0/inst/DUT_ADAPTER/fifo_reg_0_31_30_31/DP
  -------------------------------------------------------------------
                         required time                         -1.880    
                         arrival time                           1.966    
  -------------------------------------------------------------------
                         slack                                  0.087    

Slack (MET) :             0.087ns  (arrival time - required time)
  Source:                 design_1_i/top_0/inst/DUT_ADAPTER/write_ptr_reg[3]/C
                            (rising edge-triggered cell FDRE clocked by clk_out1_design_1_clk_wiz_0_0  {rise@0.000ns fall@4.069ns period=8.138ns})
  Destination:            design_1_i/top_0/inst/DUT_ADAPTER/fifo_reg_0_31_30_31/SP/WADR3
                            (rising edge-triggered cell RAMD32 clocked by clk_out1_design_1_clk_wiz_0_0  {rise@0.000ns fall@4.069ns period=8.138ns})
  Path Group:             clk_out1_design_1_clk_wiz_0_0
  Path Type:              Hold (Min at Fast Process Corner)
  Requirement:            0.000ns  (clk_out1_design_1_clk_wiz_0_0 rise@0.000ns - clk_out1_design_1_clk_wiz_0_0 rise@0.000ns)
  Data Path Delay:        0.340ns  (logic 0.141ns (41.504%)  route 0.199ns (58.496%))
  Logic Levels:           0  
  Clock Path Skew:        0.013ns (DCD - SCD - CPR)
    Destination Clock Delay (DCD):    1.982ns
    Source Clock Delay      (SCD):    1.627ns
    Clock Pessimism Removal (CPR):    0.342ns

    Location             Delay type                Incr(ns)  Path(ns)    Netlist Resource(s)
  -------------------------------------------------------------------    -------------------
                         (clock clk_out1_design_1_clk_wiz_0_0 rise edge)
                                                      0.000     0.000 r  
    U18                                               0.000     0.000 r  CLK_IN_D_0_clk_p[0] (IN)
                         net (fo=0)                   0.000     0.000    design_1_i/util_ds_buf_0/U0/IBUF_DS_P[0]
    U18                  IBUFDS (Prop_ibufds_I_O)     0.370     0.370 r  design_1_i/util_ds_buf_0/U0/USE_IBUFDS.GEN_IBUFDS[0].IBUFDS_I/O
                         net (fo=1, routed)           0.674     1.044    design_1_i/clk_wiz_0/inst/clk_in1
    BUFGCTRL_X0Y17       BUFG (Prop_bufg_I_O)         0.027     1.071 r  design_1_i/clk_wiz_0/inst/clkin1_bufg/O
                         net (fo=1, routed)           0.602     1.673    design_1_i/clk_wiz_0/inst/clk_in1_design_1_clk_wiz_0_0
    PLLE2_ADV_X1Y0       PLLE2_ADV (Prop_plle2_adv_CLKIN1_CLKOUT0)
                                                     -1.169     0.503 r  design_1_i/clk_wiz_0/inst/plle2_adv_inst/CLKOUT0
                         net (fo=1, routed)           0.544     1.047    design_1_i/clk_wiz_0/inst/clk_out1_design_1_clk_wiz_0_0
    BUFGCTRL_X0Y0        BUFG (Prop_bufg_I_O)         0.026     1.073 r  design_1_i/clk_wiz_0/inst/clkout1_buf/O
                         net (fo=2997, routed)        0.554     1.627    design_1_i/top_0/inst/DUT_ADAPTER/adc_clk
    SLICE_X39Y32         FDRE                                         r  design_1_i/top_0/inst/DUT_ADAPTER/write_ptr_reg[3]/C
  -------------------------------------------------------------------    -------------------
    SLICE_X39Y32         FDRE (Prop_fdre_C_Q)         0.141     1.768 r  design_1_i/top_0/inst/DUT_ADAPTER/write_ptr_reg[3]/Q
                         net (fo=50, routed)          0.199     1.966    design_1_i/top_0/inst/DUT_ADAPTER/fifo_reg_0_31_30_31/A3
    SLICE_X36Y31         RAMD32                                       r  design_1_i/top_0/inst/DUT_ADAPTER/fifo_reg_0_31_30_31/SP/WADR3
  -------------------------------------------------------------------    -------------------

                         (clock clk_out1_design_1_clk_wiz_0_0 rise edge)
                                                      0.000     0.000 r  
    U18                                               0.000     0.000 r  CLK_IN_D_0_clk_p[0] (IN)
                         net (fo=0)                   0.000     0.000    design_1_i/util_ds_buf_0/U0/IBUF_DS_P[0]
    U18                  IBUFDS (Prop_ibufds_I_O)     0.401     0.401 r  design_1_i/util_ds_buf_0/U0/USE_IBUFDS.GEN_IBUFDS[0].IBUFDS_I/O
                         net (fo=1, routed)           0.731     1.132    design_1_i/clk_wiz_0/inst/clk_in1
    BUFGCTRL_X0Y17       BUFG (Prop_bufg_I_O)         0.030     1.162 r  design_1_i/clk_wiz_0/inst/clkin1_bufg/O
                         net (fo=1, routed)           0.869     2.031    design_1_i/clk_wiz_0/inst/clk_in1_design_1_clk_wiz_0_0
    PLLE2_ADV_X1Y0       PLLE2_ADV (Prop_plle2_adv_CLKIN1_CLKOUT0)
                                                     -1.488     0.543 r  design_1_i/clk_wiz_0/inst/plle2_adv_inst/CLKOUT0
                         net (fo=1, routed)           0.592     1.135    design_1_i/clk_wiz_0/inst/clk_out1_design_1_clk_wiz_0_0
    BUFGCTRL_X0Y0        BUFG (Prop_bufg_I_O)         0.029     1.164 r  design_1_i/clk_wiz_0/inst/clkout1_buf/O
                         net (fo=2997, routed)        0.818     1.982    design_1_i/top_0/inst/DUT_ADAPTER/fifo_reg_0_31_30_31/WCLK
    SLICE_X36Y31         RAMD32                                       r  design_1_i/top_0/inst/DUT_ADAPTER/fifo_reg_0_31_30_31/SP/CLK
                         clock pessimism             -0.342     1.640    
    SLICE_X36Y31         RAMD32 (Hold_ramd32_CLK_WADR3)
                                                      0.240     1.880    design_1_i/top_0/inst/DUT_ADAPTER/fifo_reg_0_31_30_31/SP
  -------------------------------------------------------------------
                         required time                         -1.880    
                         arrival time                           1.966    
  -------------------------------------------------------------------
                         slack                                  0.087    

Slack (MET) :             0.087ns  (arrival time - required time)
  Source:                 design_1_i/top_0/inst/DUT_ADAPTER/write_ptr_reg[3]/C
                            (rising edge-triggered cell FDRE clocked by clk_out1_design_1_clk_wiz_0_0  {rise@0.000ns fall@4.069ns period=8.138ns})
  Destination:            design_1_i/top_0/inst/DUT_ADAPTER/fifo_reg_0_31_30_31__0/DP/WADR3
                            (rising edge-triggered cell RAMD32 clocked by clk_out1_design_1_clk_wiz_0_0  {rise@0.000ns fall@4.069ns period=8.138ns})
  Path Group:             clk_out1_design_1_clk_wiz_0_0
  Path Type:              Hold (Min at Fast Process Corner)
  Requirement:            0.000ns  (clk_out1_design_1_clk_wiz_0_0 rise@0.000ns - clk_out1_design_1_clk_wiz_0_0 rise@0.000ns)
  Data Path Delay:        0.340ns  (logic 0.141ns (41.504%)  route 0.199ns (58.496%))
  Logic Levels:           0  
  Clock Path Skew:        0.013ns (DCD - SCD - CPR)
    Destination Clock Delay (DCD):    1.982ns
    Source Clock Delay      (SCD):    1.627ns
    Clock Pessimism Removal (CPR):    0.342ns

    Location             Delay type                Incr(ns)  Path(ns)    Netlist Resource(s)
  -------------------------------------------------------------------    -------------------
                         (clock clk_out1_design_1_clk_wiz_0_0 rise edge)
                                                      0.000     0.000 r  
    U18                                               0.000     0.000 r  CLK_IN_D_0_clk_p[0] (IN)
                         net (fo=0)                   0.000     0.000    design_1_i/util_ds_buf_0/U0/IBUF_DS_P[0]
    U18                  IBUFDS (Prop_ibufds_I_O)     0.370     0.370 r  design_1_i/util_ds_buf_0/U0/USE_IBUFDS.GEN_IBUFDS[0].IBUFDS_I/O
                         net (fo=1, routed)           0.674     1.044    design_1_i/clk_wiz_0/inst/clk_in1
    BUFGCTRL_X0Y17       BUFG (Prop_bufg_I_O)         0.027     1.071 r  design_1_i/clk_wiz_0/inst/clkin1_bufg/O
                         net (fo=1, routed)           0.602     1.673    design_1_i/clk_wiz_0/inst/clk_in1_design_1_clk_wiz_0_0
    PLLE2_ADV_X1Y0       PLLE2_ADV (Prop_plle2_adv_CLKIN1_CLKOUT0)
                                                     -1.169     0.503 r  design_1_i/clk_wiz_0/inst/plle2_adv_inst/CLKOUT0
                         net (fo=1, routed)           0.544     1.047    design_1_i/clk_wiz_0/inst/clk_out1_design_1_clk_wiz_0_0
    BUFGCTRL_X0Y0        BUFG (Prop_bufg_I_O)         0.026     1.073 r  design_1_i/clk_wiz_0/inst/clkout1_buf/O
                         net (fo=2997, routed)        0.554     1.627    design_1_i/top_0/inst/DUT_ADAPTER/adc_clk
    SLICE_X39Y32         FDRE                                         r  design_1_i/top_0/inst/DUT_ADAPTER/write_ptr_reg[3]/C
  -------------------------------------------------------------------    -------------------
    SLICE_X39Y32         FDRE (Prop_fdre_C_Q)         0.141     1.768 r  design_1_i/top_0/inst/DUT_ADAPTER/write_ptr_reg[3]/Q
                         net (fo=50, routed)          0.199     1.966    design_1_i/top_0/inst/DUT_ADAPTER/fifo_reg_0_31_30_31__0/A3
    SLICE_X36Y31         RAMD32                                       r  design_1_i/top_0/inst/DUT_ADAPTER/fifo_reg_0_31_30_31__0/DP/WADR3
  -------------------------------------------------------------------    -------------------

                         (clock clk_out1_design_1_clk_wiz_0_0 rise edge)
                                                      0.000     0.000 r  
    U18                                               0.000     0.000 r  CLK_IN_D_0_clk_p[0] (IN)
                         net (fo=0)                   0.000     0.000    design_1_i/util_ds_buf_0/U0/IBUF_DS_P[0]
    U18                  IBUFDS (Prop_ibufds_I_O)     0.401     0.401 r  design_1_i/util_ds_buf_0/U0/USE_IBUFDS.GEN_IBUFDS[0].IBUFDS_I/O
                         net (fo=1, routed)           0.731     1.132    design_1_i/clk_wiz_0/inst/clk_in1
    BUFGCTRL_X0Y17       BUFG (Prop_bufg_I_O)         0.030     1.162 r  design_1_i/clk_wiz_0/inst/clkin1_bufg/O
                         net (fo=1, routed)           0.869     2.031    design_1_i/clk_wiz_0/inst/clk_in1_design_1_clk_wiz_0_0
    PLLE2_ADV_X1Y0       PLLE2_ADV (Prop_plle2_adv_CLKIN1_CLKOUT0)
                                                     -1.488     0.543 r  design_1_i/clk_wiz_0/inst/plle2_adv_inst/CLKOUT0
                         net (fo=1, routed)           0.592     1.135    design_1_i/clk_wiz_0/inst/clk_out1_design_1_clk_wiz_0_0
    BUFGCTRL_X0Y0        BUFG (Prop_bufg_I_O)         0.029     1.164 r  design_1_i/clk_wiz_0/inst/clkout1_buf/O
                         net (fo=2997, routed)        0.818     1.982    design_1_i/top_0/inst/DUT_ADAPTER/fifo_reg_0_31_30_31__0/WCLK
    SLICE_X36Y31         RAMD32                                       r  design_1_i/top_0/inst/DUT_ADAPTER/fifo_reg_0_31_30_31__0/DP/CLK
                         clock pessimism             -0.342     1.640    
    SLICE_X36Y31         RAMD32 (Hold_ramd32_CLK_WADR3)
                                                      0.240     1.880    design_1_i/top_0/inst/DUT_ADAPTER/fifo_reg_0_31_30_31__0/DP
  -------------------------------------------------------------------
                         required time                         -1.880    
                         arrival time                           1.966    
  -------------------------------------------------------------------
                         slack                                  0.087    

Slack (MET) :             0.087ns  (arrival time - required time)
  Source:                 design_1_i/top_0/inst/DUT_ADAPTER/write_ptr_reg[3]/C
                            (rising edge-triggered cell FDRE clocked by clk_out1_design_1_clk_wiz_0_0  {rise@0.000ns fall@4.069ns period=8.138ns})
  Destination:            design_1_i/top_0/inst/DUT_ADAPTER/fifo_reg_0_31_30_31__0/SP/WADR3
                            (rising edge-triggered cell RAMD32 clocked by clk_out1_design_1_clk_wiz_0_0  {rise@0.000ns fall@4.069ns period=8.138ns})
  Path Group:             clk_out1_design_1_clk_wiz_0_0
  Path Type:              Hold (Min at Fast Process Corner)
  Requirement:            0.000ns  (clk_out1_design_1_clk_wiz_0_0 rise@0.000ns - clk_out1_design_1_clk_wiz_0_0 rise@0.000ns)
  Data Path Delay:        0.340ns  (logic 0.141ns (41.504%)  route 0.199ns (58.496%))
  Logic Levels:           0  
  Clock Path Skew:        0.013ns (DCD - SCD - CPR)
    Destination Clock Delay (DCD):    1.982ns
    Source Clock Delay      (SCD):    1.627ns
    Clock Pessimism Removal (CPR):    0.342ns

    Location             Delay type                Incr(ns)  Path(ns)    Netlist Resource(s)
  -------------------------------------------------------------------    -------------------
                         (clock clk_out1_design_1_clk_wiz_0_0 rise edge)
                                                      0.000     0.000 r  
    U18                                               0.000     0.000 r  CLK_IN_D_0_clk_p[0] (IN)
                         net (fo=0)                   0.000     0.000    design_1_i/util_ds_buf_0/U0/IBUF_DS_P[0]
    U18                  IBUFDS (Prop_ibufds_I_O)     0.370     0.370 r  design_1_i/util_ds_buf_0/U0/USE_IBUFDS.GEN_IBUFDS[0].IBUFDS_I/O
                         net (fo=1, routed)           0.674     1.044    design_1_i/clk_wiz_0/inst/clk_in1
    BUFGCTRL_X0Y17       BUFG (Prop_bufg_I_O)         0.027     1.071 r  design_1_i/clk_wiz_0/inst/clkin1_bufg/O
                         net (fo=1, routed)           0.602     1.673    design_1_i/clk_wiz_0/inst/clk_in1_design_1_clk_wiz_0_0
    PLLE2_ADV_X1Y0       PLLE2_ADV (Prop_plle2_adv_CLKIN1_CLKOUT0)
                                                     -1.169     0.503 r  design_1_i/clk_wiz_0/inst/plle2_adv_inst/CLKOUT0
                         net (fo=1, routed)           0.544     1.047    design_1_i/clk_wiz_0/inst/clk_out1_design_1_clk_wiz_0_0
    BUFGCTRL_X0Y0        BUFG (Prop_bufg_I_O)         0.026     1.073 r  design_1_i/clk_wiz_0/inst/clkout1_buf/O
                         net (fo=2997, routed)        0.554     1.627    design_1_i/top_0/inst/DUT_ADAPTER/adc_clk
    SLICE_X39Y32         FDRE                                         r  design_1_i/top_0/inst/DUT_ADAPTER/write_ptr_reg[3]/C
  -------------------------------------------------------------------    -------------------
    SLICE_X39Y32         FDRE (Prop_fdre_C_Q)         0.141     1.768 r  design_1_i/top_0/inst/DUT_ADAPTER/write_ptr_reg[3]/Q
                         net (fo=50, routed)          0.199     1.966    design_1_i/top_0/inst/DUT_ADAPTER/fifo_reg_0_31_30_31__0/A3
    SLICE_X36Y31         RAMD32                                       r  design_1_i/top_0/inst/DUT_ADAPTER/fifo_reg_0_31_30_31__0/SP/WADR3
  -------------------------------------------------------------------    -------------------

                         (clock clk_out1_design_1_clk_wiz_0_0 rise edge)
                                                      0.000     0.000 r  
    U18                                               0.000     0.000 r  CLK_IN_D_0_clk_p[0] (IN)
                         net (fo=0)                   0.000     0.000    design_1_i/util_ds_buf_0/U0/IBUF_DS_P[0]
    U18                  IBUFDS (Prop_ibufds_I_O)     0.401     0.401 r  design_1_i/util_ds_buf_0/U0/USE_IBUFDS.GEN_IBUFDS[0].IBUFDS_I/O
                         net (fo=1, routed)           0.731     1.132    design_1_i/clk_wiz_0/inst/clk_in1
    BUFGCTRL_X0Y17       BUFG (Prop_bufg_I_O)         0.030     1.162 r  design_1_i/clk_wiz_0/inst/clkin1_bufg/O
                         net (fo=1, routed)           0.869     2.031    design_1_i/clk_wiz_0/inst/clk_in1_design_1_clk_wiz_0_0
    PLLE2_ADV_X1Y0       PLLE2_ADV (Prop_plle2_adv_CLKIN1_CLKOUT0)
                                                     -1.488     0.543 r  design_1_i/clk_wiz_0/inst/plle2_adv_inst/CLKOUT0
                         net (fo=1, routed)           0.592     1.135    design_1_i/clk_wiz_0/inst/clk_out1_design_1_clk_wiz_0_0
    BUFGCTRL_X0Y0        BUFG (Prop_bufg_I_O)         0.029     1.164 r  design_1_i/clk_wiz_0/inst/clkout1_buf/O
                         net (fo=2997, routed)        0.818     1.982    design_1_i/top_0/inst/DUT_ADAPTER/fifo_reg_0_31_30_31__0/WCLK
    SLICE_X36Y31         RAMD32                                       r  design_1_i/top_0/inst/DUT_ADAPTER/fifo_reg_0_31_30_31__0/SP/CLK
                         clock pessimism             -0.342     1.640    
    SLICE_X36Y31         RAMD32 (Hold_ramd32_CLK_WADR3)
                                                      0.240     1.880    design_1_i/top_0/inst/DUT_ADAPTER/fifo_reg_0_31_30_31__0/SP
  -------------------------------------------------------------------
                         required time                         -1.880    
                         arrival time                           1.966    
  -------------------------------------------------------------------
                         slack                                  0.087    

Slack (MET) :             0.116ns  (arrival time - required time)
  Source:                 design_1_i/axis_clock_converter_0/inst/gen_async_conv.axisc_async_clock_converter_0/xpm_fifo_async_inst/gnuram_async_fifo.xpm_fifo_base_inst/wrp_inst/count_value_i_reg[1]/C
                            (rising edge-triggered cell FDRE clocked by clk_out1_design_1_clk_wiz_0_0  {rise@0.000ns fall@4.069ns period=8.138ns})
  Destination:            design_1_i/axis_clock_converter_0/inst/gen_async_conv.axisc_async_clock_converter_0/xpm_fifo_async_inst/gnuram_async_fifo.xpm_fifo_base_inst/gen_sdpram.xpm_memory_base_inst/gen_wr_a.gen_word_narrow.mem_reg_0_31_30_32/RAMA/WADR1
                            (rising edge-triggered cell RAMD32 clocked by clk_out1_design_1_clk_wiz_0_0  {rise@0.000ns fall@4.069ns period=8.138ns})
  Path Group:             clk_out1_design_1_clk_wiz_0_0
  Path Type:              Hold (Min at Fast Process Corner)
  Requirement:            0.000ns  (clk_out1_design_1_clk_wiz_0_0 rise@0.000ns - clk_out1_design_1_clk_wiz_0_0 rise@0.000ns)
  Data Path Delay:        0.458ns  (logic 0.141ns (30.767%)  route 0.317ns (69.233%))
  Logic Levels:           0  
  Clock Path Skew:        0.033ns (DCD - SCD - CPR)
    Destination Clock Delay (DCD):    1.985ns
    Source Clock Delay      (SCD):    1.628ns
    Clock Pessimism Removal (CPR):    0.324ns

    Location             Delay type                Incr(ns)  Path(ns)    Netlist Resource(s)
  -------------------------------------------------------------------    -------------------
                         (clock clk_out1_design_1_clk_wiz_0_0 rise edge)
                                                      0.000     0.000 r  
    U18                                               0.000     0.000 r  CLK_IN_D_0_clk_p[0] (IN)
                         net (fo=0)                   0.000     0.000    design_1_i/util_ds_buf_0/U0/IBUF_DS_P[0]
    U18                  IBUFDS (Prop_ibufds_I_O)     0.370     0.370 r  design_1_i/util_ds_buf_0/U0/USE_IBUFDS.GEN_IBUFDS[0].IBUFDS_I/O
                         net (fo=1, routed)           0.674     1.044    design_1_i/clk_wiz_0/inst/clk_in1
    BUFGCTRL_X0Y17       BUFG (Prop_bufg_I_O)         0.027     1.071 r  design_1_i/clk_wiz_0/inst/clkin1_bufg/O
                         net (fo=1, routed)           0.602     1.673    design_1_i/clk_wiz_0/inst/clk_in1_design_1_clk_wiz_0_0
    PLLE2_ADV_X1Y0       PLLE2_ADV (Prop_plle2_adv_CLKIN1_CLKOUT0)
                                                     -1.169     0.503 r  design_1_i/clk_wiz_0/inst/plle2_adv_inst/CLKOUT0
                         net (fo=1, routed)           0.544     1.047    design_1_i/clk_wiz_0/inst/clk_out1_design_1_clk_wiz_0_0
    BUFGCTRL_X0Y0        BUFG (Prop_bufg_I_O)         0.026     1.073 r  design_1_i/clk_wiz_0/inst/clkout1_buf/O
                         net (fo=2997, routed)        0.555     1.628    design_1_i/axis_clock_converter_0/inst/gen_async_conv.axisc_async_clock_converter_0/xpm_fifo_async_inst/gnuram_async_fifo.xpm_fifo_base_inst/wrp_inst/wr_clk
    SLICE_X41Y33         FDRE                                         r  design_1_i/axis_clock_converter_0/inst/gen_async_conv.axisc_async_clock_converter_0/xpm_fifo_async_inst/gnuram_async_fifo.xpm_fifo_base_inst/wrp_inst/count_value_i_reg[1]/C
  -------------------------------------------------------------------    -------------------
    SLICE_X41Y33         FDRE (Prop_fdre_C_Q)         0.141     1.769 r  design_1_i/axis_clock_converter_0/inst/gen_async_conv.axisc_async_clock_converter_0/xpm_fifo_async_inst/gnuram_async_fifo.xpm_fifo_base_inst/wrp_inst/count_value_i_reg[1]/Q
                         net (fo=54, routed)          0.317     2.086    design_1_i/axis_clock_converter_0/inst/gen_async_conv.axisc_async_clock_converter_0/xpm_fifo_async_inst/gnuram_async_fifo.xpm_fifo_base_inst/gen_sdpram.xpm_memory_base_inst/gen_wr_a.gen_word_narrow.mem_reg_0_31_30_32/ADDRD1
    SLICE_X38Y34         RAMD32                                       r  design_1_i/axis_clock_converter_0/inst/gen_async_conv.axisc_async_clock_converter_0/xpm_fifo_async_inst/gnuram_async_fifo.xpm_fifo_base_inst/gen_sdpram.xpm_memory_base_inst/gen_wr_a.gen_word_narrow.mem_reg_0_31_30_32/RAMA/WADR1
  -------------------------------------------------------------------    -------------------

                         (clock clk_out1_design_1_clk_wiz_0_0 rise edge)
                                                      0.000     0.000 r  
    U18                                               0.000     0.000 r  CLK_IN_D_0_clk_p[0] (IN)
                         net (fo=0)                   0.000     0.000    design_1_i/util_ds_buf_0/U0/IBUF_DS_P[0]
    U18                  IBUFDS (Prop_ibufds_I_O)     0.401     0.401 r  design_1_i/util_ds_buf_0/U0/USE_IBUFDS.GEN_IBUFDS[0].IBUFDS_I/O
                         net (fo=1, routed)           0.731     1.132    design_1_i/clk_wiz_0/inst/clk_in1
    BUFGCTRL_X0Y17       BUFG (Prop_bufg_I_O)         0.030     1.162 r  design_1_i/clk_wiz_0/inst/clkin1_bufg/O
                         net (fo=1, routed)           0.869     2.031    design_1_i/clk_wiz_0/inst/clk_in1_design_1_clk_wiz_0_0
    PLLE2_ADV_X1Y0       PLLE2_ADV (Prop_plle2_adv_CLKIN1_CLKOUT0)
                                                     -1.488     0.543 r  design_1_i/clk_wiz_0/inst/plle2_adv_inst/CLKOUT0
                         net (fo=1, routed)           0.592     1.135    design_1_i/clk_wiz_0/inst/clk_out1_design_1_clk_wiz_0_0
    BUFGCTRL_X0Y0        BUFG (Prop_bufg_I_O)         0.029     1.164 r  design_1_i/clk_wiz_0/inst/clkout1_buf/O
                         net (fo=2997, routed)        0.821     1.985    design_1_i/axis_clock_converter_0/inst/gen_async_conv.axisc_async_clock_converter_0/xpm_fifo_async_inst/gnuram_async_fifo.xpm_fifo_base_inst/gen_sdpram.xpm_memory_base_inst/gen_wr_a.gen_word_narrow.mem_reg_0_31_30_32/WCLK
    SLICE_X38Y34         RAMD32                                       r  design_1_i/axis_clock_converter_0/inst/gen_async_conv.axisc_async_clock_converter_0/xpm_fifo_async_inst/gnuram_async_fifo.xpm_fifo_base_inst/gen_sdpram.xpm_memory_base_inst/gen_wr_a.gen_word_narrow.mem_reg_0_31_30_32/RAMA/CLK
                         clock pessimism             -0.324     1.661    
    SLICE_X38Y34         RAMD32 (Hold_ramd32_CLK_WADR1)
                                                      0.309     1.970    design_1_i/axis_clock_converter_0/inst/gen_async_conv.axisc_async_clock_converter_0/xpm_fifo_async_inst/gnuram_async_fifo.xpm_fifo_base_inst/gen_sdpram.xpm_memory_base_inst/gen_wr_a.gen_word_narrow.mem_reg_0_31_30_32/RAMA
  -------------------------------------------------------------------
                         required time                         -1.970    
                         arrival time                           2.086    
  -------------------------------------------------------------------
                         slack                                  0.116    

Slack (MET) :             0.116ns  (arrival time - required time)
  Source:                 design_1_i/axis_clock_converter_0/inst/gen_async_conv.axisc_async_clock_converter_0/xpm_fifo_async_inst/gnuram_async_fifo.xpm_fifo_base_inst/wrp_inst/count_value_i_reg[1]/C
                            (rising edge-triggered cell FDRE clocked by clk_out1_design_1_clk_wiz_0_0  {rise@0.000ns fall@4.069ns period=8.138ns})
  Destination:            design_1_i/axis_clock_converter_0/inst/gen_async_conv.axisc_async_clock_converter_0/xpm_fifo_async_inst/gnuram_async_fifo.xpm_fifo_base_inst/gen_sdpram.xpm_memory_base_inst/gen_wr_a.gen_word_narrow.mem_reg_0_31_30_32/RAMA_D1/WADR1
                            (rising edge-triggered cell RAMD32 clocked by clk_out1_design_1_clk_wiz_0_0  {rise@0.000ns fall@4.069ns period=8.138ns})
  Path Group:             clk_out1_design_1_clk_wiz_0_0
  Path Type:              Hold (Min at Fast Process Corner)
  Requirement:            0.000ns  (clk_out1_design_1_clk_wiz_0_0 rise@0.000ns - clk_out1_design_1_clk_wiz_0_0 rise@0.000ns)
  Data Path Delay:        0.458ns  (logic 0.141ns (30.767%)  route 0.317ns (69.233%))
  Logic Levels:           0  
  Clock Path Skew:        0.033ns (DCD - SCD - CPR)
    Destination Clock Delay (DCD):    1.985ns
    Source Clock Delay      (SCD):    1.628ns
    Clock Pessimism Removal (CPR):    0.324ns

    Location             Delay type                Incr(ns)  Path(ns)    Netlist Resource(s)
  -------------------------------------------------------------------    -------------------
                         (clock clk_out1_design_1_clk_wiz_0_0 rise edge)
                                                      0.000     0.000 r  
    U18                                               0.000     0.000 r  CLK_IN_D_0_clk_p[0] (IN)
                         net (fo=0)                   0.000     0.000    design_1_i/util_ds_buf_0/U0/IBUF_DS_P[0]
    U18                  IBUFDS (Prop_ibufds_I_O)     0.370     0.370 r  design_1_i/util_ds_buf_0/U0/USE_IBUFDS.GEN_IBUFDS[0].IBUFDS_I/O
                         net (fo=1, routed)           0.674     1.044    design_1_i/clk_wiz_0/inst/clk_in1
    BUFGCTRL_X0Y17       BUFG (Prop_bufg_I_O)         0.027     1.071 r  design_1_i/clk_wiz_0/inst/clkin1_bufg/O
                         net (fo=1, routed)           0.602     1.673    design_1_i/clk_wiz_0/inst/clk_in1_design_1_clk_wiz_0_0
    PLLE2_ADV_X1Y0       PLLE2_ADV (Prop_plle2_adv_CLKIN1_CLKOUT0)
                                                     -1.169     0.503 r  design_1_i/clk_wiz_0/inst/plle2_adv_inst/CLKOUT0
                         net (fo=1, routed)           0.544     1.047    design_1_i/clk_wiz_0/inst/clk_out1_design_1_clk_wiz_0_0
    BUFGCTRL_X0Y0        BUFG (Prop_bufg_I_O)         0.026     1.073 r  design_1_i/clk_wiz_0/inst/clkout1_buf/O
                         net (fo=2997, routed)        0.555     1.628    design_1_i/axis_clock_converter_0/inst/gen_async_conv.axisc_async_clock_converter_0/xpm_fifo_async_inst/gnuram_async_fifo.xpm_fifo_base_inst/wrp_inst/wr_clk
    SLICE_X41Y33         FDRE                                         r  design_1_i/axis_clock_converter_0/inst/gen_async_conv.axisc_async_clock_converter_0/xpm_fifo_async_inst/gnuram_async_fifo.xpm_fifo_base_inst/wrp_inst/count_value_i_reg[1]/C
  -------------------------------------------------------------------    -------------------
    SLICE_X41Y33         FDRE (Prop_fdre_C_Q)         0.141     1.769 r  design_1_i/axis_clock_converter_0/inst/gen_async_conv.axisc_async_clock_converter_0/xpm_fifo_async_inst/gnuram_async_fifo.xpm_fifo_base_inst/wrp_inst/count_value_i_reg[1]/Q
                         net (fo=54, routed)          0.317     2.086    design_1_i/axis_clock_converter_0/inst/gen_async_conv.axisc_async_clock_converter_0/xpm_fifo_async_inst/gnuram_async_fifo.xpm_fifo_base_inst/gen_sdpram.xpm_memory_base_inst/gen_wr_a.gen_word_narrow.mem_reg_0_31_30_32/ADDRD1
    SLICE_X38Y34         RAMD32                                       r  design_1_i/axis_clock_converter_0/inst/gen_async_conv.axisc_async_clock_converter_0/xpm_fifo_async_inst/gnuram_async_fifo.xpm_fifo_base_inst/gen_sdpram.xpm_memory_base_inst/gen_wr_a.gen_word_narrow.mem_reg_0_31_30_32/RAMA_D1/WADR1
  -------------------------------------------------------------------    -------------------

                         (clock clk_out1_design_1_clk_wiz_0_0 rise edge)
                                                      0.000     0.000 r  
    U18                                               0.000     0.000 r  CLK_IN_D_0_clk_p[0] (IN)
                         net (fo=0)                   0.000     0.000    design_1_i/util_ds_buf_0/U0/IBUF_DS_P[0]
    U18                  IBUFDS (Prop_ibufds_I_O)     0.401     0.401 r  design_1_i/util_ds_buf_0/U0/USE_IBUFDS.GEN_IBUFDS[0].IBUFDS_I/O
                         net (fo=1, routed)           0.731     1.132    design_1_i/clk_wiz_0/inst/clk_in1
    BUFGCTRL_X0Y17       BUFG (Prop_bufg_I_O)         0.030     1.162 r  design_1_i/clk_wiz_0/inst/clkin1_bufg/O
                         net (fo=1, routed)           0.869     2.031    design_1_i/clk_wiz_0/inst/clk_in1_design_1_clk_wiz_0_0
    PLLE2_ADV_X1Y0       PLLE2_ADV (Prop_plle2_adv_CLKIN1_CLKOUT0)
                                                     -1.488     0.543 r  design_1_i/clk_wiz_0/inst/plle2_adv_inst/CLKOUT0
                         net (fo=1, routed)           0.592     1.135    design_1_i/clk_wiz_0/inst/clk_out1_design_1_clk_wiz_0_0
    BUFGCTRL_X0Y0        BUFG (Prop_bufg_I_O)         0.029     1.164 r  design_1_i/clk_wiz_0/inst/clkout1_buf/O
                         net (fo=2997, routed)        0.821     1.985    design_1_i/axis_clock_converter_0/inst/gen_async_conv.axisc_async_clock_converter_0/xpm_fifo_async_inst/gnuram_async_fifo.xpm_fifo_base_inst/gen_sdpram.xpm_memory_base_inst/gen_wr_a.gen_word_narrow.mem_reg_0_31_30_32/WCLK
    SLICE_X38Y34         RAMD32                                       r  design_1_i/axis_clock_converter_0/inst/gen_async_conv.axisc_async_clock_converter_0/xpm_fifo_async_inst/gnuram_async_fifo.xpm_fifo_base_inst/gen_sdpram.xpm_memory_base_inst/gen_wr_a.gen_word_narrow.mem_reg_0_31_30_32/RAMA_D1/CLK
                         clock pessimism             -0.324     1.661    
    SLICE_X38Y34         RAMD32 (Hold_ramd32_CLK_WADR1)
                                                      0.309     1.970    design_1_i/axis_clock_converter_0/inst/gen_async_conv.axisc_async_clock_converter_0/xpm_fifo_async_inst/gnuram_async_fifo.xpm_fifo_base_inst/gen_sdpram.xpm_memory_base_inst/gen_wr_a.gen_word_narrow.mem_reg_0_31_30_32/RAMA_D1
  -------------------------------------------------------------------
                         required time                         -1.970    
                         arrival time                           2.086    
  -------------------------------------------------------------------
                         slack                                  0.116    

Slack (MET) :             0.116ns  (arrival time - required time)
  Source:                 design_1_i/axis_clock_converter_0/inst/gen_async_conv.axisc_async_clock_converter_0/xpm_fifo_async_inst/gnuram_async_fifo.xpm_fifo_base_inst/wrp_inst/count_value_i_reg[1]/C
                            (rising edge-triggered cell FDRE clocked by clk_out1_design_1_clk_wiz_0_0  {rise@0.000ns fall@4.069ns period=8.138ns})
  Destination:            design_1_i/axis_clock_converter_0/inst/gen_async_conv.axisc_async_clock_converter_0/xpm_fifo_async_inst/gnuram_async_fifo.xpm_fifo_base_inst/gen_sdpram.xpm_memory_base_inst/gen_wr_a.gen_word_narrow.mem_reg_0_31_30_32/RAMB/WADR1
                            (rising edge-triggered cell RAMD32 clocked by clk_out1_design_1_clk_wiz_0_0  {rise@0.000ns fall@4.069ns period=8.138ns})
  Path Group:             clk_out1_design_1_clk_wiz_0_0
  Path Type:              Hold (Min at Fast Process Corner)
  Requirement:            0.000ns  (clk_out1_design_1_clk_wiz_0_0 rise@0.000ns - clk_out1_design_1_clk_wiz_0_0 rise@0.000ns)
  Data Path Delay:        0.458ns  (logic 0.141ns (30.767%)  route 0.317ns (69.233%))
  Logic Levels:           0  
  Clock Path Skew:        0.033ns (DCD - SCD - CPR)
    Destination Clock Delay (DCD):    1.985ns
    Source Clock Delay      (SCD):    1.628ns
    Clock Pessimism Removal (CPR):    0.324ns

    Location             Delay type                Incr(ns)  Path(ns)    Netlist Resource(s)
  -------------------------------------------------------------------    -------------------
                         (clock clk_out1_design_1_clk_wiz_0_0 rise edge)
                                                      0.000     0.000 r  
    U18                                               0.000     0.000 r  CLK_IN_D_0_clk_p[0] (IN)
                         net (fo=0)                   0.000     0.000    design_1_i/util_ds_buf_0/U0/IBUF_DS_P[0]
    U18                  IBUFDS (Prop_ibufds_I_O)     0.370     0.370 r  design_1_i/util_ds_buf_0/U0/USE_IBUFDS.GEN_IBUFDS[0].IBUFDS_I/O
                         net (fo=1, routed)           0.674     1.044    design_1_i/clk_wiz_0/inst/clk_in1
    BUFGCTRL_X0Y17       BUFG (Prop_bufg_I_O)         0.027     1.071 r  design_1_i/clk_wiz_0/inst/clkin1_bufg/O
                         net (fo=1, routed)           0.602     1.673    design_1_i/clk_wiz_0/inst/clk_in1_design_1_clk_wiz_0_0
    PLLE2_ADV_X1Y0       PLLE2_ADV (Prop_plle2_adv_CLKIN1_CLKOUT0)
                                                     -1.169     0.503 r  design_1_i/clk_wiz_0/inst/plle2_adv_inst/CLKOUT0
                         net (fo=1, routed)           0.544     1.047    design_1_i/clk_wiz_0/inst/clk_out1_design_1_clk_wiz_0_0
    BUFGCTRL_X0Y0        BUFG (Prop_bufg_I_O)         0.026     1.073 r  design_1_i/clk_wiz_0/inst/clkout1_buf/O
                         net (fo=2997, routed)        0.555     1.628    design_1_i/axis_clock_converter_0/inst/gen_async_conv.axisc_async_clock_converter_0/xpm_fifo_async_inst/gnuram_async_fifo.xpm_fifo_base_inst/wrp_inst/wr_clk
    SLICE_X41Y33         FDRE                                         r  design_1_i/axis_clock_converter_0/inst/gen_async_conv.axisc_async_clock_converter_0/xpm_fifo_async_inst/gnuram_async_fifo.xpm_fifo_base_inst/wrp_inst/count_value_i_reg[1]/C
  -------------------------------------------------------------------    -------------------
    SLICE_X41Y33         FDRE (Prop_fdre_C_Q)         0.141     1.769 r  design_1_i/axis_clock_converter_0/inst/gen_async_conv.axisc_async_clock_converter_0/xpm_fifo_async_inst/gnuram_async_fifo.xpm_fifo_base_inst/wrp_inst/count_value_i_reg[1]/Q
                         net (fo=54, routed)          0.317     2.086    design_1_i/axis_clock_converter_0/inst/gen_async_conv.axisc_async_clock_converter_0/xpm_fifo_async_inst/gnuram_async_fifo.xpm_fifo_base_inst/gen_sdpram.xpm_memory_base_inst/gen_wr_a.gen_word_narrow.mem_reg_0_31_30_32/ADDRD1
    SLICE_X38Y34         RAMD32                                       r  design_1_i/axis_clock_converter_0/inst/gen_async_conv.axisc_async_clock_converter_0/xpm_fifo_async_inst/gnuram_async_fifo.xpm_fifo_base_inst/gen_sdpram.xpm_memory_base_inst/gen_wr_a.gen_word_narrow.mem_reg_0_31_30_32/RAMB/WADR1
  -------------------------------------------------------------------    -------------------

                         (clock clk_out1_design_1_clk_wiz_0_0 rise edge)
                                                      0.000     0.000 r  
    U18                                               0.000     0.000 r  CLK_IN_D_0_clk_p[0] (IN)
                         net (fo=0)                   0.000     0.000    design_1_i/util_ds_buf_0/U0/IBUF_DS_P[0]
    U18                  IBUFDS (Prop_ibufds_I_O)     0.401     0.401 r  design_1_i/util_ds_buf_0/U0/USE_IBUFDS.GEN_IBUFDS[0].IBUFDS_I/O
                         net (fo=1, routed)           0.731     1.132    design_1_i/clk_wiz_0/inst/clk_in1
    BUFGCTRL_X0Y17       BUFG (Prop_bufg_I_O)         0.030     1.162 r  design_1_i/clk_wiz_0/inst/clkin1_bufg/O
                         net (fo=1, routed)           0.869     2.031    design_1_i/clk_wiz_0/inst/clk_in1_design_1_clk_wiz_0_0
    PLLE2_ADV_X1Y0       PLLE2_ADV (Prop_plle2_adv_CLKIN1_CLKOUT0)
                                                     -1.488     0.543 r  design_1_i/clk_wiz_0/inst/plle2_adv_inst/CLKOUT0
                         net (fo=1, routed)           0.592     1.135    design_1_i/clk_wiz_0/inst/clk_out1_design_1_clk_wiz_0_0
    BUFGCTRL_X0Y0        BUFG (Prop_bufg_I_O)         0.029     1.164 r  design_1_i/clk_wiz_0/inst/clkout1_buf/O
                         net (fo=2997, routed)        0.821     1.985    design_1_i/axis_clock_converter_0/inst/gen_async_conv.axisc_async_clock_converter_0/xpm_fifo_async_inst/gnuram_async_fifo.xpm_fifo_base_inst/gen_sdpram.xpm_memory_base_inst/gen_wr_a.gen_word_narrow.mem_reg_0_31_30_32/WCLK
    SLICE_X38Y34         RAMD32                                       r  design_1_i/axis_clock_converter_0/inst/gen_async_conv.axisc_async_clock_converter_0/xpm_fifo_async_inst/gnuram_async_fifo.xpm_fifo_base_inst/gen_sdpram.xpm_memory_base_inst/gen_wr_a.gen_word_narrow.mem_reg_0_31_30_32/RAMB/CLK
                         clock pessimism             -0.324     1.661    
    SLICE_X38Y34         RAMD32 (Hold_ramd32_CLK_WADR1)
                                                      0.309     1.970    design_1_i/axis_clock_converter_0/inst/gen_async_conv.axisc_async_clock_converter_0/xpm_fifo_async_inst/gnuram_async_fifo.xpm_fifo_base_inst/gen_sdpram.xpm_memory_base_inst/gen_wr_a.gen_word_narrow.mem_reg_0_31_30_32/RAMB
  -------------------------------------------------------------------
                         required time                         -1.970    
                         arrival time                           2.086    
  -------------------------------------------------------------------
                         slack                                  0.116    

Slack (MET) :             0.116ns  (arrival time - required time)
  Source:                 design_1_i/axis_clock_converter_0/inst/gen_async_conv.axisc_async_clock_converter_0/xpm_fifo_async_inst/gnuram_async_fifo.xpm_fifo_base_inst/wrp_inst/count_value_i_reg[1]/C
                            (rising edge-triggered cell FDRE clocked by clk_out1_design_1_clk_wiz_0_0  {rise@0.000ns fall@4.069ns period=8.138ns})
  Destination:            design_1_i/axis_clock_converter_0/inst/gen_async_conv.axisc_async_clock_converter_0/xpm_fifo_async_inst/gnuram_async_fifo.xpm_fifo_base_inst/gen_sdpram.xpm_memory_base_inst/gen_wr_a.gen_word_narrow.mem_reg_0_31_30_32/RAMB_D1/WADR1
                            (rising edge-triggered cell RAMD32 clocked by clk_out1_design_1_clk_wiz_0_0  {rise@0.000ns fall@4.069ns period=8.138ns})
  Path Group:             clk_out1_design_1_clk_wiz_0_0
  Path Type:              Hold (Min at Fast Process Corner)
  Requirement:            0.000ns  (clk_out1_design_1_clk_wiz_0_0 rise@0.000ns - clk_out1_design_1_clk_wiz_0_0 rise@0.000ns)
  Data Path Delay:        0.458ns  (logic 0.141ns (30.767%)  route 0.317ns (69.233%))
  Logic Levels:           0  
  Clock Path Skew:        0.033ns (DCD - SCD - CPR)
    Destination Clock Delay (DCD):    1.985ns
    Source Clock Delay      (SCD):    1.628ns
    Clock Pessimism Removal (CPR):    0.324ns

    Location             Delay type                Incr(ns)  Path(ns)    Netlist Resource(s)
  -------------------------------------------------------------------    -------------------
                         (clock clk_out1_design_1_clk_wiz_0_0 rise edge)
                                                      0.000     0.000 r  
    U18                                               0.000     0.000 r  CLK_IN_D_0_clk_p[0] (IN)
                         net (fo=0)                   0.000     0.000    design_1_i/util_ds_buf_0/U0/IBUF_DS_P[0]
    U18                  IBUFDS (Prop_ibufds_I_O)     0.370     0.370 r  design_1_i/util_ds_buf_0/U0/USE_IBUFDS.GEN_IBUFDS[0].IBUFDS_I/O
                         net (fo=1, routed)           0.674     1.044    design_1_i/clk_wiz_0/inst/clk_in1
    BUFGCTRL_X0Y17       BUFG (Prop_bufg_I_O)         0.027     1.071 r  design_1_i/clk_wiz_0/inst/clkin1_bufg/O
                         net (fo=1, routed)           0.602     1.673    design_1_i/clk_wiz_0/inst/clk_in1_design_1_clk_wiz_0_0
    PLLE2_ADV_X1Y0       PLLE2_ADV (Prop_plle2_adv_CLKIN1_CLKOUT0)
                                                     -1.169     0.503 r  design_1_i/clk_wiz_0/inst/plle2_adv_inst/CLKOUT0
                         net (fo=1, routed)           0.544     1.047    design_1_i/clk_wiz_0/inst/clk_out1_design_1_clk_wiz_0_0
    BUFGCTRL_X0Y0        BUFG (Prop_bufg_I_O)         0.026     1.073 r  design_1_i/clk_wiz_0/inst/clkout1_buf/O
                         net (fo=2997, routed)        0.555     1.628    design_1_i/axis_clock_converter_0/inst/gen_async_conv.axisc_async_clock_converter_0/xpm_fifo_async_inst/gnuram_async_fifo.xpm_fifo_base_inst/wrp_inst/wr_clk
    SLICE_X41Y33         FDRE                                         r  design_1_i/axis_clock_converter_0/inst/gen_async_conv.axisc_async_clock_converter_0/xpm_fifo_async_inst/gnuram_async_fifo.xpm_fifo_base_inst/wrp_inst/count_value_i_reg[1]/C
  -------------------------------------------------------------------    -------------------
    SLICE_X41Y33         FDRE (Prop_fdre_C_Q)         0.141     1.769 r  design_1_i/axis_clock_converter_0/inst/gen_async_conv.axisc_async_clock_converter_0/xpm_fifo_async_inst/gnuram_async_fifo.xpm_fifo_base_inst/wrp_inst/count_value_i_reg[1]/Q
                         net (fo=54, routed)          0.317     2.086    design_1_i/axis_clock_converter_0/inst/gen_async_conv.axisc_async_clock_converter_0/xpm_fifo_async_inst/gnuram_async_fifo.xpm_fifo_base_inst/gen_sdpram.xpm_memory_base_inst/gen_wr_a.gen_word_narrow.mem_reg_0_31_30_32/ADDRD1
    SLICE_X38Y34         RAMD32                                       r  design_1_i/axis_clock_converter_0/inst/gen_async_conv.axisc_async_clock_converter_0/xpm_fifo_async_inst/gnuram_async_fifo.xpm_fifo_base_inst/gen_sdpram.xpm_memory_base_inst/gen_wr_a.gen_word_narrow.mem_reg_0_31_30_32/RAMB_D1/WADR1
  -------------------------------------------------------------------    -------------------

                         (clock clk_out1_design_1_clk_wiz_0_0 rise edge)
                                                      0.000     0.000 r  
    U18                                               0.000     0.000 r  CLK_IN_D_0_clk_p[0] (IN)
                         net (fo=0)                   0.000     0.000    design_1_i/util_ds_buf_0/U0/IBUF_DS_P[0]
    U18                  IBUFDS (Prop_ibufds_I_O)     0.401     0.401 r  design_1_i/util_ds_buf_0/U0/USE_IBUFDS.GEN_IBUFDS[0].IBUFDS_I/O
                         net (fo=1, routed)           0.731     1.132    design_1_i/clk_wiz_0/inst/clk_in1
    BUFGCTRL_X0Y17       BUFG (Prop_bufg_I_O)         0.030     1.162 r  design_1_i/clk_wiz_0/inst/clkin1_bufg/O
                         net (fo=1, routed)           0.869     2.031    design_1_i/clk_wiz_0/inst/clk_in1_design_1_clk_wiz_0_0
    PLLE2_ADV_X1Y0       PLLE2_ADV (Prop_plle2_adv_CLKIN1_CLKOUT0)
                                                     -1.488     0.543 r  design_1_i/clk_wiz_0/inst/plle2_adv_inst/CLKOUT0
                         net (fo=1, routed)           0.592     1.135    design_1_i/clk_wiz_0/inst/clk_out1_design_1_clk_wiz_0_0
    BUFGCTRL_X0Y0        BUFG (Prop_bufg_I_O)         0.029     1.164 r  design_1_i/clk_wiz_0/inst/clkout1_buf/O
                         net (fo=2997, routed)        0.821     1.985    design_1_i/axis_clock_converter_0/inst/gen_async_conv.axisc_async_clock_converter_0/xpm_fifo_async_inst/gnuram_async_fifo.xpm_fifo_base_inst/gen_sdpram.xpm_memory_base_inst/gen_wr_a.gen_word_narrow.mem_reg_0_31_30_32/WCLK
    SLICE_X38Y34         RAMD32                                       r  design_1_i/axis_clock_converter_0/inst/gen_async_conv.axisc_async_clock_converter_0/xpm_fifo_async_inst/gnuram_async_fifo.xpm_fifo_base_inst/gen_sdpram.xpm_memory_base_inst/gen_wr_a.gen_word_narrow.mem_reg_0_31_30_32/RAMB_D1/CLK
                         clock pessimism             -0.324     1.661    
    SLICE_X38Y34         RAMD32 (Hold_ramd32_CLK_WADR1)
                                                      0.309     1.970    design_1_i/axis_clock_converter_0/inst/gen_async_conv.axisc_async_clock_converter_0/xpm_fifo_async_inst/gnuram_async_fifo.xpm_fifo_base_inst/gen_sdpram.xpm_memory_base_inst/gen_wr_a.gen_word_narrow.mem_reg_0_31_30_32/RAMB_D1
  -------------------------------------------------------------------
                         required time                         -1.970    
                         arrival time                           2.086    
  -------------------------------------------------------------------
                         slack                                  0.116    

Slack (MET) :             0.116ns  (arrival time - required time)
  Source:                 design_1_i/axis_clock_converter_0/inst/gen_async_conv.axisc_async_clock_converter_0/xpm_fifo_async_inst/gnuram_async_fifo.xpm_fifo_base_inst/wrp_inst/count_value_i_reg[1]/C
                            (rising edge-triggered cell FDRE clocked by clk_out1_design_1_clk_wiz_0_0  {rise@0.000ns fall@4.069ns period=8.138ns})
  Destination:            design_1_i/axis_clock_converter_0/inst/gen_async_conv.axisc_async_clock_converter_0/xpm_fifo_async_inst/gnuram_async_fifo.xpm_fifo_base_inst/gen_sdpram.xpm_memory_base_inst/gen_wr_a.gen_word_narrow.mem_reg_0_31_30_32/RAMC/WADR1
                            (rising edge-triggered cell RAMD32 clocked by clk_out1_design_1_clk_wiz_0_0  {rise@0.000ns fall@4.069ns period=8.138ns})
  Path Group:             clk_out1_design_1_clk_wiz_0_0
  Path Type:              Hold (Min at Fast Process Corner)
  Requirement:            0.000ns  (clk_out1_design_1_clk_wiz_0_0 rise@0.000ns - clk_out1_design_1_clk_wiz_0_0 rise@0.000ns)
  Data Path Delay:        0.458ns  (logic 0.141ns (30.767%)  route 0.317ns (69.233%))
  Logic Levels:           0  
  Clock Path Skew:        0.033ns (DCD - SCD - CPR)
    Destination Clock Delay (DCD):    1.985ns
    Source Clock Delay      (SCD):    1.628ns
    Clock Pessimism Removal (CPR):    0.324ns

    Location             Delay type                Incr(ns)  Path(ns)    Netlist Resource(s)
  -------------------------------------------------------------------    -------------------
                         (clock clk_out1_design_1_clk_wiz_0_0 rise edge)
                                                      0.000     0.000 r  
    U18                                               0.000     0.000 r  CLK_IN_D_0_clk_p[0] (IN)
                         net (fo=0)                   0.000     0.000    design_1_i/util_ds_buf_0/U0/IBUF_DS_P[0]
    U18                  IBUFDS (Prop_ibufds_I_O)     0.370     0.370 r  design_1_i/util_ds_buf_0/U0/USE_IBUFDS.GEN_IBUFDS[0].IBUFDS_I/O
                         net (fo=1, routed)           0.674     1.044    design_1_i/clk_wiz_0/inst/clk_in1
    BUFGCTRL_X0Y17       BUFG (Prop_bufg_I_O)         0.027     1.071 r  design_1_i/clk_wiz_0/inst/clkin1_bufg/O
                         net (fo=1, routed)           0.602     1.673    design_1_i/clk_wiz_0/inst/clk_in1_design_1_clk_wiz_0_0
    PLLE2_ADV_X1Y0       PLLE2_ADV (Prop_plle2_adv_CLKIN1_CLKOUT0)
                                                     -1.169     0.503 r  design_1_i/clk_wiz_0/inst/plle2_adv_inst/CLKOUT0
                         net (fo=1, routed)           0.544     1.047    design_1_i/clk_wiz_0/inst/clk_out1_design_1_clk_wiz_0_0
    BUFGCTRL_X0Y0        BUFG (Prop_bufg_I_O)         0.026     1.073 r  design_1_i/clk_wiz_0/inst/clkout1_buf/O
                         net (fo=2997, routed)        0.555     1.628    design_1_i/axis_clock_converter_0/inst/gen_async_conv.axisc_async_clock_converter_0/xpm_fifo_async_inst/gnuram_async_fifo.xpm_fifo_base_inst/wrp_inst/wr_clk
    SLICE_X41Y33         FDRE                                         r  design_1_i/axis_clock_converter_0/inst/gen_async_conv.axisc_async_clock_converter_0/xpm_fifo_async_inst/gnuram_async_fifo.xpm_fifo_base_inst/wrp_inst/count_value_i_reg[1]/C
  -------------------------------------------------------------------    -------------------
    SLICE_X41Y33         FDRE (Prop_fdre_C_Q)         0.141     1.769 r  design_1_i/axis_clock_converter_0/inst/gen_async_conv.axisc_async_clock_converter_0/xpm_fifo_async_inst/gnuram_async_fifo.xpm_fifo_base_inst/wrp_inst/count_value_i_reg[1]/Q
                         net (fo=54, routed)          0.317     2.086    design_1_i/axis_clock_converter_0/inst/gen_async_conv.axisc_async_clock_converter_0/xpm_fifo_async_inst/gnuram_async_fifo.xpm_fifo_base_inst/gen_sdpram.xpm_memory_base_inst/gen_wr_a.gen_word_narrow.mem_reg_0_31_30_32/ADDRD1
    SLICE_X38Y34         RAMD32                                       r  design_1_i/axis_clock_converter_0/inst/gen_async_conv.axisc_async_clock_converter_0/xpm_fifo_async_inst/gnuram_async_fifo.xpm_fifo_base_inst/gen_sdpram.xpm_memory_base_inst/gen_wr_a.gen_word_narrow.mem_reg_0_31_30_32/RAMC/WADR1
  -------------------------------------------------------------------    -------------------

                         (clock clk_out1_design_1_clk_wiz_0_0 rise edge)
                                                      0.000     0.000 r  
    U18                                               0.000     0.000 r  CLK_IN_D_0_clk_p[0] (IN)
                         net (fo=0)                   0.000     0.000    design_1_i/util_ds_buf_0/U0/IBUF_DS_P[0]
    U18                  IBUFDS (Prop_ibufds_I_O)     0.401     0.401 r  design_1_i/util_ds_buf_0/U0/USE_IBUFDS.GEN_IBUFDS[0].IBUFDS_I/O
                         net (fo=1, routed)           0.731     1.132    design_1_i/clk_wiz_0/inst/clk_in1
    BUFGCTRL_X0Y17       BUFG (Prop_bufg_I_O)         0.030     1.162 r  design_1_i/clk_wiz_0/inst/clkin1_bufg/O
                         net (fo=1, routed)           0.869     2.031    design_1_i/clk_wiz_0/inst/clk_in1_design_1_clk_wiz_0_0
    PLLE2_ADV_X1Y0       PLLE2_ADV (Prop_plle2_adv_CLKIN1_CLKOUT0)
                                                     -1.488     0.543 r  design_1_i/clk_wiz_0/inst/plle2_adv_inst/CLKOUT0
                         net (fo=1, routed)           0.592     1.135    design_1_i/clk_wiz_0/inst/clk_out1_design_1_clk_wiz_0_0
    BUFGCTRL_X0Y0        BUFG (Prop_bufg_I_O)         0.029     1.164 r  design_1_i/clk_wiz_0/inst/clkout1_buf/O
                         net (fo=2997, routed)        0.821     1.985    design_1_i/axis_clock_converter_0/inst/gen_async_conv.axisc_async_clock_converter_0/xpm_fifo_async_inst/gnuram_async_fifo.xpm_fifo_base_inst/gen_sdpram.xpm_memory_base_inst/gen_wr_a.gen_word_narrow.mem_reg_0_31_30_32/WCLK
    SLICE_X38Y34         RAMD32                                       r  design_1_i/axis_clock_converter_0/inst/gen_async_conv.axisc_async_clock_converter_0/xpm_fifo_async_inst/gnuram_async_fifo.xpm_fifo_base_inst/gen_sdpram.xpm_memory_base_inst/gen_wr_a.gen_word_narrow.mem_reg_0_31_30_32/RAMC/CLK
                         clock pessimism             -0.324     1.661    
    SLICE_X38Y34         RAMD32 (Hold_ramd32_CLK_WADR1)
                                                      0.309     1.970    design_1_i/axis_clock_converter_0/inst/gen_async_conv.axisc_async_clock_converter_0/xpm_fifo_async_inst/gnuram_async_fifo.xpm_fifo_base_inst/gen_sdpram.xpm_memory_base_inst/gen_wr_a.gen_word_narrow.mem_reg_0_31_30_32/RAMC
  -------------------------------------------------------------------
                         required time                         -1.970    
                         arrival time                           2.086    
  -------------------------------------------------------------------
                         slack                                  0.116    

Slack (MET) :             0.116ns  (arrival time - required time)
  Source:                 design_1_i/axis_clock_converter_0/inst/gen_async_conv.axisc_async_clock_converter_0/xpm_fifo_async_inst/gnuram_async_fifo.xpm_fifo_base_inst/wrp_inst/count_value_i_reg[1]/C
                            (rising edge-triggered cell FDRE clocked by clk_out1_design_1_clk_wiz_0_0  {rise@0.000ns fall@4.069ns period=8.138ns})
  Destination:            design_1_i/axis_clock_converter_0/inst/gen_async_conv.axisc_async_clock_converter_0/xpm_fifo_async_inst/gnuram_async_fifo.xpm_fifo_base_inst/gen_sdpram.xpm_memory_base_inst/gen_wr_a.gen_word_narrow.mem_reg_0_31_30_32/RAMC_D1/WADR1
                            (rising edge-triggered cell RAMD32 clocked by clk_out1_design_1_clk_wiz_0_0  {rise@0.000ns fall@4.069ns period=8.138ns})
  Path Group:             clk_out1_design_1_clk_wiz_0_0
  Path Type:              Hold (Min at Fast Process Corner)
  Requirement:            0.000ns  (clk_out1_design_1_clk_wiz_0_0 rise@0.000ns - clk_out1_design_1_clk_wiz_0_0 rise@0.000ns)
  Data Path Delay:        0.458ns  (logic 0.141ns (30.767%)  route 0.317ns (69.233%))
  Logic Levels:           0  
  Clock Path Skew:        0.033ns (DCD - SCD - CPR)
    Destination Clock Delay (DCD):    1.985ns
    Source Clock Delay      (SCD):    1.628ns
    Clock Pessimism Removal (CPR):    0.324ns

    Location             Delay type                Incr(ns)  Path(ns)    Netlist Resource(s)
  -------------------------------------------------------------------    -------------------
                         (clock clk_out1_design_1_clk_wiz_0_0 rise edge)
                                                      0.000     0.000 r  
    U18                                               0.000     0.000 r  CLK_IN_D_0_clk_p[0] (IN)
                         net (fo=0)                   0.000     0.000    design_1_i/util_ds_buf_0/U0/IBUF_DS_P[0]
    U18                  IBUFDS (Prop_ibufds_I_O)     0.370     0.370 r  design_1_i/util_ds_buf_0/U0/USE_IBUFDS.GEN_IBUFDS[0].IBUFDS_I/O
                         net (fo=1, routed)           0.674     1.044    design_1_i/clk_wiz_0/inst/clk_in1
    BUFGCTRL_X0Y17       BUFG (Prop_bufg_I_O)         0.027     1.071 r  design_1_i/clk_wiz_0/inst/clkin1_bufg/O
                         net (fo=1, routed)           0.602     1.673    design_1_i/clk_wiz_0/inst/clk_in1_design_1_clk_wiz_0_0
    PLLE2_ADV_X1Y0       PLLE2_ADV (Prop_plle2_adv_CLKIN1_CLKOUT0)
                                                     -1.169     0.503 r  design_1_i/clk_wiz_0/inst/plle2_adv_inst/CLKOUT0
                         net (fo=1, routed)           0.544     1.047    design_1_i/clk_wiz_0/inst/clk_out1_design_1_clk_wiz_0_0
    BUFGCTRL_X0Y0        BUFG (Prop_bufg_I_O)         0.026     1.073 r  design_1_i/clk_wiz_0/inst/clkout1_buf/O
                         net (fo=2997, routed)        0.555     1.628    design_1_i/axis_clock_converter_0/inst/gen_async_conv.axisc_async_clock_converter_0/xpm_fifo_async_inst/gnuram_async_fifo.xpm_fifo_base_inst/wrp_inst/wr_clk
    SLICE_X41Y33         FDRE                                         r  design_1_i/axis_clock_converter_0/inst/gen_async_conv.axisc_async_clock_converter_0/xpm_fifo_async_inst/gnuram_async_fifo.xpm_fifo_base_inst/wrp_inst/count_value_i_reg[1]/C
  -------------------------------------------------------------------    -------------------
    SLICE_X41Y33         FDRE (Prop_fdre_C_Q)         0.141     1.769 r  design_1_i/axis_clock_converter_0/inst/gen_async_conv.axisc_async_clock_converter_0/xpm_fifo_async_inst/gnuram_async_fifo.xpm_fifo_base_inst/wrp_inst/count_value_i_reg[1]/Q
                         net (fo=54, routed)          0.317     2.086    design_1_i/axis_clock_converter_0/inst/gen_async_conv.axisc_async_clock_converter_0/xpm_fifo_async_inst/gnuram_async_fifo.xpm_fifo_base_inst/gen_sdpram.xpm_memory_base_inst/gen_wr_a.gen_word_narrow.mem_reg_0_31_30_32/ADDRD1
    SLICE_X38Y34         RAMD32                                       r  design_1_i/axis_clock_converter_0/inst/gen_async_conv.axisc_async_clock_converter_0/xpm_fifo_async_inst/gnuram_async_fifo.xpm_fifo_base_inst/gen_sdpram.xpm_memory_base_inst/gen_wr_a.gen_word_narrow.mem_reg_0_31_30_32/RAMC_D1/WADR1
  -------------------------------------------------------------------    -------------------

                         (clock clk_out1_design_1_clk_wiz_0_0 rise edge)
                                                      0.000     0.000 r  
    U18                                               0.000     0.000 r  CLK_IN_D_0_clk_p[0] (IN)
                         net (fo=0)                   0.000     0.000    design_1_i/util_ds_buf_0/U0/IBUF_DS_P[0]
    U18                  IBUFDS (Prop_ibufds_I_O)     0.401     0.401 r  design_1_i/util_ds_buf_0/U0/USE_IBUFDS.GEN_IBUFDS[0].IBUFDS_I/O
                         net (fo=1, routed)           0.731     1.132    design_1_i/clk_wiz_0/inst/clk_in1
    BUFGCTRL_X0Y17       BUFG (Prop_bufg_I_O)         0.030     1.162 r  design_1_i/clk_wiz_0/inst/clkin1_bufg/O
                         net (fo=1, routed)           0.869     2.031    design_1_i/clk_wiz_0/inst/clk_in1_design_1_clk_wiz_0_0
    PLLE2_ADV_X1Y0       PLLE2_ADV (Prop_plle2_adv_CLKIN1_CLKOUT0)
                                                     -1.488     0.543 r  design_1_i/clk_wiz_0/inst/plle2_adv_inst/CLKOUT0
                         net (fo=1, routed)           0.592     1.135    design_1_i/clk_wiz_0/inst/clk_out1_design_1_clk_wiz_0_0
    BUFGCTRL_X0Y0        BUFG (Prop_bufg_I_O)         0.029     1.164 r  design_1_i/clk_wiz_0/inst/clkout1_buf/O
                         net (fo=2997, routed)        0.821     1.985    design_1_i/axis_clock_converter_0/inst/gen_async_conv.axisc_async_clock_converter_0/xpm_fifo_async_inst/gnuram_async_fifo.xpm_fifo_base_inst/gen_sdpram.xpm_memory_base_inst/gen_wr_a.gen_word_narrow.mem_reg_0_31_30_32/WCLK
    SLICE_X38Y34         RAMD32                                       r  design_1_i/axis_clock_converter_0/inst/gen_async_conv.axisc_async_clock_converter_0/xpm_fifo_async_inst/gnuram_async_fifo.xpm_fifo_base_inst/gen_sdpram.xpm_memory_base_inst/gen_wr_a.gen_word_narrow.mem_reg_0_31_30_32/RAMC_D1/CLK
                         clock pessimism             -0.324     1.661    
    SLICE_X38Y34         RAMD32 (Hold_ramd32_CLK_WADR1)
                                                      0.309     1.970    design_1_i/axis_clock_converter_0/inst/gen_async_conv.axisc_async_clock_converter_0/xpm_fifo_async_inst/gnuram_async_fifo.xpm_fifo_base_inst/gen_sdpram.xpm_memory_base_inst/gen_wr_a.gen_word_narrow.mem_reg_0_31_30_32/RAMC_D1
  -------------------------------------------------------------------
                         required time                         -1.970    
                         arrival time                           2.086    
  -------------------------------------------------------------------
                         slack                                  0.116    





Pulse Width Checks
--------------------------------------------------------------------------------------
Clock Name:         clk_out1_design_1_clk_wiz_0_0
Waveform(ns):       { 0.000 4.069 }
Period(ns):         8.138
Sources:            { design_1_i/clk_wiz_0/inst/plle2_adv_inst/CLKOUT0 }

Check Type        Corner  Lib Pin             Reference Pin  Required(ns)  Actual(ns)  Slack(ns)  Location        Pin
Min Period        n/a     DSP48E1/CLK         n/a            3.687         8.138       4.451      DSP48_X2Y10     design_1_i/top_0/inst/DUT_DDC/DUT_FIR/accumulator_I_r_reg/CLK
Min Period        n/a     DSP48E1/CLK         n/a            3.687         8.138       4.451      DSP48_X1Y10     design_1_i/top_0/inst/DUT_DDC/DUT_FIR/accumulator_Q_r_reg/CLK
Min Period        n/a     RAMB18E1/CLKARDCLK  n/a            2.944         8.138       5.194      RAMB18_X2Y10    design_1_i/top_0/inst/DUT_DDC/DUT_FIR/ram_I_reg/CLKARDCLK
Min Period        n/a     RAMB18E1/CLKARDCLK  n/a            2.944         8.138       5.194      RAMB18_X2Y11    design_1_i/top_0/inst/DUT_DDC/DUT_FIR/ram_Q_reg/CLKARDCLK
Min Period        n/a     RAMB36E1/CLKARDCLK  n/a            2.576         8.138       5.562      RAMB36_X2Y8     design_1_i/top_0/sel_0_0/CLKARDCLK
Min Period        n/a     RAMB36E1/CLKARDCLK  n/a            2.576         8.138       5.562      RAMB36_X3Y5     design_1_i/top_0/sel_0_1/CLKARDCLK
Min Period        n/a     RAMB36E1/CLKARDCLK  n/a            2.576         8.138       5.562      RAMB36_X3Y4     design_1_i/top_0/sel_0_10/CLKARDCLK
Min Period        n/a     RAMB36E1/CLKARDCLK  n/a            2.576         8.138       5.562      RAMB36_X1Y4     design_1_i/top_0/sel_0_11/CLKARDCLK
Min Period        n/a     RAMB36E1/CLKARDCLK  n/a            2.576         8.138       5.562      RAMB36_X4Y3     design_1_i/top_0/sel_0_12/CLKARDCLK
Min Period        n/a     RAMB36E1/CLKARDCLK  n/a            2.576         8.138       5.562      RAMB36_X3Y6     design_1_i/top_0/sel_0_13/CLKARDCLK
Max Period        n/a     PLLE2_ADV/CLKOUT0   n/a            160.000       8.138       151.862    PLLE2_ADV_X1Y0  design_1_i/clk_wiz_0/inst/plle2_adv_inst/CLKOUT0
Low Pulse Width   Slow    RAMD32/CLK          n/a            1.250         4.069       2.819      SLICE_X30Y32    design_1_i/axis_clock_converter_0/inst/gen_async_conv.axisc_async_clock_converter_0/xpm_fifo_async_inst/gnuram_async_fifo.xpm_fifo_base_inst/gen_sdpram.xpm_memory_base_inst/gen_wr_a.gen_word_narrow.mem_reg_0_31_0_5/RAMA/CLK
Low Pulse Width   Fast    RAMD32/CLK          n/a            1.250         4.069       2.819      SLICE_X30Y32    design_1_i/axis_clock_converter_0/inst/gen_async_conv.axisc_async_clock_converter_0/xpm_fifo_async_inst/gnuram_async_fifo.xpm_fifo_base_inst/gen_sdpram.xpm_memory_base_inst/gen_wr_a.gen_word_narrow.mem_reg_0_31_0_5/RAMA/CLK
Low Pulse Width   Slow    RAMD32/CLK          n/a            1.250         4.069       2.819      SLICE_X30Y32    design_1_i/axis_clock_converter_0/inst/gen_async_conv.axisc_async_clock_converter_0/xpm_fifo_async_inst/gnuram_async_fifo.xpm_fifo_base_inst/gen_sdpram.xpm_memory_base_inst/gen_wr_a.gen_word_narrow.mem_reg_0_31_0_5/RAMA_D1/CLK
Low Pulse Width   Fast    RAMD32/CLK          n/a            1.250         4.069       2.819      SLICE_X30Y32    design_1_i/axis_clock_converter_0/inst/gen_async_conv.axisc_async_clock_converter_0/xpm_fifo_async_inst/gnuram_async_fifo.xpm_fifo_base_inst/gen_sdpram.xpm_memory_base_inst/gen_wr_a.gen_word_narrow.mem_reg_0_31_0_5/RAMA_D1/CLK
Low Pulse Width   Slow    RAMD32/CLK          n/a            1.250         4.069       2.819      SLICE_X30Y32    design_1_i/axis_clock_converter_0/inst/gen_async_conv.axisc_async_clock_converter_0/xpm_fifo_async_inst/gnuram_async_fifo.xpm_fifo_base_inst/gen_sdpram.xpm_memory_base_inst/gen_wr_a.gen_word_narrow.mem_reg_0_31_0_5/RAMB/CLK
Low Pulse Width   Fast    RAMD32/CLK          n/a            1.250         4.069       2.819      SLICE_X30Y32    design_1_i/axis_clock_converter_0/inst/gen_async_conv.axisc_async_clock_converter_0/xpm_fifo_async_inst/gnuram_async_fifo.xpm_fifo_base_inst/gen_sdpram.xpm_memory_base_inst/gen_wr_a.gen_word_narrow.mem_reg_0_31_0_5/RAMB/CLK
Low Pulse Width   Slow    RAMD32/CLK          n/a            1.250         4.069       2.819      SLICE_X30Y32    design_1_i/axis_clock_converter_0/inst/gen_async_conv.axisc_async_clock_converter_0/xpm_fifo_async_inst/gnuram_async_fifo.xpm_fifo_base_inst/gen_sdpram.xpm_memory_base_inst/gen_wr_a.gen_word_narrow.mem_reg_0_31_0_5/RAMB_D1/CLK
Low Pulse Width   Fast    RAMD32/CLK          n/a            1.250         4.069       2.819      SLICE_X30Y32    design_1_i/axis_clock_converter_0/inst/gen_async_conv.axisc_async_clock_converter_0/xpm_fifo_async_inst/gnuram_async_fifo.xpm_fifo_base_inst/gen_sdpram.xpm_memory_base_inst/gen_wr_a.gen_word_narrow.mem_reg_0_31_0_5/RAMB_D1/CLK
Low Pulse Width   Slow    RAMD32/CLK          n/a            1.250         4.069       2.819      SLICE_X30Y32    design_1_i/axis_clock_converter_0/inst/gen_async_conv.axisc_async_clock_converter_0/xpm_fifo_async_inst/gnuram_async_fifo.xpm_fifo_base_inst/gen_sdpram.xpm_memory_base_inst/gen_wr_a.gen_word_narrow.mem_reg_0_31_0_5/RAMC/CLK
Low Pulse Width   Fast    RAMD32/CLK          n/a            1.250         4.069       2.819      SLICE_X30Y32    design_1_i/axis_clock_converter_0/inst/gen_async_conv.axisc_async_clock_converter_0/xpm_fifo_async_inst/gnuram_async_fifo.xpm_fifo_base_inst/gen_sdpram.xpm_memory_base_inst/gen_wr_a.gen_word_narrow.mem_reg_0_31_0_5/RAMC/CLK
High Pulse Width  Slow    RAMD32/CLK          n/a            1.250         4.069       2.819      SLICE_X30Y32    design_1_i/axis_clock_converter_0/inst/gen_async_conv.axisc_async_clock_converter_0/xpm_fifo_async_inst/gnuram_async_fifo.xpm_fifo_base_inst/gen_sdpram.xpm_memory_base_inst/gen_wr_a.gen_word_narrow.mem_reg_0_31_0_5/RAMA/CLK
High Pulse Width  Fast    RAMD32/CLK          n/a            1.250         4.069       2.819      SLICE_X30Y32    design_1_i/axis_clock_converter_0/inst/gen_async_conv.axisc_async_clock_converter_0/xpm_fifo_async_inst/gnuram_async_fifo.xpm_fifo_base_inst/gen_sdpram.xpm_memory_base_inst/gen_wr_a.gen_word_narrow.mem_reg_0_31_0_5/RAMA/CLK
High Pulse Width  Slow    RAMD32/CLK          n/a            1.250         4.069       2.819      SLICE_X30Y32    design_1_i/axis_clock_converter_0/inst/gen_async_conv.axisc_async_clock_converter_0/xpm_fifo_async_inst/gnuram_async_fifo.xpm_fifo_base_inst/gen_sdpram.xpm_memory_base_inst/gen_wr_a.gen_word_narrow.mem_reg_0_31_0_5/RAMA_D1/CLK
High Pulse Width  Fast    RAMD32/CLK          n/a            1.250         4.069       2.819      SLICE_X30Y32    design_1_i/axis_clock_converter_0/inst/gen_async_conv.axisc_async_clock_converter_0/xpm_fifo_async_inst/gnuram_async_fifo.xpm_fifo_base_inst/gen_sdpram.xpm_memory_base_inst/gen_wr_a.gen_word_narrow.mem_reg_0_31_0_5/RAMA_D1/CLK
High Pulse Width  Slow    RAMD32/CLK          n/a            1.250         4.069       2.819      SLICE_X30Y32    design_1_i/axis_clock_converter_0/inst/gen_async_conv.axisc_async_clock_converter_0/xpm_fifo_async_inst/gnuram_async_fifo.xpm_fifo_base_inst/gen_sdpram.xpm_memory_base_inst/gen_wr_a.gen_word_narrow.mem_reg_0_31_0_5/RAMB/CLK
High Pulse Width  Fast    RAMD32/CLK          n/a            1.250         4.069       2.819      SLICE_X30Y32    design_1_i/axis_clock_converter_0/inst/gen_async_conv.axisc_async_clock_converter_0/xpm_fifo_async_inst/gnuram_async_fifo.xpm_fifo_base_inst/gen_sdpram.xpm_memory_base_inst/gen_wr_a.gen_word_narrow.mem_reg_0_31_0_5/RAMB/CLK
High Pulse Width  Slow    RAMD32/CLK          n/a            1.250         4.069       2.819      SLICE_X30Y32    design_1_i/axis_clock_converter_0/inst/gen_async_conv.axisc_async_clock_converter_0/xpm_fifo_async_inst/gnuram_async_fifo.xpm_fifo_base_inst/gen_sdpram.xpm_memory_base_inst/gen_wr_a.gen_word_narrow.mem_reg_0_31_0_5/RAMB_D1/CLK
High Pulse Width  Fast    RAMD32/CLK          n/a            1.250         4.069       2.819      SLICE_X30Y32    design_1_i/axis_clock_converter_0/inst/gen_async_conv.axisc_async_clock_converter_0/xpm_fifo_async_inst/gnuram_async_fifo.xpm_fifo_base_inst/gen_sdpram.xpm_memory_base_inst/gen_wr_a.gen_word_narrow.mem_reg_0_31_0_5/RAMB_D1/CLK
High Pulse Width  Slow    RAMD32/CLK          n/a            1.250         4.069       2.819      SLICE_X30Y32    design_1_i/axis_clock_converter_0/inst/gen_async_conv.axisc_async_clock_converter_0/xpm_fifo_async_inst/gnuram_async_fifo.xpm_fifo_base_inst/gen_sdpram.xpm_memory_base_inst/gen_wr_a.gen_word_narrow.mem_reg_0_31_0_5/RAMC/CLK
High Pulse Width  Fast    RAMD32/CLK          n/a            1.250         4.069       2.819      SLICE_X30Y32    design_1_i/axis_clock_converter_0/inst/gen_async_conv.axisc_async_clock_converter_0/xpm_fifo_async_inst/gnuram_async_fifo.xpm_fifo_base_inst/gen_sdpram.xpm_memory_base_inst/gen_wr_a.gen_word_narrow.mem_reg_0_31_0_5/RAMC/CLK



---------------------------------------------------------------------------------------------------
From Clock:  clkfbout_design_1_clk_wiz_0_0
  To Clock:  clkfbout_design_1_clk_wiz_0_0

Setup :           NA  Failing Endpoints,  Worst Slack           NA  ,  Total Violation           NA
Hold  :           NA  Failing Endpoints,  Worst Slack           NA  ,  Total Violation           NA
PW    :            0  Failing Endpoints,  Worst Slack        5.983ns,  Total Violation        0.000ns
---------------------------------------------------------------------------------------------------


Pulse Width Checks
--------------------------------------------------------------------------------------
Clock Name:         clkfbout_design_1_clk_wiz_0_0
Waveform(ns):       { 0.000 4.069 }
Period(ns):         8.138
Sources:            { design_1_i/clk_wiz_0/inst/plle2_adv_inst/CLKFBOUT }

Check Type  Corner  Lib Pin             Reference Pin  Required(ns)  Actual(ns)  Slack(ns)  Location        Pin
Min Period  n/a     BUFG/I              n/a            2.155         8.138       5.983      BUFGCTRL_X0Y1   design_1_i/clk_wiz_0/inst/clkf_buf/I
Min Period  n/a     PLLE2_ADV/CLKFBOUT  n/a            1.249         8.138       6.889      PLLE2_ADV_X1Y0  design_1_i/clk_wiz_0/inst/plle2_adv_inst/CLKFBOUT
Min Period  n/a     PLLE2_ADV/CLKFBIN   n/a            1.249         8.138       6.889      PLLE2_ADV_X1Y0  design_1_i/clk_wiz_0/inst/plle2_adv_inst/CLKFBIN
Max Period  n/a     PLLE2_ADV/CLKFBIN   n/a            52.633        8.138       44.495     PLLE2_ADV_X1Y0  design_1_i/clk_wiz_0/inst/plle2_adv_inst/CLKFBIN
Max Period  n/a     PLLE2_ADV/CLKFBOUT  n/a            160.000       8.138       151.862    PLLE2_ADV_X1Y0  design_1_i/clk_wiz_0/inst/plle2_adv_inst/CLKFBOUT



---------------------------------------------------------------------------------------------------
From Clock:  clk_fpga_0
  To Clock:  clk_fpga_0

Setup :            0  Failing Endpoints,  Worst Slack        8.421ns,  Total Violation        0.000ns
Hold  :            0  Failing Endpoints,  Worst Slack        0.014ns,  Total Violation        0.000ns
PW    :            0  Failing Endpoints,  Worst Slack        8.750ns,  Total Violation        0.000ns
---------------------------------------------------------------------------------------------------


Max Delay Paths
--------------------------------------------------------------------------------------
Slack (MET) :             8.421ns  (required time - arrival time)
  Source:                 design_1_i/axi_dma_0/U0/I_PRMRY_DATAMOVER/GEN_S2MM_FULL.I_S2MM_FULL_WRAPPER/I_RESET/sig_cmd_stat_rst_user_reg_n_cdc_from_reg/C
                            (rising edge-triggered cell FDRE clocked by clk_fpga_0  {rise@0.000ns fall@10.000ns period=20.000ns})
  Destination:            design_1_i/axi_dma_0/U0/I_PRMRY_DATAMOVER/GEN_S2MM_FULL.I_S2MM_FULL_WRAPPER/I_CMD_STATUS/I_CMD_FIFO/USE_SINGLE_REG.sig_regfifo_dout_reg_reg[58]/R
                            (rising edge-triggered cell FDRE clocked by clk_fpga_0  {rise@0.000ns fall@10.000ns period=20.000ns})
  Path Group:             clk_fpga_0
  Path Type:              Setup (Max at Slow Process Corner)
  Requirement:            20.000ns  (clk_fpga_0 rise@20.000ns - clk_fpga_0 rise@0.000ns)
  Data Path Delay:        10.657ns  (logic 0.718ns (6.737%)  route 9.939ns (93.263%))
  Logic Levels:           1  (LUT1=1)
  Clock Path Skew:        -0.191ns (DCD - SCD + CPR)
    Destination Clock Delay (DCD):    2.657ns = ( 22.657 - 20.000 ) 
    Source Clock Delay      (SCD):    2.963ns
    Clock Pessimism Removal (CPR):    0.115ns
  Clock Uncertainty:      0.302ns  ((TSJ^2 + TIJ^2)^1/2 + DJ) / 2 + PE
    Total System Jitter     (TSJ):    0.071ns
    Total Input Jitter      (TIJ):    0.600ns
    Discrete Jitter          (DJ):    0.000ns
    Phase Error              (PE):    0.000ns

    Location             Delay type                Incr(ns)  Path(ns)    Netlist Resource(s)
  -------------------------------------------------------------------    -------------------
                         (clock clk_fpga_0 rise edge)
                                                      0.000     0.000 r  
    PS7_X0Y0             PS7                          0.000     0.000 r  design_1_i/processing_system7_0/inst/PS7_i/FCLKCLK[0]
                         net (fo=1, routed)           1.193     1.193    design_1_i/processing_system7_0/inst/FCLK_CLK_unbuffered[0]
    BUFGCTRL_X0Y16       BUFG (Prop_bufg_I_O)         0.101     1.294 r  design_1_i/processing_system7_0/inst/buffer_fclk_clk_0.FCLK_CLK_0_BUFG/O
                         net (fo=4892, routed)        1.669     2.963    design_1_i/axi_dma_0/U0/I_PRMRY_DATAMOVER/GEN_S2MM_FULL.I_S2MM_FULL_WRAPPER/I_RESET/m_axi_s2mm_aclk
    SLICE_X39Y45         FDRE                                         r  design_1_i/axi_dma_0/U0/I_PRMRY_DATAMOVER/GEN_S2MM_FULL.I_S2MM_FULL_WRAPPER/I_RESET/sig_cmd_stat_rst_user_reg_n_cdc_from_reg/C
  -------------------------------------------------------------------    -------------------
    SLICE_X39Y45         FDRE (Prop_fdre_C_Q)         0.419     3.382 f  design_1_i/axi_dma_0/U0/I_PRMRY_DATAMOVER/GEN_S2MM_FULL.I_S2MM_FULL_WRAPPER/I_RESET/sig_cmd_stat_rst_user_reg_n_cdc_from_reg/Q
                         net (fo=48, routed)          4.044     7.426    design_1_i/axi_dma_0/U0/I_PRMRY_DATAMOVER/GEN_S2MM_FULL.I_S2MM_FULL_WRAPPER/I_RESET/sig_cmd_stat_rst_user_reg_n_cdc_from_reg_0
    SLICE_X2Y34          LUT1 (Prop_lut1_I0_O)        0.299     7.725 r  design_1_i/axi_dma_0/U0/I_PRMRY_DATAMOVER/GEN_S2MM_FULL.I_S2MM_FULL_WRAPPER/I_RESET/sig_strb_reg_out[7]_i_1/O
                         net (fo=468, routed)         5.895    13.620    design_1_i/axi_dma_0/U0/I_PRMRY_DATAMOVER/GEN_S2MM_FULL.I_S2MM_FULL_WRAPPER/I_CMD_STATUS/I_CMD_FIFO/sig_stream_rst
    SLICE_X33Y57         FDRE                                         r  design_1_i/axi_dma_0/U0/I_PRMRY_DATAMOVER/GEN_S2MM_FULL.I_S2MM_FULL_WRAPPER/I_CMD_STATUS/I_CMD_FIFO/USE_SINGLE_REG.sig_regfifo_dout_reg_reg[58]/R
  -------------------------------------------------------------------    -------------------

                         (clock clk_fpga_0 rise edge)
                                                     20.000    20.000 r  
    PS7_X0Y0             PS7                          0.000    20.000 r  design_1_i/processing_system7_0/inst/PS7_i/FCLKCLK[0]
                         net (fo=1, routed)           1.088    21.088    design_1_i/processing_system7_0/inst/FCLK_CLK_unbuffered[0]
    BUFGCTRL_X0Y16       BUFG (Prop_bufg_I_O)         0.091    21.179 r  design_1_i/processing_system7_0/inst/buffer_fclk_clk_0.FCLK_CLK_0_BUFG/O
                         net (fo=4892, routed)        1.478    22.657    design_1_i/axi_dma_0/U0/I_PRMRY_DATAMOVER/GEN_S2MM_FULL.I_S2MM_FULL_WRAPPER/I_CMD_STATUS/I_CMD_FIFO/m_axi_s2mm_aclk
    SLICE_X33Y57         FDRE                                         r  design_1_i/axi_dma_0/U0/I_PRMRY_DATAMOVER/GEN_S2MM_FULL.I_S2MM_FULL_WRAPPER/I_CMD_STATUS/I_CMD_FIFO/USE_SINGLE_REG.sig_regfifo_dout_reg_reg[58]/C
                         clock pessimism              0.115    22.772    
                         clock uncertainty           -0.302    22.470    
    SLICE_X33Y57         FDRE (Setup_fdre_C_R)       -0.429    22.041    design_1_i/axi_dma_0/U0/I_PRMRY_DATAMOVER/GEN_S2MM_FULL.I_S2MM_FULL_WRAPPER/I_CMD_STATUS/I_CMD_FIFO/USE_SINGLE_REG.sig_regfifo_dout_reg_reg[58]
  -------------------------------------------------------------------
                         required time                         22.041    
                         arrival time                         -13.620    
  -------------------------------------------------------------------
                         slack                                  8.421    

Slack (MET) :             8.421ns  (required time - arrival time)
  Source:                 design_1_i/axi_dma_0/U0/I_PRMRY_DATAMOVER/GEN_S2MM_FULL.I_S2MM_FULL_WRAPPER/I_RESET/sig_cmd_stat_rst_user_reg_n_cdc_from_reg/C
                            (rising edge-triggered cell FDRE clocked by clk_fpga_0  {rise@0.000ns fall@10.000ns period=20.000ns})
  Destination:            design_1_i/axi_dma_0/U0/I_PRMRY_DATAMOVER/GEN_S2MM_FULL.I_S2MM_FULL_WRAPPER/I_CMD_STATUS/I_CMD_FIFO/USE_SINGLE_REG.sig_regfifo_dout_reg_reg[59]/R
                            (rising edge-triggered cell FDRE clocked by clk_fpga_0  {rise@0.000ns fall@10.000ns period=20.000ns})
  Path Group:             clk_fpga_0
  Path Type:              Setup (Max at Slow Process Corner)
  Requirement:            20.000ns  (clk_fpga_0 rise@20.000ns - clk_fpga_0 rise@0.000ns)
  Data Path Delay:        10.657ns  (logic 0.718ns (6.737%)  route 9.939ns (93.263%))
  Logic Levels:           1  (LUT1=1)
  Clock Path Skew:        -0.191ns (DCD - SCD + CPR)
    Destination Clock Delay (DCD):    2.657ns = ( 22.657 - 20.000 ) 
    Source Clock Delay      (SCD):    2.963ns
    Clock Pessimism Removal (CPR):    0.115ns
  Clock Uncertainty:      0.302ns  ((TSJ^2 + TIJ^2)^1/2 + DJ) / 2 + PE
    Total System Jitter     (TSJ):    0.071ns
    Total Input Jitter      (TIJ):    0.600ns
    Discrete Jitter          (DJ):    0.000ns
    Phase Error              (PE):    0.000ns

    Location             Delay type                Incr(ns)  Path(ns)    Netlist Resource(s)
  -------------------------------------------------------------------    -------------------
                         (clock clk_fpga_0 rise edge)
                                                      0.000     0.000 r  
    PS7_X0Y0             PS7                          0.000     0.000 r  design_1_i/processing_system7_0/inst/PS7_i/FCLKCLK[0]
                         net (fo=1, routed)           1.193     1.193    design_1_i/processing_system7_0/inst/FCLK_CLK_unbuffered[0]
    BUFGCTRL_X0Y16       BUFG (Prop_bufg_I_O)         0.101     1.294 r  design_1_i/processing_system7_0/inst/buffer_fclk_clk_0.FCLK_CLK_0_BUFG/O
                         net (fo=4892, routed)        1.669     2.963    design_1_i/axi_dma_0/U0/I_PRMRY_DATAMOVER/GEN_S2MM_FULL.I_S2MM_FULL_WRAPPER/I_RESET/m_axi_s2mm_aclk
    SLICE_X39Y45         FDRE                                         r  design_1_i/axi_dma_0/U0/I_PRMRY_DATAMOVER/GEN_S2MM_FULL.I_S2MM_FULL_WRAPPER/I_RESET/sig_cmd_stat_rst_user_reg_n_cdc_from_reg/C
  -------------------------------------------------------------------    -------------------
    SLICE_X39Y45         FDRE (Prop_fdre_C_Q)         0.419     3.382 f  design_1_i/axi_dma_0/U0/I_PRMRY_DATAMOVER/GEN_S2MM_FULL.I_S2MM_FULL_WRAPPER/I_RESET/sig_cmd_stat_rst_user_reg_n_cdc_from_reg/Q
                         net (fo=48, routed)          4.044     7.426    design_1_i/axi_dma_0/U0/I_PRMRY_DATAMOVER/GEN_S2MM_FULL.I_S2MM_FULL_WRAPPER/I_RESET/sig_cmd_stat_rst_user_reg_n_cdc_from_reg_0
    SLICE_X2Y34          LUT1 (Prop_lut1_I0_O)        0.299     7.725 r  design_1_i/axi_dma_0/U0/I_PRMRY_DATAMOVER/GEN_S2MM_FULL.I_S2MM_FULL_WRAPPER/I_RESET/sig_strb_reg_out[7]_i_1/O
                         net (fo=468, routed)         5.895    13.620    design_1_i/axi_dma_0/U0/I_PRMRY_DATAMOVER/GEN_S2MM_FULL.I_S2MM_FULL_WRAPPER/I_CMD_STATUS/I_CMD_FIFO/sig_stream_rst
    SLICE_X33Y57         FDRE                                         r  design_1_i/axi_dma_0/U0/I_PRMRY_DATAMOVER/GEN_S2MM_FULL.I_S2MM_FULL_WRAPPER/I_CMD_STATUS/I_CMD_FIFO/USE_SINGLE_REG.sig_regfifo_dout_reg_reg[59]/R
  -------------------------------------------------------------------    -------------------

                         (clock clk_fpga_0 rise edge)
                                                     20.000    20.000 r  
    PS7_X0Y0             PS7                          0.000    20.000 r  design_1_i/processing_system7_0/inst/PS7_i/FCLKCLK[0]
                         net (fo=1, routed)           1.088    21.088    design_1_i/processing_system7_0/inst/FCLK_CLK_unbuffered[0]
    BUFGCTRL_X0Y16       BUFG (Prop_bufg_I_O)         0.091    21.179 r  design_1_i/processing_system7_0/inst/buffer_fclk_clk_0.FCLK_CLK_0_BUFG/O
                         net (fo=4892, routed)        1.478    22.657    design_1_i/axi_dma_0/U0/I_PRMRY_DATAMOVER/GEN_S2MM_FULL.I_S2MM_FULL_WRAPPER/I_CMD_STATUS/I_CMD_FIFO/m_axi_s2mm_aclk
    SLICE_X33Y57         FDRE                                         r  design_1_i/axi_dma_0/U0/I_PRMRY_DATAMOVER/GEN_S2MM_FULL.I_S2MM_FULL_WRAPPER/I_CMD_STATUS/I_CMD_FIFO/USE_SINGLE_REG.sig_regfifo_dout_reg_reg[59]/C
                         clock pessimism              0.115    22.772    
                         clock uncertainty           -0.302    22.470    
    SLICE_X33Y57         FDRE (Setup_fdre_C_R)       -0.429    22.041    design_1_i/axi_dma_0/U0/I_PRMRY_DATAMOVER/GEN_S2MM_FULL.I_S2MM_FULL_WRAPPER/I_CMD_STATUS/I_CMD_FIFO/USE_SINGLE_REG.sig_regfifo_dout_reg_reg[59]
  -------------------------------------------------------------------
                         required time                         22.041    
                         arrival time                         -13.620    
  -------------------------------------------------------------------
                         slack                                  8.421    

Slack (MET) :             8.421ns  (required time - arrival time)
  Source:                 design_1_i/axi_dma_0/U0/I_PRMRY_DATAMOVER/GEN_S2MM_FULL.I_S2MM_FULL_WRAPPER/I_RESET/sig_cmd_stat_rst_user_reg_n_cdc_from_reg/C
                            (rising edge-triggered cell FDRE clocked by clk_fpga_0  {rise@0.000ns fall@10.000ns period=20.000ns})
  Destination:            design_1_i/axi_dma_0/U0/I_PRMRY_DATAMOVER/GEN_S2MM_FULL.I_S2MM_FULL_WRAPPER/I_CMD_STATUS/I_CMD_FIFO/USE_SINGLE_REG.sig_regfifo_dout_reg_reg[60]/R
                            (rising edge-triggered cell FDRE clocked by clk_fpga_0  {rise@0.000ns fall@10.000ns period=20.000ns})
  Path Group:             clk_fpga_0
  Path Type:              Setup (Max at Slow Process Corner)
  Requirement:            20.000ns  (clk_fpga_0 rise@20.000ns - clk_fpga_0 rise@0.000ns)
  Data Path Delay:        10.657ns  (logic 0.718ns (6.737%)  route 9.939ns (93.263%))
  Logic Levels:           1  (LUT1=1)
  Clock Path Skew:        -0.191ns (DCD - SCD + CPR)
    Destination Clock Delay (DCD):    2.657ns = ( 22.657 - 20.000 ) 
    Source Clock Delay      (SCD):    2.963ns
    Clock Pessimism Removal (CPR):    0.115ns
  Clock Uncertainty:      0.302ns  ((TSJ^2 + TIJ^2)^1/2 + DJ) / 2 + PE
    Total System Jitter     (TSJ):    0.071ns
    Total Input Jitter      (TIJ):    0.600ns
    Discrete Jitter          (DJ):    0.000ns
    Phase Error              (PE):    0.000ns

    Location             Delay type                Incr(ns)  Path(ns)    Netlist Resource(s)
  -------------------------------------------------------------------    -------------------
                         (clock clk_fpga_0 rise edge)
                                                      0.000     0.000 r  
    PS7_X0Y0             PS7                          0.000     0.000 r  design_1_i/processing_system7_0/inst/PS7_i/FCLKCLK[0]
                         net (fo=1, routed)           1.193     1.193    design_1_i/processing_system7_0/inst/FCLK_CLK_unbuffered[0]
    BUFGCTRL_X0Y16       BUFG (Prop_bufg_I_O)         0.101     1.294 r  design_1_i/processing_system7_0/inst/buffer_fclk_clk_0.FCLK_CLK_0_BUFG/O
                         net (fo=4892, routed)        1.669     2.963    design_1_i/axi_dma_0/U0/I_PRMRY_DATAMOVER/GEN_S2MM_FULL.I_S2MM_FULL_WRAPPER/I_RESET/m_axi_s2mm_aclk
    SLICE_X39Y45         FDRE                                         r  design_1_i/axi_dma_0/U0/I_PRMRY_DATAMOVER/GEN_S2MM_FULL.I_S2MM_FULL_WRAPPER/I_RESET/sig_cmd_stat_rst_user_reg_n_cdc_from_reg/C
  -------------------------------------------------------------------    -------------------
    SLICE_X39Y45         FDRE (Prop_fdre_C_Q)         0.419     3.382 f  design_1_i/axi_dma_0/U0/I_PRMRY_DATAMOVER/GEN_S2MM_FULL.I_S2MM_FULL_WRAPPER/I_RESET/sig_cmd_stat_rst_user_reg_n_cdc_from_reg/Q
                         net (fo=48, routed)          4.044     7.426    design_1_i/axi_dma_0/U0/I_PRMRY_DATAMOVER/GEN_S2MM_FULL.I_S2MM_FULL_WRAPPER/I_RESET/sig_cmd_stat_rst_user_reg_n_cdc_from_reg_0
    SLICE_X2Y34          LUT1 (Prop_lut1_I0_O)        0.299     7.725 r  design_1_i/axi_dma_0/U0/I_PRMRY_DATAMOVER/GEN_S2MM_FULL.I_S2MM_FULL_WRAPPER/I_RESET/sig_strb_reg_out[7]_i_1/O
                         net (fo=468, routed)         5.895    13.620    design_1_i/axi_dma_0/U0/I_PRMRY_DATAMOVER/GEN_S2MM_FULL.I_S2MM_FULL_WRAPPER/I_CMD_STATUS/I_CMD_FIFO/sig_stream_rst
    SLICE_X33Y57         FDRE                                         r  design_1_i/axi_dma_0/U0/I_PRMRY_DATAMOVER/GEN_S2MM_FULL.I_S2MM_FULL_WRAPPER/I_CMD_STATUS/I_CMD_FIFO/USE_SINGLE_REG.sig_regfifo_dout_reg_reg[60]/R
  -------------------------------------------------------------------    -------------------

                         (clock clk_fpga_0 rise edge)
                                                     20.000    20.000 r  
    PS7_X0Y0             PS7                          0.000    20.000 r  design_1_i/processing_system7_0/inst/PS7_i/FCLKCLK[0]
                         net (fo=1, routed)           1.088    21.088    design_1_i/processing_system7_0/inst/FCLK_CLK_unbuffered[0]
    BUFGCTRL_X0Y16       BUFG (Prop_bufg_I_O)         0.091    21.179 r  design_1_i/processing_system7_0/inst/buffer_fclk_clk_0.FCLK_CLK_0_BUFG/O
                         net (fo=4892, routed)        1.478    22.657    design_1_i/axi_dma_0/U0/I_PRMRY_DATAMOVER/GEN_S2MM_FULL.I_S2MM_FULL_WRAPPER/I_CMD_STATUS/I_CMD_FIFO/m_axi_s2mm_aclk
    SLICE_X33Y57         FDRE                                         r  design_1_i/axi_dma_0/U0/I_PRMRY_DATAMOVER/GEN_S2MM_FULL.I_S2MM_FULL_WRAPPER/I_CMD_STATUS/I_CMD_FIFO/USE_SINGLE_REG.sig_regfifo_dout_reg_reg[60]/C
                         clock pessimism              0.115    22.772    
                         clock uncertainty           -0.302    22.470    
    SLICE_X33Y57         FDRE (Setup_fdre_C_R)       -0.429    22.041    design_1_i/axi_dma_0/U0/I_PRMRY_DATAMOVER/GEN_S2MM_FULL.I_S2MM_FULL_WRAPPER/I_CMD_STATUS/I_CMD_FIFO/USE_SINGLE_REG.sig_regfifo_dout_reg_reg[60]
  -------------------------------------------------------------------
                         required time                         22.041    
                         arrival time                         -13.620    
  -------------------------------------------------------------------
                         slack                                  8.421    

Slack (MET) :             8.421ns  (required time - arrival time)
  Source:                 design_1_i/axi_dma_0/U0/I_PRMRY_DATAMOVER/GEN_S2MM_FULL.I_S2MM_FULL_WRAPPER/I_RESET/sig_cmd_stat_rst_user_reg_n_cdc_from_reg/C
                            (rising edge-triggered cell FDRE clocked by clk_fpga_0  {rise@0.000ns fall@10.000ns period=20.000ns})
  Destination:            design_1_i/axi_dma_0/U0/I_PRMRY_DATAMOVER/GEN_S2MM_FULL.I_S2MM_FULL_WRAPPER/I_CMD_STATUS/I_CMD_FIFO/USE_SINGLE_REG.sig_regfifo_dout_reg_reg[61]/R
                            (rising edge-triggered cell FDRE clocked by clk_fpga_0  {rise@0.000ns fall@10.000ns period=20.000ns})
  Path Group:             clk_fpga_0
  Path Type:              Setup (Max at Slow Process Corner)
  Requirement:            20.000ns  (clk_fpga_0 rise@20.000ns - clk_fpga_0 rise@0.000ns)
  Data Path Delay:        10.657ns  (logic 0.718ns (6.737%)  route 9.939ns (93.263%))
  Logic Levels:           1  (LUT1=1)
  Clock Path Skew:        -0.191ns (DCD - SCD + CPR)
    Destination Clock Delay (DCD):    2.657ns = ( 22.657 - 20.000 ) 
    Source Clock Delay      (SCD):    2.963ns
    Clock Pessimism Removal (CPR):    0.115ns
  Clock Uncertainty:      0.302ns  ((TSJ^2 + TIJ^2)^1/2 + DJ) / 2 + PE
    Total System Jitter     (TSJ):    0.071ns
    Total Input Jitter      (TIJ):    0.600ns
    Discrete Jitter          (DJ):    0.000ns
    Phase Error              (PE):    0.000ns

    Location             Delay type                Incr(ns)  Path(ns)    Netlist Resource(s)
  -------------------------------------------------------------------    -------------------
                         (clock clk_fpga_0 rise edge)
                                                      0.000     0.000 r  
    PS7_X0Y0             PS7                          0.000     0.000 r  design_1_i/processing_system7_0/inst/PS7_i/FCLKCLK[0]
                         net (fo=1, routed)           1.193     1.193    design_1_i/processing_system7_0/inst/FCLK_CLK_unbuffered[0]
    BUFGCTRL_X0Y16       BUFG (Prop_bufg_I_O)         0.101     1.294 r  design_1_i/processing_system7_0/inst/buffer_fclk_clk_0.FCLK_CLK_0_BUFG/O
                         net (fo=4892, routed)        1.669     2.963    design_1_i/axi_dma_0/U0/I_PRMRY_DATAMOVER/GEN_S2MM_FULL.I_S2MM_FULL_WRAPPER/I_RESET/m_axi_s2mm_aclk
    SLICE_X39Y45         FDRE                                         r  design_1_i/axi_dma_0/U0/I_PRMRY_DATAMOVER/GEN_S2MM_FULL.I_S2MM_FULL_WRAPPER/I_RESET/sig_cmd_stat_rst_user_reg_n_cdc_from_reg/C
  -------------------------------------------------------------------    -------------------
    SLICE_X39Y45         FDRE (Prop_fdre_C_Q)         0.419     3.382 f  design_1_i/axi_dma_0/U0/I_PRMRY_DATAMOVER/GEN_S2MM_FULL.I_S2MM_FULL_WRAPPER/I_RESET/sig_cmd_stat_rst_user_reg_n_cdc_from_reg/Q
                         net (fo=48, routed)          4.044     7.426    design_1_i/axi_dma_0/U0/I_PRMRY_DATAMOVER/GEN_S2MM_FULL.I_S2MM_FULL_WRAPPER/I_RESET/sig_cmd_stat_rst_user_reg_n_cdc_from_reg_0
    SLICE_X2Y34          LUT1 (Prop_lut1_I0_O)        0.299     7.725 r  design_1_i/axi_dma_0/U0/I_PRMRY_DATAMOVER/GEN_S2MM_FULL.I_S2MM_FULL_WRAPPER/I_RESET/sig_strb_reg_out[7]_i_1/O
                         net (fo=468, routed)         5.895    13.620    design_1_i/axi_dma_0/U0/I_PRMRY_DATAMOVER/GEN_S2MM_FULL.I_S2MM_FULL_WRAPPER/I_CMD_STATUS/I_CMD_FIFO/sig_stream_rst
    SLICE_X33Y57         FDRE                                         r  design_1_i/axi_dma_0/U0/I_PRMRY_DATAMOVER/GEN_S2MM_FULL.I_S2MM_FULL_WRAPPER/I_CMD_STATUS/I_CMD_FIFO/USE_SINGLE_REG.sig_regfifo_dout_reg_reg[61]/R
  -------------------------------------------------------------------    -------------------

                         (clock clk_fpga_0 rise edge)
                                                     20.000    20.000 r  
    PS7_X0Y0             PS7                          0.000    20.000 r  design_1_i/processing_system7_0/inst/PS7_i/FCLKCLK[0]
                         net (fo=1, routed)           1.088    21.088    design_1_i/processing_system7_0/inst/FCLK_CLK_unbuffered[0]
    BUFGCTRL_X0Y16       BUFG (Prop_bufg_I_O)         0.091    21.179 r  design_1_i/processing_system7_0/inst/buffer_fclk_clk_0.FCLK_CLK_0_BUFG/O
                         net (fo=4892, routed)        1.478    22.657    design_1_i/axi_dma_0/U0/I_PRMRY_DATAMOVER/GEN_S2MM_FULL.I_S2MM_FULL_WRAPPER/I_CMD_STATUS/I_CMD_FIFO/m_axi_s2mm_aclk
    SLICE_X33Y57         FDRE                                         r  design_1_i/axi_dma_0/U0/I_PRMRY_DATAMOVER/GEN_S2MM_FULL.I_S2MM_FULL_WRAPPER/I_CMD_STATUS/I_CMD_FIFO/USE_SINGLE_REG.sig_regfifo_dout_reg_reg[61]/C
                         clock pessimism              0.115    22.772    
                         clock uncertainty           -0.302    22.470    
    SLICE_X33Y57         FDRE (Setup_fdre_C_R)       -0.429    22.041    design_1_i/axi_dma_0/U0/I_PRMRY_DATAMOVER/GEN_S2MM_FULL.I_S2MM_FULL_WRAPPER/I_CMD_STATUS/I_CMD_FIFO/USE_SINGLE_REG.sig_regfifo_dout_reg_reg[61]
  -------------------------------------------------------------------
                         required time                         22.041    
                         arrival time                         -13.620    
  -------------------------------------------------------------------
                         slack                                  8.421    

Slack (MET) :             8.421ns  (required time - arrival time)
  Source:                 design_1_i/axi_dma_0/U0/I_PRMRY_DATAMOVER/GEN_S2MM_FULL.I_S2MM_FULL_WRAPPER/I_RESET/sig_cmd_stat_rst_user_reg_n_cdc_from_reg/C
                            (rising edge-triggered cell FDRE clocked by clk_fpga_0  {rise@0.000ns fall@10.000ns period=20.000ns})
  Destination:            design_1_i/axi_dma_0/U0/I_PRMRY_DATAMOVER/GEN_S2MM_FULL.I_S2MM_FULL_WRAPPER/I_CMD_STATUS/I_CMD_FIFO/USE_SINGLE_REG.sig_regfifo_dout_reg_reg[62]/R
                            (rising edge-triggered cell FDRE clocked by clk_fpga_0  {rise@0.000ns fall@10.000ns period=20.000ns})
  Path Group:             clk_fpga_0
  Path Type:              Setup (Max at Slow Process Corner)
  Requirement:            20.000ns  (clk_fpga_0 rise@20.000ns - clk_fpga_0 rise@0.000ns)
  Data Path Delay:        10.657ns  (logic 0.718ns (6.737%)  route 9.939ns (93.263%))
  Logic Levels:           1  (LUT1=1)
  Clock Path Skew:        -0.191ns (DCD - SCD + CPR)
    Destination Clock Delay (DCD):    2.657ns = ( 22.657 - 20.000 ) 
    Source Clock Delay      (SCD):    2.963ns
    Clock Pessimism Removal (CPR):    0.115ns
  Clock Uncertainty:      0.302ns  ((TSJ^2 + TIJ^2)^1/2 + DJ) / 2 + PE
    Total System Jitter     (TSJ):    0.071ns
    Total Input Jitter      (TIJ):    0.600ns
    Discrete Jitter          (DJ):    0.000ns
    Phase Error              (PE):    0.000ns

    Location             Delay type                Incr(ns)  Path(ns)    Netlist Resource(s)
  -------------------------------------------------------------------    -------------------
                         (clock clk_fpga_0 rise edge)
                                                      0.000     0.000 r  
    PS7_X0Y0             PS7                          0.000     0.000 r  design_1_i/processing_system7_0/inst/PS7_i/FCLKCLK[0]
                         net (fo=1, routed)           1.193     1.193    design_1_i/processing_system7_0/inst/FCLK_CLK_unbuffered[0]
    BUFGCTRL_X0Y16       BUFG (Prop_bufg_I_O)         0.101     1.294 r  design_1_i/processing_system7_0/inst/buffer_fclk_clk_0.FCLK_CLK_0_BUFG/O
                         net (fo=4892, routed)        1.669     2.963    design_1_i/axi_dma_0/U0/I_PRMRY_DATAMOVER/GEN_S2MM_FULL.I_S2MM_FULL_WRAPPER/I_RESET/m_axi_s2mm_aclk
    SLICE_X39Y45         FDRE                                         r  design_1_i/axi_dma_0/U0/I_PRMRY_DATAMOVER/GEN_S2MM_FULL.I_S2MM_FULL_WRAPPER/I_RESET/sig_cmd_stat_rst_user_reg_n_cdc_from_reg/C
  -------------------------------------------------------------------    -------------------
    SLICE_X39Y45         FDRE (Prop_fdre_C_Q)         0.419     3.382 f  design_1_i/axi_dma_0/U0/I_PRMRY_DATAMOVER/GEN_S2MM_FULL.I_S2MM_FULL_WRAPPER/I_RESET/sig_cmd_stat_rst_user_reg_n_cdc_from_reg/Q
                         net (fo=48, routed)          4.044     7.426    design_1_i/axi_dma_0/U0/I_PRMRY_DATAMOVER/GEN_S2MM_FULL.I_S2MM_FULL_WRAPPER/I_RESET/sig_cmd_stat_rst_user_reg_n_cdc_from_reg_0
    SLICE_X2Y34          LUT1 (Prop_lut1_I0_O)        0.299     7.725 r  design_1_i/axi_dma_0/U0/I_PRMRY_DATAMOVER/GEN_S2MM_FULL.I_S2MM_FULL_WRAPPER/I_RESET/sig_strb_reg_out[7]_i_1/O
                         net (fo=468, routed)         5.895    13.620    design_1_i/axi_dma_0/U0/I_PRMRY_DATAMOVER/GEN_S2MM_FULL.I_S2MM_FULL_WRAPPER/I_CMD_STATUS/I_CMD_FIFO/sig_stream_rst
    SLICE_X33Y57         FDRE                                         r  design_1_i/axi_dma_0/U0/I_PRMRY_DATAMOVER/GEN_S2MM_FULL.I_S2MM_FULL_WRAPPER/I_CMD_STATUS/I_CMD_FIFO/USE_SINGLE_REG.sig_regfifo_dout_reg_reg[62]/R
  -------------------------------------------------------------------    -------------------

                         (clock clk_fpga_0 rise edge)
                                                     20.000    20.000 r  
    PS7_X0Y0             PS7                          0.000    20.000 r  design_1_i/processing_system7_0/inst/PS7_i/FCLKCLK[0]
                         net (fo=1, routed)           1.088    21.088    design_1_i/processing_system7_0/inst/FCLK_CLK_unbuffered[0]
    BUFGCTRL_X0Y16       BUFG (Prop_bufg_I_O)         0.091    21.179 r  design_1_i/processing_system7_0/inst/buffer_fclk_clk_0.FCLK_CLK_0_BUFG/O
                         net (fo=4892, routed)        1.478    22.657    design_1_i/axi_dma_0/U0/I_PRMRY_DATAMOVER/GEN_S2MM_FULL.I_S2MM_FULL_WRAPPER/I_CMD_STATUS/I_CMD_FIFO/m_axi_s2mm_aclk
    SLICE_X33Y57         FDRE                                         r  design_1_i/axi_dma_0/U0/I_PRMRY_DATAMOVER/GEN_S2MM_FULL.I_S2MM_FULL_WRAPPER/I_CMD_STATUS/I_CMD_FIFO/USE_SINGLE_REG.sig_regfifo_dout_reg_reg[62]/C
                         clock pessimism              0.115    22.772    
                         clock uncertainty           -0.302    22.470    
    SLICE_X33Y57         FDRE (Setup_fdre_C_R)       -0.429    22.041    design_1_i/axi_dma_0/U0/I_PRMRY_DATAMOVER/GEN_S2MM_FULL.I_S2MM_FULL_WRAPPER/I_CMD_STATUS/I_CMD_FIFO/USE_SINGLE_REG.sig_regfifo_dout_reg_reg[62]
  -------------------------------------------------------------------
                         required time                         22.041    
                         arrival time                         -13.620    
  -------------------------------------------------------------------
                         slack                                  8.421    

Slack (MET) :             8.421ns  (required time - arrival time)
  Source:                 design_1_i/axi_dma_0/U0/I_PRMRY_DATAMOVER/GEN_S2MM_FULL.I_S2MM_FULL_WRAPPER/I_RESET/sig_cmd_stat_rst_user_reg_n_cdc_from_reg/C
                            (rising edge-triggered cell FDRE clocked by clk_fpga_0  {rise@0.000ns fall@10.000ns period=20.000ns})
  Destination:            design_1_i/axi_dma_0/U0/I_PRMRY_DATAMOVER/GEN_S2MM_FULL.I_S2MM_FULL_WRAPPER/I_CMD_STATUS/I_CMD_FIFO/USE_SINGLE_REG.sig_regfifo_dout_reg_reg[63]/R
                            (rising edge-triggered cell FDRE clocked by clk_fpga_0  {rise@0.000ns fall@10.000ns period=20.000ns})
  Path Group:             clk_fpga_0
  Path Type:              Setup (Max at Slow Process Corner)
  Requirement:            20.000ns  (clk_fpga_0 rise@20.000ns - clk_fpga_0 rise@0.000ns)
  Data Path Delay:        10.657ns  (logic 0.718ns (6.737%)  route 9.939ns (93.263%))
  Logic Levels:           1  (LUT1=1)
  Clock Path Skew:        -0.191ns (DCD - SCD + CPR)
    Destination Clock Delay (DCD):    2.657ns = ( 22.657 - 20.000 ) 
    Source Clock Delay      (SCD):    2.963ns
    Clock Pessimism Removal (CPR):    0.115ns
  Clock Uncertainty:      0.302ns  ((TSJ^2 + TIJ^2)^1/2 + DJ) / 2 + PE
    Total System Jitter     (TSJ):    0.071ns
    Total Input Jitter      (TIJ):    0.600ns
    Discrete Jitter          (DJ):    0.000ns
    Phase Error              (PE):    0.000ns

    Location             Delay type                Incr(ns)  Path(ns)    Netlist Resource(s)
  -------------------------------------------------------------------    -------------------
                         (clock clk_fpga_0 rise edge)
                                                      0.000     0.000 r  
    PS7_X0Y0             PS7                          0.000     0.000 r  design_1_i/processing_system7_0/inst/PS7_i/FCLKCLK[0]
                         net (fo=1, routed)           1.193     1.193    design_1_i/processing_system7_0/inst/FCLK_CLK_unbuffered[0]
    BUFGCTRL_X0Y16       BUFG (Prop_bufg_I_O)         0.101     1.294 r  design_1_i/processing_system7_0/inst/buffer_fclk_clk_0.FCLK_CLK_0_BUFG/O
                         net (fo=4892, routed)        1.669     2.963    design_1_i/axi_dma_0/U0/I_PRMRY_DATAMOVER/GEN_S2MM_FULL.I_S2MM_FULL_WRAPPER/I_RESET/m_axi_s2mm_aclk
    SLICE_X39Y45         FDRE                                         r  design_1_i/axi_dma_0/U0/I_PRMRY_DATAMOVER/GEN_S2MM_FULL.I_S2MM_FULL_WRAPPER/I_RESET/sig_cmd_stat_rst_user_reg_n_cdc_from_reg/C
  -------------------------------------------------------------------    -------------------
    SLICE_X39Y45         FDRE (Prop_fdre_C_Q)         0.419     3.382 f  design_1_i/axi_dma_0/U0/I_PRMRY_DATAMOVER/GEN_S2MM_FULL.I_S2MM_FULL_WRAPPER/I_RESET/sig_cmd_stat_rst_user_reg_n_cdc_from_reg/Q
                         net (fo=48, routed)          4.044     7.426    design_1_i/axi_dma_0/U0/I_PRMRY_DATAMOVER/GEN_S2MM_FULL.I_S2MM_FULL_WRAPPER/I_RESET/sig_cmd_stat_rst_user_reg_n_cdc_from_reg_0
    SLICE_X2Y34          LUT1 (Prop_lut1_I0_O)        0.299     7.725 r  design_1_i/axi_dma_0/U0/I_PRMRY_DATAMOVER/GEN_S2MM_FULL.I_S2MM_FULL_WRAPPER/I_RESET/sig_strb_reg_out[7]_i_1/O
                         net (fo=468, routed)         5.895    13.620    design_1_i/axi_dma_0/U0/I_PRMRY_DATAMOVER/GEN_S2MM_FULL.I_S2MM_FULL_WRAPPER/I_CMD_STATUS/I_CMD_FIFO/sig_stream_rst
    SLICE_X33Y57         FDRE                                         r  design_1_i/axi_dma_0/U0/I_PRMRY_DATAMOVER/GEN_S2MM_FULL.I_S2MM_FULL_WRAPPER/I_CMD_STATUS/I_CMD_FIFO/USE_SINGLE_REG.sig_regfifo_dout_reg_reg[63]/R
  -------------------------------------------------------------------    -------------------

                         (clock clk_fpga_0 rise edge)
                                                     20.000    20.000 r  
    PS7_X0Y0             PS7                          0.000    20.000 r  design_1_i/processing_system7_0/inst/PS7_i/FCLKCLK[0]
                         net (fo=1, routed)           1.088    21.088    design_1_i/processing_system7_0/inst/FCLK_CLK_unbuffered[0]
    BUFGCTRL_X0Y16       BUFG (Prop_bufg_I_O)         0.091    21.179 r  design_1_i/processing_system7_0/inst/buffer_fclk_clk_0.FCLK_CLK_0_BUFG/O
                         net (fo=4892, routed)        1.478    22.657    design_1_i/axi_dma_0/U0/I_PRMRY_DATAMOVER/GEN_S2MM_FULL.I_S2MM_FULL_WRAPPER/I_CMD_STATUS/I_CMD_FIFO/m_axi_s2mm_aclk
    SLICE_X33Y57         FDRE                                         r  design_1_i/axi_dma_0/U0/I_PRMRY_DATAMOVER/GEN_S2MM_FULL.I_S2MM_FULL_WRAPPER/I_CMD_STATUS/I_CMD_FIFO/USE_SINGLE_REG.sig_regfifo_dout_reg_reg[63]/C
                         clock pessimism              0.115    22.772    
                         clock uncertainty           -0.302    22.470    
    SLICE_X33Y57         FDRE (Setup_fdre_C_R)       -0.429    22.041    design_1_i/axi_dma_0/U0/I_PRMRY_DATAMOVER/GEN_S2MM_FULL.I_S2MM_FULL_WRAPPER/I_CMD_STATUS/I_CMD_FIFO/USE_SINGLE_REG.sig_regfifo_dout_reg_reg[63]
  -------------------------------------------------------------------
                         required time                         22.041    
                         arrival time                         -13.620    
  -------------------------------------------------------------------
                         slack                                  8.421    

Slack (MET) :             8.421ns  (required time - arrival time)
  Source:                 design_1_i/axi_dma_0/U0/I_PRMRY_DATAMOVER/GEN_S2MM_FULL.I_S2MM_FULL_WRAPPER/I_RESET/sig_cmd_stat_rst_user_reg_n_cdc_from_reg/C
                            (rising edge-triggered cell FDRE clocked by clk_fpga_0  {rise@0.000ns fall@10.000ns period=20.000ns})
  Destination:            design_1_i/axi_dma_0/U0/I_PRMRY_DATAMOVER/GEN_S2MM_FULL.I_S2MM_FULL_WRAPPER/I_CMD_STATUS/I_CMD_FIFO/USE_SINGLE_REG.sig_regfifo_dout_reg_reg[64]/R
                            (rising edge-triggered cell FDRE clocked by clk_fpga_0  {rise@0.000ns fall@10.000ns period=20.000ns})
  Path Group:             clk_fpga_0
  Path Type:              Setup (Max at Slow Process Corner)
  Requirement:            20.000ns  (clk_fpga_0 rise@20.000ns - clk_fpga_0 rise@0.000ns)
  Data Path Delay:        10.657ns  (logic 0.718ns (6.737%)  route 9.939ns (93.263%))
  Logic Levels:           1  (LUT1=1)
  Clock Path Skew:        -0.191ns (DCD - SCD + CPR)
    Destination Clock Delay (DCD):    2.657ns = ( 22.657 - 20.000 ) 
    Source Clock Delay      (SCD):    2.963ns
    Clock Pessimism Removal (CPR):    0.115ns
  Clock Uncertainty:      0.302ns  ((TSJ^2 + TIJ^2)^1/2 + DJ) / 2 + PE
    Total System Jitter     (TSJ):    0.071ns
    Total Input Jitter      (TIJ):    0.600ns
    Discrete Jitter          (DJ):    0.000ns
    Phase Error              (PE):    0.000ns

    Location             Delay type                Incr(ns)  Path(ns)    Netlist Resource(s)
  -------------------------------------------------------------------    -------------------
                         (clock clk_fpga_0 rise edge)
                                                      0.000     0.000 r  
    PS7_X0Y0             PS7                          0.000     0.000 r  design_1_i/processing_system7_0/inst/PS7_i/FCLKCLK[0]
                         net (fo=1, routed)           1.193     1.193    design_1_i/processing_system7_0/inst/FCLK_CLK_unbuffered[0]
    BUFGCTRL_X0Y16       BUFG (Prop_bufg_I_O)         0.101     1.294 r  design_1_i/processing_system7_0/inst/buffer_fclk_clk_0.FCLK_CLK_0_BUFG/O
                         net (fo=4892, routed)        1.669     2.963    design_1_i/axi_dma_0/U0/I_PRMRY_DATAMOVER/GEN_S2MM_FULL.I_S2MM_FULL_WRAPPER/I_RESET/m_axi_s2mm_aclk
    SLICE_X39Y45         FDRE                                         r  design_1_i/axi_dma_0/U0/I_PRMRY_DATAMOVER/GEN_S2MM_FULL.I_S2MM_FULL_WRAPPER/I_RESET/sig_cmd_stat_rst_user_reg_n_cdc_from_reg/C
  -------------------------------------------------------------------    -------------------
    SLICE_X39Y45         FDRE (Prop_fdre_C_Q)         0.419     3.382 f  design_1_i/axi_dma_0/U0/I_PRMRY_DATAMOVER/GEN_S2MM_FULL.I_S2MM_FULL_WRAPPER/I_RESET/sig_cmd_stat_rst_user_reg_n_cdc_from_reg/Q
                         net (fo=48, routed)          4.044     7.426    design_1_i/axi_dma_0/U0/I_PRMRY_DATAMOVER/GEN_S2MM_FULL.I_S2MM_FULL_WRAPPER/I_RESET/sig_cmd_stat_rst_user_reg_n_cdc_from_reg_0
    SLICE_X2Y34          LUT1 (Prop_lut1_I0_O)        0.299     7.725 r  design_1_i/axi_dma_0/U0/I_PRMRY_DATAMOVER/GEN_S2MM_FULL.I_S2MM_FULL_WRAPPER/I_RESET/sig_strb_reg_out[7]_i_1/O
                         net (fo=468, routed)         5.895    13.620    design_1_i/axi_dma_0/U0/I_PRMRY_DATAMOVER/GEN_S2MM_FULL.I_S2MM_FULL_WRAPPER/I_CMD_STATUS/I_CMD_FIFO/sig_stream_rst
    SLICE_X33Y57         FDRE                                         r  design_1_i/axi_dma_0/U0/I_PRMRY_DATAMOVER/GEN_S2MM_FULL.I_S2MM_FULL_WRAPPER/I_CMD_STATUS/I_CMD_FIFO/USE_SINGLE_REG.sig_regfifo_dout_reg_reg[64]/R
  -------------------------------------------------------------------    -------------------

                         (clock clk_fpga_0 rise edge)
                                                     20.000    20.000 r  
    PS7_X0Y0             PS7                          0.000    20.000 r  design_1_i/processing_system7_0/inst/PS7_i/FCLKCLK[0]
                         net (fo=1, routed)           1.088    21.088    design_1_i/processing_system7_0/inst/FCLK_CLK_unbuffered[0]
    BUFGCTRL_X0Y16       BUFG (Prop_bufg_I_O)         0.091    21.179 r  design_1_i/processing_system7_0/inst/buffer_fclk_clk_0.FCLK_CLK_0_BUFG/O
                         net (fo=4892, routed)        1.478    22.657    design_1_i/axi_dma_0/U0/I_PRMRY_DATAMOVER/GEN_S2MM_FULL.I_S2MM_FULL_WRAPPER/I_CMD_STATUS/I_CMD_FIFO/m_axi_s2mm_aclk
    SLICE_X33Y57         FDRE                                         r  design_1_i/axi_dma_0/U0/I_PRMRY_DATAMOVER/GEN_S2MM_FULL.I_S2MM_FULL_WRAPPER/I_CMD_STATUS/I_CMD_FIFO/USE_SINGLE_REG.sig_regfifo_dout_reg_reg[64]/C
                         clock pessimism              0.115    22.772    
                         clock uncertainty           -0.302    22.470    
    SLICE_X33Y57         FDRE (Setup_fdre_C_R)       -0.429    22.041    design_1_i/axi_dma_0/U0/I_PRMRY_DATAMOVER/GEN_S2MM_FULL.I_S2MM_FULL_WRAPPER/I_CMD_STATUS/I_CMD_FIFO/USE_SINGLE_REG.sig_regfifo_dout_reg_reg[64]
  -------------------------------------------------------------------
                         required time                         22.041    
                         arrival time                         -13.620    
  -------------------------------------------------------------------
                         slack                                  8.421    

Slack (MET) :             8.421ns  (required time - arrival time)
  Source:                 design_1_i/axi_dma_0/U0/I_PRMRY_DATAMOVER/GEN_S2MM_FULL.I_S2MM_FULL_WRAPPER/I_RESET/sig_cmd_stat_rst_user_reg_n_cdc_from_reg/C
                            (rising edge-triggered cell FDRE clocked by clk_fpga_0  {rise@0.000ns fall@10.000ns period=20.000ns})
  Destination:            design_1_i/axi_dma_0/U0/I_PRMRY_DATAMOVER/GEN_S2MM_FULL.I_S2MM_FULL_WRAPPER/I_CMD_STATUS/I_CMD_FIFO/USE_SINGLE_REG.sig_regfifo_dout_reg_reg[65]/R
                            (rising edge-triggered cell FDRE clocked by clk_fpga_0  {rise@0.000ns fall@10.000ns period=20.000ns})
  Path Group:             clk_fpga_0
  Path Type:              Setup (Max at Slow Process Corner)
  Requirement:            20.000ns  (clk_fpga_0 rise@20.000ns - clk_fpga_0 rise@0.000ns)
  Data Path Delay:        10.657ns  (logic 0.718ns (6.737%)  route 9.939ns (93.263%))
  Logic Levels:           1  (LUT1=1)
  Clock Path Skew:        -0.191ns (DCD - SCD + CPR)
    Destination Clock Delay (DCD):    2.657ns = ( 22.657 - 20.000 ) 
    Source Clock Delay      (SCD):    2.963ns
    Clock Pessimism Removal (CPR):    0.115ns
  Clock Uncertainty:      0.302ns  ((TSJ^2 + TIJ^2)^1/2 + DJ) / 2 + PE
    Total System Jitter     (TSJ):    0.071ns
    Total Input Jitter      (TIJ):    0.600ns
    Discrete Jitter          (DJ):    0.000ns
    Phase Error              (PE):    0.000ns

    Location             Delay type                Incr(ns)  Path(ns)    Netlist Resource(s)
  -------------------------------------------------------------------    -------------------
                         (clock clk_fpga_0 rise edge)
                                                      0.000     0.000 r  
    PS7_X0Y0             PS7                          0.000     0.000 r  design_1_i/processing_system7_0/inst/PS7_i/FCLKCLK[0]
                         net (fo=1, routed)           1.193     1.193    design_1_i/processing_system7_0/inst/FCLK_CLK_unbuffered[0]
    BUFGCTRL_X0Y16       BUFG (Prop_bufg_I_O)         0.101     1.294 r  design_1_i/processing_system7_0/inst/buffer_fclk_clk_0.FCLK_CLK_0_BUFG/O
                         net (fo=4892, routed)        1.669     2.963    design_1_i/axi_dma_0/U0/I_PRMRY_DATAMOVER/GEN_S2MM_FULL.I_S2MM_FULL_WRAPPER/I_RESET/m_axi_s2mm_aclk
    SLICE_X39Y45         FDRE                                         r  design_1_i/axi_dma_0/U0/I_PRMRY_DATAMOVER/GEN_S2MM_FULL.I_S2MM_FULL_WRAPPER/I_RESET/sig_cmd_stat_rst_user_reg_n_cdc_from_reg/C
  -------------------------------------------------------------------    -------------------
    SLICE_X39Y45         FDRE (Prop_fdre_C_Q)         0.419     3.382 f  design_1_i/axi_dma_0/U0/I_PRMRY_DATAMOVER/GEN_S2MM_FULL.I_S2MM_FULL_WRAPPER/I_RESET/sig_cmd_stat_rst_user_reg_n_cdc_from_reg/Q
                         net (fo=48, routed)          4.044     7.426    design_1_i/axi_dma_0/U0/I_PRMRY_DATAMOVER/GEN_S2MM_FULL.I_S2MM_FULL_WRAPPER/I_RESET/sig_cmd_stat_rst_user_reg_n_cdc_from_reg_0
    SLICE_X2Y34          LUT1 (Prop_lut1_I0_O)        0.299     7.725 r  design_1_i/axi_dma_0/U0/I_PRMRY_DATAMOVER/GEN_S2MM_FULL.I_S2MM_FULL_WRAPPER/I_RESET/sig_strb_reg_out[7]_i_1/O
                         net (fo=468, routed)         5.895    13.620    design_1_i/axi_dma_0/U0/I_PRMRY_DATAMOVER/GEN_S2MM_FULL.I_S2MM_FULL_WRAPPER/I_CMD_STATUS/I_CMD_FIFO/sig_stream_rst
    SLICE_X33Y57         FDRE                                         r  design_1_i/axi_dma_0/U0/I_PRMRY_DATAMOVER/GEN_S2MM_FULL.I_S2MM_FULL_WRAPPER/I_CMD_STATUS/I_CMD_FIFO/USE_SINGLE_REG.sig_regfifo_dout_reg_reg[65]/R
  -------------------------------------------------------------------    -------------------

                         (clock clk_fpga_0 rise edge)
                                                     20.000    20.000 r  
    PS7_X0Y0             PS7                          0.000    20.000 r  design_1_i/processing_system7_0/inst/PS7_i/FCLKCLK[0]
                         net (fo=1, routed)           1.088    21.088    design_1_i/processing_system7_0/inst/FCLK_CLK_unbuffered[0]
    BUFGCTRL_X0Y16       BUFG (Prop_bufg_I_O)         0.091    21.179 r  design_1_i/processing_system7_0/inst/buffer_fclk_clk_0.FCLK_CLK_0_BUFG/O
                         net (fo=4892, routed)        1.478    22.657    design_1_i/axi_dma_0/U0/I_PRMRY_DATAMOVER/GEN_S2MM_FULL.I_S2MM_FULL_WRAPPER/I_CMD_STATUS/I_CMD_FIFO/m_axi_s2mm_aclk
    SLICE_X33Y57         FDRE                                         r  design_1_i/axi_dma_0/U0/I_PRMRY_DATAMOVER/GEN_S2MM_FULL.I_S2MM_FULL_WRAPPER/I_CMD_STATUS/I_CMD_FIFO/USE_SINGLE_REG.sig_regfifo_dout_reg_reg[65]/C
                         clock pessimism              0.115    22.772    
                         clock uncertainty           -0.302    22.470    
    SLICE_X33Y57         FDRE (Setup_fdre_C_R)       -0.429    22.041    design_1_i/axi_dma_0/U0/I_PRMRY_DATAMOVER/GEN_S2MM_FULL.I_S2MM_FULL_WRAPPER/I_CMD_STATUS/I_CMD_FIFO/USE_SINGLE_REG.sig_regfifo_dout_reg_reg[65]
  -------------------------------------------------------------------
                         required time                         22.041    
                         arrival time                         -13.620    
  -------------------------------------------------------------------
                         slack                                  8.421    

Slack (MET) :             8.801ns  (required time - arrival time)
  Source:                 design_1_i/axi_dma_0/U0/I_PRMRY_DATAMOVER/GEN_S2MM_FULL.I_S2MM_FULL_WRAPPER/I_S2MM_MMAP_SKID_BUF/sig_m_valid_out_reg/C
                            (rising edge-triggered cell FDRE clocked by clk_fpga_0  {rise@0.000ns fall@10.000ns period=20.000ns})
  Destination:            design_1_i/axi_mem_intercon/s01_couplers/auto_us/inst/gen_upsizer.gen_full_upsizer.axi_upsizer_inst/USE_WRITE.gen_non_fifo_w_upsizer.write_data_inst/WORD_LANE[1].USE_ALWAYS_PACKER.BYTE_LANE[0].USE_RTL_DATA.USE_REGISTER.M_AXI_WDATA_I_reg[33]/CE
                            (rising edge-triggered cell FDRE clocked by clk_fpga_0  {rise@0.000ns fall@10.000ns period=20.000ns})
  Path Group:             clk_fpga_0
  Path Type:              Setup (Max at Slow Process Corner)
  Requirement:            20.000ns  (clk_fpga_0 rise@20.000ns - clk_fpga_0 rise@0.000ns)
  Data Path Delay:        10.433ns  (logic 2.528ns (24.231%)  route 7.905ns (75.769%))
  Logic Levels:           8  (LUT2=1 LUT3=2 LUT4=3 LUT6=2)
  Clock Path Skew:        -0.051ns (DCD - SCD + CPR)
    Destination Clock Delay (DCD):    2.758ns = ( 22.758 - 20.000 ) 
    Source Clock Delay      (SCD):    3.039ns
    Clock Pessimism Removal (CPR):    0.230ns
  Clock Uncertainty:      0.302ns  ((TSJ^2 + TIJ^2)^1/2 + DJ) / 2 + PE
    Total System Jitter     (TSJ):    0.071ns
    Total Input Jitter      (TIJ):    0.600ns
    Discrete Jitter          (DJ):    0.000ns
    Phase Error              (PE):    0.000ns

    Location             Delay type                Incr(ns)  Path(ns)    Netlist Resource(s)
  -------------------------------------------------------------------    -------------------
                         (clock clk_fpga_0 rise edge)
                                                      0.000     0.000 r  
    PS7_X0Y0             PS7                          0.000     0.000 r  design_1_i/processing_system7_0/inst/PS7_i/FCLKCLK[0]
                         net (fo=1, routed)           1.193     1.193    design_1_i/processing_system7_0/inst/FCLK_CLK_unbuffered[0]
    BUFGCTRL_X0Y16       BUFG (Prop_bufg_I_O)         0.101     1.294 r  design_1_i/processing_system7_0/inst/buffer_fclk_clk_0.FCLK_CLK_0_BUFG/O
                         net (fo=4892, routed)        1.745     3.039    design_1_i/axi_dma_0/U0/I_PRMRY_DATAMOVER/GEN_S2MM_FULL.I_S2MM_FULL_WRAPPER/I_S2MM_MMAP_SKID_BUF/m_axi_s2mm_aclk
    SLICE_X28Y39         FDRE                                         r  design_1_i/axi_dma_0/U0/I_PRMRY_DATAMOVER/GEN_S2MM_FULL.I_S2MM_FULL_WRAPPER/I_S2MM_MMAP_SKID_BUF/sig_m_valid_out_reg/C
  -------------------------------------------------------------------    -------------------
    SLICE_X28Y39         FDRE (Prop_fdre_C_Q)         0.456     3.495 r  design_1_i/axi_dma_0/U0/I_PRMRY_DATAMOVER/GEN_S2MM_FULL.I_S2MM_FULL_WRAPPER/I_S2MM_MMAP_SKID_BUF/sig_m_valid_out_reg/Q
                         net (fo=3, routed)           0.820     4.315    design_1_i/axi_mem_intercon/xbar/inst/gen_samd.crossbar_samd/gen_slave_slots[0].gen_si_write.wdata_router_w/wrouter_aw_fifo/s_axi_wvalid[0]
    SLICE_X33Y40         LUT2 (Prop_lut2_I0_O)        0.150     4.465 r  design_1_i/axi_mem_intercon/xbar/inst/gen_samd.crossbar_samd/gen_slave_slots[0].gen_si_write.wdata_router_w/wrouter_aw_fifo/m_axi_wvalid[0]_INST_0_i_2/O
                         net (fo=2, routed)           0.584     5.048    design_1_i/axi_mem_intercon/xbar/inst/gen_samd.crossbar_samd/gen_slave_slots[1].gen_si_write.wdata_router_w/wrouter_aw_fifo/m_axi_wvalid_0_sn_1
    SLICE_X35Y43         LUT6 (Prop_lut6_I2_O)        0.332     5.380 r  design_1_i/axi_mem_intercon/xbar/inst/gen_samd.crossbar_samd/gen_slave_slots[1].gen_si_write.wdata_router_w/wrouter_aw_fifo/m_axi_wvalid[0]_INST_0/O
                         net (fo=8, routed)           0.931     6.311    design_1_i/axi_mem_intercon/m00_couplers/auto_pc/inst/gen_axi4_axi3.axi3_conv_inst/USE_WRITE.write_addr_inst/USE_BURSTS.cmd_queue/inst/s_axi_wvalid
    SLICE_X27Y51         LUT3 (Prop_lut3_I1_O)        0.118     6.429 r  design_1_i/axi_mem_intercon/m00_couplers/auto_pc/inst/gen_axi4_axi3.axi3_conv_inst/USE_WRITE.write_addr_inst/USE_BURSTS.cmd_queue/inst/s_axi_wready_INST_0/O
                         net (fo=10, routed)          1.254     7.683    design_1_i/axi_mem_intercon/xbar/inst/gen_samd.crossbar_samd/gen_master_slots[0].gen_mi_write.wdata_mux_w/gen_wmux.wmux_aw_fifo/m_axi_wready[0]
    SLICE_X35Y43         LUT4 (Prop_lut4_I3_O)        0.320     8.003 r  design_1_i/axi_mem_intercon/xbar/inst/gen_samd.crossbar_samd/gen_master_slots[0].gen_mi_write.wdata_mux_w/gen_wmux.wmux_aw_fifo/s_axi_wready[1]_INST_0_i_1/O
                         net (fo=2, routed)           0.455     8.458    design_1_i/axi_mem_intercon/xbar/inst/gen_samd.crossbar_samd/gen_master_slots[1].gen_mi_write.wdata_mux_w/gen_wmux.wmux_aw_fifo/s_axi_wready_1_sn_1
    SLICE_X35Y42         LUT6 (Prop_lut6_I0_O)        0.326     8.784 r  design_1_i/axi_mem_intercon/xbar/inst/gen_samd.crossbar_samd/gen_master_slots[1].gen_mi_write.wdata_mux_w/gen_wmux.wmux_aw_fifo/s_axi_wready[1]_INST_0/O
                         net (fo=22, routed)          0.614     9.398    design_1_i/axi_mem_intercon/s01_couplers/auto_us/inst/gen_upsizer.gen_full_upsizer.axi_upsizer_inst/USE_WRITE.gen_non_fifo_w_upsizer.write_data_inst/m_axi_wready
    SLICE_X33Y44         LUT4 (Prop_lut4_I0_O)        0.120     9.518 f  design_1_i/axi_mem_intercon/s01_couplers/auto_us/inst/gen_upsizer.gen_full_upsizer.axi_upsizer_inst/USE_WRITE.gen_non_fifo_w_upsizer.write_data_inst/USE_FF_OUT.USE_RTL_OUTPUT_PIPELINE.M_MESG_Q[29]_i_2/O
                         net (fo=18, routed)          1.716    11.234    design_1_i/axi_mem_intercon/s01_couplers/auto_us/inst/gen_upsizer.gen_full_upsizer.axi_upsizer_inst/USE_WRITE.write_addr_inst/GEN_CMD_QUEUE.cmd_queue/USE_RTL_LENGTH.first_mi_word_q_reg
    SLICE_X16Y44         LUT4 (Prop_lut4_I2_O)        0.353    11.587 r  design_1_i/axi_mem_intercon/s01_couplers/auto_us/inst/gen_upsizer.gen_full_upsizer.axi_upsizer_inst/USE_WRITE.write_addr_inst/GEN_CMD_QUEUE.cmd_queue/WORD_LANE[1].USE_ALWAYS_PACKER.BYTE_LANE[0].USE_RTL_DATA.USE_REGISTER.M_AXI_WDATA_I[39]_i_3/O
                         net (fo=9, routed)           0.817    12.404    design_1_i/axi_mem_intercon/s01_couplers/auto_us/inst/gen_upsizer.gen_full_upsizer.axi_upsizer_inst/USE_WRITE.write_addr_inst/GEN_CMD_QUEUE.cmd_queue/WORD_LANE[1].USE_ALWAYS_PACKER.BYTE_LANE[0].USE_RTL_DATA.USE_REGISTER.M_AXI_WDATA_I[39]_i_3_n_0
    SLICE_X15Y42         LUT3 (Prop_lut3_I2_O)        0.353    12.757 r  design_1_i/axi_mem_intercon/s01_couplers/auto_us/inst/gen_upsizer.gen_full_upsizer.axi_upsizer_inst/USE_WRITE.write_addr_inst/GEN_CMD_QUEUE.cmd_queue/WORD_LANE[1].USE_ALWAYS_PACKER.BYTE_LANE[0].USE_RTL_DATA.USE_REGISTER.M_AXI_WDATA_I[39]_i_1/O
                         net (fo=8, routed)           0.715    13.472    design_1_i/axi_mem_intercon/s01_couplers/auto_us/inst/gen_upsizer.gen_full_upsizer.axi_upsizer_inst/USE_WRITE.gen_non_fifo_w_upsizer.write_data_inst/WORD_LANE[1].USE_ALWAYS_PACKER.BYTE_LANE[0].USE_RTL_DATA.USE_REGISTER.M_AXI_WDATA_I_reg[39]_0[0]
    SLICE_X15Y42         FDRE                                         r  design_1_i/axi_mem_intercon/s01_couplers/auto_us/inst/gen_upsizer.gen_full_upsizer.axi_upsizer_inst/USE_WRITE.gen_non_fifo_w_upsizer.write_data_inst/WORD_LANE[1].USE_ALWAYS_PACKER.BYTE_LANE[0].USE_RTL_DATA.USE_REGISTER.M_AXI_WDATA_I_reg[33]/CE
  -------------------------------------------------------------------    -------------------

                         (clock clk_fpga_0 rise edge)
                                                     20.000    20.000 r  
    PS7_X0Y0             PS7                          0.000    20.000 r  design_1_i/processing_system7_0/inst/PS7_i/FCLKCLK[0]
                         net (fo=1, routed)           1.088    21.088    design_1_i/processing_system7_0/inst/FCLK_CLK_unbuffered[0]
    BUFGCTRL_X0Y16       BUFG (Prop_bufg_I_O)         0.091    21.179 r  design_1_i/processing_system7_0/inst/buffer_fclk_clk_0.FCLK_CLK_0_BUFG/O
                         net (fo=4892, routed)        1.579    22.758    design_1_i/axi_mem_intercon/s01_couplers/auto_us/inst/gen_upsizer.gen_full_upsizer.axi_upsizer_inst/USE_WRITE.gen_non_fifo_w_upsizer.write_data_inst/USE_RTL_LENGTH.length_counter_q_reg[0]_0
    SLICE_X15Y42         FDRE                                         r  design_1_i/axi_mem_intercon/s01_couplers/auto_us/inst/gen_upsizer.gen_full_upsizer.axi_upsizer_inst/USE_WRITE.gen_non_fifo_w_upsizer.write_data_inst/WORD_LANE[1].USE_ALWAYS_PACKER.BYTE_LANE[0].USE_RTL_DATA.USE_REGISTER.M_AXI_WDATA_I_reg[33]/C
                         clock pessimism              0.230    22.988    
                         clock uncertainty           -0.302    22.686    
    SLICE_X15Y42         FDRE (Setup_fdre_C_CE)      -0.413    22.273    design_1_i/axi_mem_intercon/s01_couplers/auto_us/inst/gen_upsizer.gen_full_upsizer.axi_upsizer_inst/USE_WRITE.gen_non_fifo_w_upsizer.write_data_inst/WORD_LANE[1].USE_ALWAYS_PACKER.BYTE_LANE[0].USE_RTL_DATA.USE_REGISTER.M_AXI_WDATA_I_reg[33]
  -------------------------------------------------------------------
                         required time                         22.273    
                         arrival time                         -13.472    
  -------------------------------------------------------------------
                         slack                                  8.801    

Slack (MET) :             8.851ns  (required time - arrival time)
  Source:                 design_1_i/axi_dma_0/U0/I_PRMRY_DATAMOVER/GEN_S2MM_FULL.I_S2MM_FULL_WRAPPER/I_RESET/sig_cmd_stat_rst_user_reg_n_cdc_from_reg/C
                            (rising edge-triggered cell FDRE clocked by clk_fpga_0  {rise@0.000ns fall@10.000ns period=20.000ns})
  Destination:            design_1_i/axi_dma_0/U0/I_PRMRY_DATAMOVER/GEN_S2MM_FULL.I_S2MM_FULL_WRAPPER/I_CMD_STATUS/I_CMD_FIFO/USE_SINGLE_REG.sig_regfifo_dout_reg_reg[51]/R
                            (rising edge-triggered cell FDRE clocked by clk_fpga_0  {rise@0.000ns fall@10.000ns period=20.000ns})
  Path Group:             clk_fpga_0
  Path Type:              Setup (Max at Slow Process Corner)
  Requirement:            20.000ns  (clk_fpga_0 rise@20.000ns - clk_fpga_0 rise@0.000ns)
  Data Path Delay:        10.228ns  (logic 0.718ns (7.020%)  route 9.510ns (92.980%))
  Logic Levels:           1  (LUT1=1)
  Clock Path Skew:        -0.189ns (DCD - SCD + CPR)
    Destination Clock Delay (DCD):    2.659ns = ( 22.659 - 20.000 ) 
    Source Clock Delay      (SCD):    2.963ns
    Clock Pessimism Removal (CPR):    0.115ns
  Clock Uncertainty:      0.302ns  ((TSJ^2 + TIJ^2)^1/2 + DJ) / 2 + PE
    Total System Jitter     (TSJ):    0.071ns
    Total Input Jitter      (TIJ):    0.600ns
    Discrete Jitter          (DJ):    0.000ns
    Phase Error              (PE):    0.000ns

    Location             Delay type                Incr(ns)  Path(ns)    Netlist Resource(s)
  -------------------------------------------------------------------    -------------------
                         (clock clk_fpga_0 rise edge)
                                                      0.000     0.000 r  
    PS7_X0Y0             PS7                          0.000     0.000 r  design_1_i/processing_system7_0/inst/PS7_i/FCLKCLK[0]
                         net (fo=1, routed)           1.193     1.193    design_1_i/processing_system7_0/inst/FCLK_CLK_unbuffered[0]
    BUFGCTRL_X0Y16       BUFG (Prop_bufg_I_O)         0.101     1.294 r  design_1_i/processing_system7_0/inst/buffer_fclk_clk_0.FCLK_CLK_0_BUFG/O
                         net (fo=4892, routed)        1.669     2.963    design_1_i/axi_dma_0/U0/I_PRMRY_DATAMOVER/GEN_S2MM_FULL.I_S2MM_FULL_WRAPPER/I_RESET/m_axi_s2mm_aclk
    SLICE_X39Y45         FDRE                                         r  design_1_i/axi_dma_0/U0/I_PRMRY_DATAMOVER/GEN_S2MM_FULL.I_S2MM_FULL_WRAPPER/I_RESET/sig_cmd_stat_rst_user_reg_n_cdc_from_reg/C
  -------------------------------------------------------------------    -------------------
    SLICE_X39Y45         FDRE (Prop_fdre_C_Q)         0.419     3.382 f  design_1_i/axi_dma_0/U0/I_PRMRY_DATAMOVER/GEN_S2MM_FULL.I_S2MM_FULL_WRAPPER/I_RESET/sig_cmd_stat_rst_user_reg_n_cdc_from_reg/Q
                         net (fo=48, routed)          4.044     7.426    design_1_i/axi_dma_0/U0/I_PRMRY_DATAMOVER/GEN_S2MM_FULL.I_S2MM_FULL_WRAPPER/I_RESET/sig_cmd_stat_rst_user_reg_n_cdc_from_reg_0
    SLICE_X2Y34          LUT1 (Prop_lut1_I0_O)        0.299     7.725 r  design_1_i/axi_dma_0/U0/I_PRMRY_DATAMOVER/GEN_S2MM_FULL.I_S2MM_FULL_WRAPPER/I_RESET/sig_strb_reg_out[7]_i_1/O
                         net (fo=468, routed)         5.466    13.191    design_1_i/axi_dma_0/U0/I_PRMRY_DATAMOVER/GEN_S2MM_FULL.I_S2MM_FULL_WRAPPER/I_CMD_STATUS/I_CMD_FIFO/sig_stream_rst
    SLICE_X35Y54         FDRE                                         r  design_1_i/axi_dma_0/U0/I_PRMRY_DATAMOVER/GEN_S2MM_FULL.I_S2MM_FULL_WRAPPER/I_CMD_STATUS/I_CMD_FIFO/USE_SINGLE_REG.sig_regfifo_dout_reg_reg[51]/R
  -------------------------------------------------------------------    -------------------

                         (clock clk_fpga_0 rise edge)
                                                     20.000    20.000 r  
    PS7_X0Y0             PS7                          0.000    20.000 r  design_1_i/processing_system7_0/inst/PS7_i/FCLKCLK[0]
                         net (fo=1, routed)           1.088    21.088    design_1_i/processing_system7_0/inst/FCLK_CLK_unbuffered[0]
    BUFGCTRL_X0Y16       BUFG (Prop_bufg_I_O)         0.091    21.179 r  design_1_i/processing_system7_0/inst/buffer_fclk_clk_0.FCLK_CLK_0_BUFG/O
                         net (fo=4892, routed)        1.480    22.659    design_1_i/axi_dma_0/U0/I_PRMRY_DATAMOVER/GEN_S2MM_FULL.I_S2MM_FULL_WRAPPER/I_CMD_STATUS/I_CMD_FIFO/m_axi_s2mm_aclk
    SLICE_X35Y54         FDRE                                         r  design_1_i/axi_dma_0/U0/I_PRMRY_DATAMOVER/GEN_S2MM_FULL.I_S2MM_FULL_WRAPPER/I_CMD_STATUS/I_CMD_FIFO/USE_SINGLE_REG.sig_regfifo_dout_reg_reg[51]/C
                         clock pessimism              0.115    22.774    
                         clock uncertainty           -0.302    22.472    
    SLICE_X35Y54         FDRE (Setup_fdre_C_R)       -0.429    22.043    design_1_i/axi_dma_0/U0/I_PRMRY_DATAMOVER/GEN_S2MM_FULL.I_S2MM_FULL_WRAPPER/I_CMD_STATUS/I_CMD_FIFO/USE_SINGLE_REG.sig_regfifo_dout_reg_reg[51]
  -------------------------------------------------------------------
                         required time                         22.043    
                         arrival time                         -13.191    
  -------------------------------------------------------------------
                         slack                                  8.851    





Min Delay Paths
--------------------------------------------------------------------------------------
Slack (MET) :             0.014ns  (arrival time - required time)
  Source:                 design_1_i/axi_dma_0/U0/GEN_SG_ENGINE.I_SG_ENGINE/GEN_DESC_UPDATE.I_SG_UPDATE_QUEUE/GEN_QUEUE.I_UPDT_DESC_QUEUE/updt2_ioc_reg/C
                            (rising edge-triggered cell FDRE clocked by clk_fpga_0  {rise@0.000ns fall@10.000ns period=20.000ns})
  Destination:            design_1_i/axi_dma_0/U0/GEN_SG_ENGINE.I_SG_ENGINE/GEN_DESC_UPDATE.I_SG_UPDATE_MNGR/I_UPDT_SG/GEN_CH2_UPDATE.ch2_updt_ioc_irq_set_reg/D
                            (rising edge-triggered cell FDRE clocked by clk_fpga_0  {rise@0.000ns fall@10.000ns period=20.000ns})
  Path Group:             clk_fpga_0
  Path Type:              Hold (Min at Fast Process Corner)
  Requirement:            0.000ns  (clk_fpga_0 rise@0.000ns - clk_fpga_0 rise@0.000ns)
  Data Path Delay:        0.368ns  (logic 0.186ns (50.612%)  route 0.182ns (49.388%))
  Logic Levels:           1  (LUT2=1)
  Clock Path Skew:        0.262ns (DCD - SCD - CPR)
    Destination Clock Delay (DCD):    1.191ns
    Source Clock Delay      (SCD):    0.899ns
    Clock Pessimism Removal (CPR):    0.030ns

    Location             Delay type                Incr(ns)  Path(ns)    Netlist Resource(s)
  -------------------------------------------------------------------    -------------------
                         (clock clk_fpga_0 rise edge)
                                                      0.000     0.000 r  
    PS7_X0Y0             PS7                          0.000     0.000 r  design_1_i/processing_system7_0/inst/PS7_i/FCLKCLK[0]
                         net (fo=1, routed)           0.310     0.310    design_1_i/processing_system7_0/inst/FCLK_CLK_unbuffered[0]
    BUFGCTRL_X0Y16       BUFG (Prop_bufg_I_O)         0.026     0.336 r  design_1_i/processing_system7_0/inst/buffer_fclk_clk_0.FCLK_CLK_0_BUFG/O
                         net (fo=4892, routed)        0.563     0.899    design_1_i/axi_dma_0/U0/GEN_SG_ENGINE.I_SG_ENGINE/GEN_DESC_UPDATE.I_SG_UPDATE_QUEUE/GEN_QUEUE.I_UPDT_DESC_QUEUE/m_axi_sg_aclk
    SLICE_X45Y49         FDRE                                         r  design_1_i/axi_dma_0/U0/GEN_SG_ENGINE.I_SG_ENGINE/GEN_DESC_UPDATE.I_SG_UPDATE_QUEUE/GEN_QUEUE.I_UPDT_DESC_QUEUE/updt2_ioc_reg/C
  -------------------------------------------------------------------    -------------------
    SLICE_X45Y49         FDRE (Prop_fdre_C_Q)         0.141     1.040 r  design_1_i/axi_dma_0/U0/GEN_SG_ENGINE.I_SG_ENGINE/GEN_DESC_UPDATE.I_SG_UPDATE_QUEUE/GEN_QUEUE.I_UPDT_DESC_QUEUE/updt2_ioc_reg/Q
                         net (fo=2, routed)           0.182     1.221    design_1_i/axi_dma_0/U0/GEN_SG_ENGINE.I_SG_ENGINE/GEN_DESC_UPDATE.I_SG_UPDATE_MNGR/I_UPDT_CMDSTS_IF/ch2_updt_ioc
    SLICE_X45Y50         LUT2 (Prop_lut2_I1_O)        0.045     1.266 r  design_1_i/axi_dma_0/U0/GEN_SG_ENGINE.I_SG_ENGINE/GEN_DESC_UPDATE.I_SG_UPDATE_MNGR/I_UPDT_CMDSTS_IF/GEN_CH2_UPDATE.ch2_updt_ioc_irq_set_i_1/O
                         net (fo=1, routed)           0.000     1.266    design_1_i/axi_dma_0/U0/GEN_SG_ENGINE.I_SG_ENGINE/GEN_DESC_UPDATE.I_SG_UPDATE_MNGR/I_UPDT_SG/ch2_updt_ioc_irq_set0
    SLICE_X45Y50         FDRE                                         r  design_1_i/axi_dma_0/U0/GEN_SG_ENGINE.I_SG_ENGINE/GEN_DESC_UPDATE.I_SG_UPDATE_MNGR/I_UPDT_SG/GEN_CH2_UPDATE.ch2_updt_ioc_irq_set_reg/D
  -------------------------------------------------------------------    -------------------

                         (clock clk_fpga_0 rise edge)
                                                      0.000     0.000 r  
    PS7_X0Y0             PS7                          0.000     0.000 r  design_1_i/processing_system7_0/inst/PS7_i/FCLKCLK[0]
                         net (fo=1, routed)           0.337     0.337    design_1_i/processing_system7_0/inst/FCLK_CLK_unbuffered[0]
    BUFGCTRL_X0Y16       BUFG (Prop_bufg_I_O)         0.029     0.366 r  design_1_i/processing_system7_0/inst/buffer_fclk_clk_0.FCLK_CLK_0_BUFG/O
                         net (fo=4892, routed)        0.825     1.191    design_1_i/axi_dma_0/U0/GEN_SG_ENGINE.I_SG_ENGINE/GEN_DESC_UPDATE.I_SG_UPDATE_MNGR/I_UPDT_SG/m_axi_sg_aclk
    SLICE_X45Y50         FDRE                                         r  design_1_i/axi_dma_0/U0/GEN_SG_ENGINE.I_SG_ENGINE/GEN_DESC_UPDATE.I_SG_UPDATE_MNGR/I_UPDT_SG/GEN_CH2_UPDATE.ch2_updt_ioc_irq_set_reg/C
                         clock pessimism             -0.030     1.161    
    SLICE_X45Y50         FDRE (Hold_fdre_C_D)         0.091     1.252    design_1_i/axi_dma_0/U0/GEN_SG_ENGINE.I_SG_ENGINE/GEN_DESC_UPDATE.I_SG_UPDATE_MNGR/I_UPDT_SG/GEN_CH2_UPDATE.ch2_updt_ioc_irq_set_reg
  -------------------------------------------------------------------
                         required time                         -1.252    
                         arrival time                           1.266    
  -------------------------------------------------------------------
                         slack                                  0.014    

Slack (MET) :             0.016ns  (arrival time - required time)
  Source:                 design_1_i/axi_dma_0/U0/GEN_SG_ENGINE.I_SG_ENGINE/GEN_DESC_UPDATE.I_SG_UPDATE_QUEUE/GEN_QUEUE.I_UPDT_DESC_QUEUE/dma2_decerr_reg/C
                            (rising edge-triggered cell FDRE clocked by clk_fpga_0  {rise@0.000ns fall@10.000ns period=20.000ns})
  Destination:            design_1_i/axi_dma_0/U0/GEN_SG_ENGINE.I_SG_ENGINE/GEN_DESC_UPDATE.I_SG_UPDATE_MNGR/I_UPDT_SG/GEN_CH2_UPDATE.ch2_dma_decerr_set_reg/D
                            (rising edge-triggered cell FDRE clocked by clk_fpga_0  {rise@0.000ns fall@10.000ns period=20.000ns})
  Path Group:             clk_fpga_0
  Path Type:              Hold (Min at Fast Process Corner)
  Requirement:            0.000ns  (clk_fpga_0 rise@0.000ns - clk_fpga_0 rise@0.000ns)
  Data Path Delay:        0.371ns  (logic 0.186ns (50.157%)  route 0.185ns (49.843%))
  Logic Levels:           1  (LUT3=1)
  Clock Path Skew:        0.262ns (DCD - SCD - CPR)
    Destination Clock Delay (DCD):    1.191ns
    Source Clock Delay      (SCD):    0.899ns
    Clock Pessimism Removal (CPR):    0.030ns

    Location             Delay type                Incr(ns)  Path(ns)    Netlist Resource(s)
  -------------------------------------------------------------------    -------------------
                         (clock clk_fpga_0 rise edge)
                                                      0.000     0.000 r  
    PS7_X0Y0             PS7                          0.000     0.000 r  design_1_i/processing_system7_0/inst/PS7_i/FCLKCLK[0]
                         net (fo=1, routed)           0.310     0.310    design_1_i/processing_system7_0/inst/FCLK_CLK_unbuffered[0]
    BUFGCTRL_X0Y16       BUFG (Prop_bufg_I_O)         0.026     0.336 r  design_1_i/processing_system7_0/inst/buffer_fclk_clk_0.FCLK_CLK_0_BUFG/O
                         net (fo=4892, routed)        0.563     0.899    design_1_i/axi_dma_0/U0/GEN_SG_ENGINE.I_SG_ENGINE/GEN_DESC_UPDATE.I_SG_UPDATE_QUEUE/GEN_QUEUE.I_UPDT_DESC_QUEUE/m_axi_sg_aclk
    SLICE_X45Y49         FDRE                                         r  design_1_i/axi_dma_0/U0/GEN_SG_ENGINE.I_SG_ENGINE/GEN_DESC_UPDATE.I_SG_UPDATE_QUEUE/GEN_QUEUE.I_UPDT_DESC_QUEUE/dma2_decerr_reg/C
  -------------------------------------------------------------------    -------------------
    SLICE_X45Y49         FDRE (Prop_fdre_C_Q)         0.141     1.040 r  design_1_i/axi_dma_0/U0/GEN_SG_ENGINE.I_SG_ENGINE/GEN_DESC_UPDATE.I_SG_UPDATE_QUEUE/GEN_QUEUE.I_UPDT_DESC_QUEUE/dma2_decerr_reg/Q
                         net (fo=2, routed)           0.185     1.224    design_1_i/axi_dma_0/U0/GEN_SG_ENGINE.I_SG_ENGINE/GEN_DESC_UPDATE.I_SG_UPDATE_MNGR/I_UPDT_SG/ch2_dma_decerr
    SLICE_X45Y50         LUT3 (Prop_lut3_I0_O)        0.045     1.269 r  design_1_i/axi_dma_0/U0/GEN_SG_ENGINE.I_SG_ENGINE/GEN_DESC_UPDATE.I_SG_UPDATE_MNGR/I_UPDT_SG/GEN_CH2_UPDATE.ch2_dma_decerr_set_i_1/O
                         net (fo=1, routed)           0.000     1.269    design_1_i/axi_dma_0/U0/GEN_SG_ENGINE.I_SG_ENGINE/GEN_DESC_UPDATE.I_SG_UPDATE_MNGR/I_UPDT_SG/GEN_CH2_UPDATE.ch2_dma_decerr_set_i_1_n_0
    SLICE_X45Y50         FDRE                                         r  design_1_i/axi_dma_0/U0/GEN_SG_ENGINE.I_SG_ENGINE/GEN_DESC_UPDATE.I_SG_UPDATE_MNGR/I_UPDT_SG/GEN_CH2_UPDATE.ch2_dma_decerr_set_reg/D
  -------------------------------------------------------------------    -------------------

                         (clock clk_fpga_0 rise edge)
                                                      0.000     0.000 r  
    PS7_X0Y0             PS7                          0.000     0.000 r  design_1_i/processing_system7_0/inst/PS7_i/FCLKCLK[0]
                         net (fo=1, routed)           0.337     0.337    design_1_i/processing_system7_0/inst/FCLK_CLK_unbuffered[0]
    BUFGCTRL_X0Y16       BUFG (Prop_bufg_I_O)         0.029     0.366 r  design_1_i/processing_system7_0/inst/buffer_fclk_clk_0.FCLK_CLK_0_BUFG/O
                         net (fo=4892, routed)        0.825     1.191    design_1_i/axi_dma_0/U0/GEN_SG_ENGINE.I_SG_ENGINE/GEN_DESC_UPDATE.I_SG_UPDATE_MNGR/I_UPDT_SG/m_axi_sg_aclk
    SLICE_X45Y50         FDRE                                         r  design_1_i/axi_dma_0/U0/GEN_SG_ENGINE.I_SG_ENGINE/GEN_DESC_UPDATE.I_SG_UPDATE_MNGR/I_UPDT_SG/GEN_CH2_UPDATE.ch2_dma_decerr_set_reg/C
                         clock pessimism             -0.030     1.161    
    SLICE_X45Y50         FDRE (Hold_fdre_C_D)         0.092     1.253    design_1_i/axi_dma_0/U0/GEN_SG_ENGINE.I_SG_ENGINE/GEN_DESC_UPDATE.I_SG_UPDATE_MNGR/I_UPDT_SG/GEN_CH2_UPDATE.ch2_dma_decerr_set_reg
  -------------------------------------------------------------------
                         required time                         -1.253    
                         arrival time                           1.269    
  -------------------------------------------------------------------
                         slack                                  0.016    

Slack (MET) :             0.021ns  (arrival time - required time)
  Source:                 design_1_i/axi_mem_intercon/s01_couplers/auto_us/inst/gen_upsizer.gen_full_upsizer.axi_upsizer_inst/si_register_slice_inst/ar.ar_pipe/m_payload_i_reg[31]/C
                            (rising edge-triggered cell FDRE clocked by clk_fpga_0  {rise@0.000ns fall@10.000ns period=20.000ns})
  Destination:            design_1_i/axi_mem_intercon/xbar/inst/gen_samd.crossbar_samd/gen_slave_slots[1].gen_si_read.si_transactor_ar/gen_single_thread.active_target_enc_reg[0]/D
                            (rising edge-triggered cell FDRE clocked by clk_fpga_0  {rise@0.000ns fall@10.000ns period=20.000ns})
  Path Group:             clk_fpga_0
  Path Type:              Hold (Min at Fast Process Corner)
  Requirement:            0.000ns  (clk_fpga_0 rise@0.000ns - clk_fpga_0 rise@0.000ns)
  Data Path Delay:        0.386ns  (logic 0.186ns (48.199%)  route 0.200ns (51.801%))
  Logic Levels:           1  (LUT5=1)
  Clock Path Skew:        0.273ns (DCD - SCD - CPR)
    Destination Clock Delay (DCD):    1.196ns
    Source Clock Delay      (SCD):    0.893ns
    Clock Pessimism Removal (CPR):    0.030ns

    Location             Delay type                Incr(ns)  Path(ns)    Netlist Resource(s)
  -------------------------------------------------------------------    -------------------
                         (clock clk_fpga_0 rise edge)
                                                      0.000     0.000 r  
    PS7_X0Y0             PS7                          0.000     0.000 r  design_1_i/processing_system7_0/inst/PS7_i/FCLKCLK[0]
                         net (fo=1, routed)           0.310     0.310    design_1_i/processing_system7_0/inst/FCLK_CLK_unbuffered[0]
    BUFGCTRL_X0Y16       BUFG (Prop_bufg_I_O)         0.026     0.336 r  design_1_i/processing_system7_0/inst/buffer_fclk_clk_0.FCLK_CLK_0_BUFG/O
                         net (fo=4892, routed)        0.557     0.893    design_1_i/axi_mem_intercon/s01_couplers/auto_us/inst/gen_upsizer.gen_full_upsizer.axi_upsizer_inst/si_register_slice_inst/ar.ar_pipe/s_ready_i_reg_0
    SLICE_X39Y52         FDRE                                         r  design_1_i/axi_mem_intercon/s01_couplers/auto_us/inst/gen_upsizer.gen_full_upsizer.axi_upsizer_inst/si_register_slice_inst/ar.ar_pipe/m_payload_i_reg[31]/C
  -------------------------------------------------------------------    -------------------
    SLICE_X39Y52         FDRE (Prop_fdre_C_Q)         0.141     1.034 r  design_1_i/axi_mem_intercon/s01_couplers/auto_us/inst/gen_upsizer.gen_full_upsizer.axi_upsizer_inst/si_register_slice_inst/ar.ar_pipe/m_payload_i_reg[31]/Q
                         net (fo=4, routed)           0.200     1.233    design_1_i/axi_mem_intercon/xbar/inst/gen_samd.crossbar_samd/addr_arbiter_ar/s_axi_araddr[31]
    SLICE_X37Y49         LUT5 (Prop_lut5_I2_O)        0.045     1.278 r  design_1_i/axi_mem_intercon/xbar/inst/gen_samd.crossbar_samd/addr_arbiter_ar/gen_single_thread.active_target_enc[0]_i_1__1/O
                         net (fo=1, routed)           0.000     1.278    design_1_i/axi_mem_intercon/xbar/inst/gen_samd.crossbar_samd/gen_slave_slots[1].gen_si_read.si_transactor_ar/gen_single_thread.active_target_enc_reg[0]_0
    SLICE_X37Y49         FDRE                                         r  design_1_i/axi_mem_intercon/xbar/inst/gen_samd.crossbar_samd/gen_slave_slots[1].gen_si_read.si_transactor_ar/gen_single_thread.active_target_enc_reg[0]/D
  -------------------------------------------------------------------    -------------------

                         (clock clk_fpga_0 rise edge)
                                                      0.000     0.000 r  
    PS7_X0Y0             PS7                          0.000     0.000 r  design_1_i/processing_system7_0/inst/PS7_i/FCLKCLK[0]
                         net (fo=1, routed)           0.337     0.337    design_1_i/processing_system7_0/inst/FCLK_CLK_unbuffered[0]
    BUFGCTRL_X0Y16       BUFG (Prop_bufg_I_O)         0.029     0.366 r  design_1_i/processing_system7_0/inst/buffer_fclk_clk_0.FCLK_CLK_0_BUFG/O
                         net (fo=4892, routed)        0.830     1.196    design_1_i/axi_mem_intercon/xbar/inst/gen_samd.crossbar_samd/gen_slave_slots[1].gen_si_read.si_transactor_ar/aclk
    SLICE_X37Y49         FDRE                                         r  design_1_i/axi_mem_intercon/xbar/inst/gen_samd.crossbar_samd/gen_slave_slots[1].gen_si_read.si_transactor_ar/gen_single_thread.active_target_enc_reg[0]/C
                         clock pessimism             -0.030     1.166    
    SLICE_X37Y49         FDRE (Hold_fdre_C_D)         0.092     1.258    design_1_i/axi_mem_intercon/xbar/inst/gen_samd.crossbar_samd/gen_slave_slots[1].gen_si_read.si_transactor_ar/gen_single_thread.active_target_enc_reg[0]
  -------------------------------------------------------------------
                         required time                         -1.258    
                         arrival time                           1.278    
  -------------------------------------------------------------------
                         slack                                  0.021    

Slack (MET) :             0.023ns  (arrival time - required time)
  Source:                 design_1_i/axi_mem_intercon/xbar/inst/gen_samd.crossbar_samd/addr_arbiter_aw/gen_arbiter.m_mesg_i_reg[56]/C
                            (rising edge-triggered cell FDRE clocked by clk_fpga_0  {rise@0.000ns fall@10.000ns period=20.000ns})
  Destination:            design_1_i/axi_mem_intercon/m00_couplers/auto_pc/inst/gen_axi4_axi3.axi3_conv_inst/USE_WRITE.write_addr_inst/S_AXI_ACACHE_Q_reg[1]/D
                            (rising edge-triggered cell FDRE clocked by clk_fpga_0  {rise@0.000ns fall@10.000ns period=20.000ns})
  Path Group:             clk_fpga_0
  Path Type:              Hold (Min at Fast Process Corner)
  Requirement:            0.000ns  (clk_fpga_0 rise@0.000ns - clk_fpga_0 rise@0.000ns)
  Data Path Delay:        0.307ns  (logic 0.128ns (41.742%)  route 0.179ns (58.258%))
  Logic Levels:           0  
  Clock Path Skew:        0.272ns (DCD - SCD - CPR)
    Destination Clock Delay (DCD):    1.197ns
    Source Clock Delay      (SCD):    0.895ns
    Clock Pessimism Removal (CPR):    0.030ns

    Location             Delay type                Incr(ns)  Path(ns)    Netlist Resource(s)
  -------------------------------------------------------------------    -------------------
                         (clock clk_fpga_0 rise edge)
                                                      0.000     0.000 r  
    PS7_X0Y0             PS7                          0.000     0.000 r  design_1_i/processing_system7_0/inst/PS7_i/FCLKCLK[0]
                         net (fo=1, routed)           0.310     0.310    design_1_i/processing_system7_0/inst/FCLK_CLK_unbuffered[0]
    BUFGCTRL_X0Y16       BUFG (Prop_bufg_I_O)         0.026     0.336 r  design_1_i/processing_system7_0/inst/buffer_fclk_clk_0.FCLK_CLK_0_BUFG/O
                         net (fo=4892, routed)        0.559     0.895    design_1_i/axi_mem_intercon/xbar/inst/gen_samd.crossbar_samd/addr_arbiter_aw/aclk
    SLICE_X33Y50         FDRE                                         r  design_1_i/axi_mem_intercon/xbar/inst/gen_samd.crossbar_samd/addr_arbiter_aw/gen_arbiter.m_mesg_i_reg[56]/C
  -------------------------------------------------------------------    -------------------
    SLICE_X33Y50         FDRE (Prop_fdre_C_Q)         0.128     1.023 r  design_1_i/axi_mem_intercon/xbar/inst/gen_samd.crossbar_samd/addr_arbiter_aw/gen_arbiter.m_mesg_i_reg[56]/Q
                         net (fo=1, routed)           0.179     1.201    design_1_i/axi_mem_intercon/m00_couplers/auto_pc/inst/gen_axi4_axi3.axi3_conv_inst/USE_WRITE.write_addr_inst/s_axi_awcache[1]
    SLICE_X32Y49         FDRE                                         r  design_1_i/axi_mem_intercon/m00_couplers/auto_pc/inst/gen_axi4_axi3.axi3_conv_inst/USE_WRITE.write_addr_inst/S_AXI_ACACHE_Q_reg[1]/D
  -------------------------------------------------------------------    -------------------

                         (clock clk_fpga_0 rise edge)
                                                      0.000     0.000 r  
    PS7_X0Y0             PS7                          0.000     0.000 r  design_1_i/processing_system7_0/inst/PS7_i/FCLKCLK[0]
                         net (fo=1, routed)           0.337     0.337    design_1_i/processing_system7_0/inst/FCLK_CLK_unbuffered[0]
    BUFGCTRL_X0Y16       BUFG (Prop_bufg_I_O)         0.029     0.366 r  design_1_i/processing_system7_0/inst/buffer_fclk_clk_0.FCLK_CLK_0_BUFG/O
                         net (fo=4892, routed)        0.831     1.197    design_1_i/axi_mem_intercon/m00_couplers/auto_pc/inst/gen_axi4_axi3.axi3_conv_inst/USE_WRITE.write_addr_inst/aclk
    SLICE_X32Y49         FDRE                                         r  design_1_i/axi_mem_intercon/m00_couplers/auto_pc/inst/gen_axi4_axi3.axi3_conv_inst/USE_WRITE.write_addr_inst/S_AXI_ACACHE_Q_reg[1]/C
                         clock pessimism             -0.030     1.167    
    SLICE_X32Y49         FDRE (Hold_fdre_C_D)         0.011     1.178    design_1_i/axi_mem_intercon/m00_couplers/auto_pc/inst/gen_axi4_axi3.axi3_conv_inst/USE_WRITE.write_addr_inst/S_AXI_ACACHE_Q_reg[1]
  -------------------------------------------------------------------
                         required time                         -1.178    
                         arrival time                           1.201    
  -------------------------------------------------------------------
                         slack                                  0.023    

Slack (MET) :             0.023ns  (arrival time - required time)
  Source:                 design_1_i/ps7_0_axi_periph/s00_couplers/auto_pc/inst/gen_axilite.gen_b2s_conv.axilite_b2s/SI_REG/aw.aw_pipe/m_payload_i_reg[59]/C
                            (rising edge-triggered cell FDRE clocked by clk_fpga_0  {rise@0.000ns fall@10.000ns period=20.000ns})
  Destination:            design_1_i/ps7_0_axi_periph/s00_couplers/auto_pc/inst/gen_axilite.gen_b2s_conv.axilite_b2s/WR.aw_channel_0/s_awid_r_reg[9]/D
                            (rising edge-triggered cell FDRE clocked by clk_fpga_0  {rise@0.000ns fall@10.000ns period=20.000ns})
  Path Group:             clk_fpga_0
  Path Type:              Hold (Min at Fast Process Corner)
  Requirement:            0.000ns  (clk_fpga_0 rise@0.000ns - clk_fpga_0 rise@0.000ns)
  Data Path Delay:        0.391ns  (logic 0.128ns (32.759%)  route 0.263ns (67.241%))
  Logic Levels:           0  
  Clock Path Skew:        0.348ns (DCD - SCD - CPR)
    Destination Clock Delay (DCD):    1.296ns
    Source Clock Delay      (SCD):    0.913ns
    Clock Pessimism Removal (CPR):    0.035ns

    Location             Delay type                Incr(ns)  Path(ns)    Netlist Resource(s)
  -------------------------------------------------------------------    -------------------
                         (clock clk_fpga_0 rise edge)
                                                      0.000     0.000 r  
    PS7_X0Y0             PS7                          0.000     0.000 r  design_1_i/processing_system7_0/inst/PS7_i/FCLKCLK[0]
                         net (fo=1, routed)           0.310     0.310    design_1_i/processing_system7_0/inst/FCLK_CLK_unbuffered[0]
    BUFGCTRL_X0Y16       BUFG (Prop_bufg_I_O)         0.026     0.336 r  design_1_i/processing_system7_0/inst/buffer_fclk_clk_0.FCLK_CLK_0_BUFG/O
                         net (fo=4892, routed)        0.577     0.913    design_1_i/ps7_0_axi_periph/s00_couplers/auto_pc/inst/gen_axilite.gen_b2s_conv.axilite_b2s/SI_REG/aw.aw_pipe/aclk
    SLICE_X28Y99         FDRE                                         r  design_1_i/ps7_0_axi_periph/s00_couplers/auto_pc/inst/gen_axilite.gen_b2s_conv.axilite_b2s/SI_REG/aw.aw_pipe/m_payload_i_reg[59]/C
  -------------------------------------------------------------------    -------------------
    SLICE_X28Y99         FDRE (Prop_fdre_C_Q)         0.128     1.041 r  design_1_i/ps7_0_axi_periph/s00_couplers/auto_pc/inst/gen_axilite.gen_b2s_conv.axilite_b2s/SI_REG/aw.aw_pipe/m_payload_i_reg[59]/Q
                         net (fo=1, routed)           0.263     1.303    design_1_i/ps7_0_axi_periph/s00_couplers/auto_pc/inst/gen_axilite.gen_b2s_conv.axilite_b2s/WR.aw_channel_0/s_awid_r_reg[11]_0[28]
    SLICE_X28Y103        FDRE                                         r  design_1_i/ps7_0_axi_periph/s00_couplers/auto_pc/inst/gen_axilite.gen_b2s_conv.axilite_b2s/WR.aw_channel_0/s_awid_r_reg[9]/D
  -------------------------------------------------------------------    -------------------

                         (clock clk_fpga_0 rise edge)
                                                      0.000     0.000 r  
    PS7_X0Y0             PS7                          0.000     0.000 r  design_1_i/processing_system7_0/inst/PS7_i/FCLKCLK[0]
                         net (fo=1, routed)           0.337     0.337    design_1_i/processing_system7_0/inst/FCLK_CLK_unbuffered[0]
    BUFGCTRL_X0Y16       BUFG (Prop_bufg_I_O)         0.029     0.366 r  design_1_i/processing_system7_0/inst/buffer_fclk_clk_0.FCLK_CLK_0_BUFG/O
                         net (fo=4892, routed)        0.930     1.296    design_1_i/ps7_0_axi_periph/s00_couplers/auto_pc/inst/gen_axilite.gen_b2s_conv.axilite_b2s/WR.aw_channel_0/aclk
    SLICE_X28Y103        FDRE                                         r  design_1_i/ps7_0_axi_periph/s00_couplers/auto_pc/inst/gen_axilite.gen_b2s_conv.axilite_b2s/WR.aw_channel_0/s_awid_r_reg[9]/C
                         clock pessimism             -0.035     1.261    
    SLICE_X28Y103        FDRE (Hold_fdre_C_D)         0.019     1.280    design_1_i/ps7_0_axi_periph/s00_couplers/auto_pc/inst/gen_axilite.gen_b2s_conv.axilite_b2s/WR.aw_channel_0/s_awid_r_reg[9]
  -------------------------------------------------------------------
                         required time                         -1.280    
                         arrival time                           1.303    
  -------------------------------------------------------------------
                         slack                                  0.023    

Slack (MET) :             0.025ns  (arrival time - required time)
  Source:                 design_1_i/axi_dma_0/U0/I_PRMRY_DATAMOVER/GEN_S2MM_FULL.I_S2MM_FULL_WRAPPER/GEN_ENABLE_INDET_BTT_SF.I_INDET_BTT/INCLUDE_PACKING.DO_REG_SLICES[0].lsig_data_slice_reg_reg[0][15]/C
                            (rising edge-triggered cell FDRE clocked by clk_fpga_0  {rise@0.000ns fall@10.000ns period=20.000ns})
  Destination:            design_1_i/axi_dma_0/U0/I_PRMRY_DATAMOVER/GEN_S2MM_FULL.I_S2MM_FULL_WRAPPER/GEN_ENABLE_INDET_BTT_SF.I_INDET_BTT/I_DATA_FIFO/BLK_MEM.I_SYNC_FIFOGEN_FIFO/xpm_fifo_instance.xpm_fifo_sync_inst/xpm_fifo_base_inst/gen_sdpram.xpm_memory_base_inst/gen_wr_a.gen_word_narrow.mem_reg_0/DIADI[15]
                            (rising edge-triggered cell RAMB36E1 clocked by clk_fpga_0  {rise@0.000ns fall@10.000ns period=20.000ns})
  Path Group:             clk_fpga_0
  Path Type:              Hold (Min at Fast Process Corner)
  Requirement:            0.000ns  (clk_fpga_0 rise@0.000ns - clk_fpga_0 rise@0.000ns)
  Data Path Delay:        0.378ns  (logic 0.164ns (43.408%)  route 0.214ns (56.592%))
  Logic Levels:           0  
  Clock Path Skew:        0.056ns (DCD - SCD - CPR)
    Destination Clock Delay (DCD):    1.268ns
    Source Clock Delay      (SCD):    0.929ns
    Clock Pessimism Removal (CPR):    0.283ns

    Location             Delay type                Incr(ns)  Path(ns)    Netlist Resource(s)
  -------------------------------------------------------------------    -------------------
                         (clock clk_fpga_0 rise edge)
                                                      0.000     0.000 r  
    PS7_X0Y0             PS7                          0.000     0.000 r  design_1_i/processing_system7_0/inst/PS7_i/FCLKCLK[0]
                         net (fo=1, routed)           0.310     0.310    design_1_i/processing_system7_0/inst/FCLK_CLK_unbuffered[0]
    BUFGCTRL_X0Y16       BUFG (Prop_bufg_I_O)         0.026     0.336 r  design_1_i/processing_system7_0/inst/buffer_fclk_clk_0.FCLK_CLK_0_BUFG/O
                         net (fo=4892, routed)        0.593     0.929    design_1_i/axi_dma_0/U0/I_PRMRY_DATAMOVER/GEN_S2MM_FULL.I_S2MM_FULL_WRAPPER/GEN_ENABLE_INDET_BTT_SF.I_INDET_BTT/m_axi_s2mm_aclk
    SLICE_X8Y37          FDRE                                         r  design_1_i/axi_dma_0/U0/I_PRMRY_DATAMOVER/GEN_S2MM_FULL.I_S2MM_FULL_WRAPPER/GEN_ENABLE_INDET_BTT_SF.I_INDET_BTT/INCLUDE_PACKING.DO_REG_SLICES[0].lsig_data_slice_reg_reg[0][15]/C
  -------------------------------------------------------------------    -------------------
    SLICE_X8Y37          FDRE (Prop_fdre_C_Q)         0.164     1.093 r  design_1_i/axi_dma_0/U0/I_PRMRY_DATAMOVER/GEN_S2MM_FULL.I_S2MM_FULL_WRAPPER/GEN_ENABLE_INDET_BTT_SF.I_INDET_BTT/INCLUDE_PACKING.DO_REG_SLICES[0].lsig_data_slice_reg_reg[0][15]/Q
                         net (fo=1, routed)           0.214     1.306    design_1_i/axi_dma_0/U0/I_PRMRY_DATAMOVER/GEN_S2MM_FULL.I_S2MM_FULL_WRAPPER/GEN_ENABLE_INDET_BTT_SF.I_INDET_BTT/I_DATA_FIFO/BLK_MEM.I_SYNC_FIFOGEN_FIFO/xpm_fifo_instance.xpm_fifo_sync_inst/xpm_fifo_base_inst/gen_sdpram.xpm_memory_base_inst/dina[15]
    RAMB36_X0Y7          RAMB36E1                                     r  design_1_i/axi_dma_0/U0/I_PRMRY_DATAMOVER/GEN_S2MM_FULL.I_S2MM_FULL_WRAPPER/GEN_ENABLE_INDET_BTT_SF.I_INDET_BTT/I_DATA_FIFO/BLK_MEM.I_SYNC_FIFOGEN_FIFO/xpm_fifo_instance.xpm_fifo_sync_inst/xpm_fifo_base_inst/gen_sdpram.xpm_memory_base_inst/gen_wr_a.gen_word_narrow.mem_reg_0/DIADI[15]
  -------------------------------------------------------------------    -------------------

                         (clock clk_fpga_0 rise edge)
                                                      0.000     0.000 r  
    PS7_X0Y0             PS7                          0.000     0.000 r  design_1_i/processing_system7_0/inst/PS7_i/FCLKCLK[0]
                         net (fo=1, routed)           0.337     0.337    design_1_i/processing_system7_0/inst/FCLK_CLK_unbuffered[0]
    BUFGCTRL_X0Y16       BUFG (Prop_bufg_I_O)         0.029     0.366 r  design_1_i/processing_system7_0/inst/buffer_fclk_clk_0.FCLK_CLK_0_BUFG/O
                         net (fo=4892, routed)        0.902     1.268    design_1_i/axi_dma_0/U0/I_PRMRY_DATAMOVER/GEN_S2MM_FULL.I_S2MM_FULL_WRAPPER/GEN_ENABLE_INDET_BTT_SF.I_INDET_BTT/I_DATA_FIFO/BLK_MEM.I_SYNC_FIFOGEN_FIFO/xpm_fifo_instance.xpm_fifo_sync_inst/xpm_fifo_base_inst/gen_sdpram.xpm_memory_base_inst/clka
    RAMB36_X0Y7          RAMB36E1                                     r  design_1_i/axi_dma_0/U0/I_PRMRY_DATAMOVER/GEN_S2MM_FULL.I_S2MM_FULL_WRAPPER/GEN_ENABLE_INDET_BTT_SF.I_INDET_BTT/I_DATA_FIFO/BLK_MEM.I_SYNC_FIFOGEN_FIFO/xpm_fifo_instance.xpm_fifo_sync_inst/xpm_fifo_base_inst/gen_sdpram.xpm_memory_base_inst/gen_wr_a.gen_word_narrow.mem_reg_0/CLKBWRCLK
                         clock pessimism             -0.283     0.985    
    RAMB36_X0Y7          RAMB36E1 (Hold_ramb36e1_CLKBWRCLK_DIADI[15])
                                                      0.296     1.281    design_1_i/axi_dma_0/U0/I_PRMRY_DATAMOVER/GEN_S2MM_FULL.I_S2MM_FULL_WRAPPER/GEN_ENABLE_INDET_BTT_SF.I_INDET_BTT/I_DATA_FIFO/BLK_MEM.I_SYNC_FIFOGEN_FIFO/xpm_fifo_instance.xpm_fifo_sync_inst/xpm_fifo_base_inst/gen_sdpram.xpm_memory_base_inst/gen_wr_a.gen_word_narrow.mem_reg_0
  -------------------------------------------------------------------
                         required time                         -1.281    
                         arrival time                           1.306    
  -------------------------------------------------------------------
                         slack                                  0.025    

Slack (MET) :             0.031ns  (arrival time - required time)
  Source:                 design_1_i/axi_mem_intercon/m00_couplers/auto_pc/inst/gen_axi4_axi3.axi3_conv_inst/USE_WRITE.write_addr_inst/USE_BURSTS.cmd_queue/inst/fifo_gen_inst/inst_fifo_gen/gconvfifo.rf/grf.rf/gntv_or_sync_fifo.mem/gdm.dm_gen.dm/gpr1.dout_i_reg[2]/C
                            (rising edge-triggered cell FDRE clocked by clk_fpga_0  {rise@0.000ns fall@10.000ns period=20.000ns})
  Destination:            design_1_i/axi_mem_intercon/m00_couplers/auto_pc/inst/gen_axi4_axi3.axi3_conv_inst/USE_WRITE.write_addr_inst/USE_BURSTS.cmd_queue/inst/fifo_gen_inst/inst_fifo_gen/gconvfifo.rf/grf.rf/gntv_or_sync_fifo.mem/goreg_dm.dout_i_reg[2]/D
                            (rising edge-triggered cell FDRE clocked by clk_fpga_0  {rise@0.000ns fall@10.000ns period=20.000ns})
  Path Group:             clk_fpga_0
  Path Type:              Hold (Min at Fast Process Corner)
  Requirement:            0.000ns  (clk_fpga_0 rise@0.000ns - clk_fpga_0 rise@0.000ns)
  Data Path Delay:        0.299ns  (logic 0.148ns (49.434%)  route 0.151ns (50.566%))
  Logic Levels:           0  
  Clock Path Skew:        0.252ns (DCD - SCD - CPR)
    Destination Clock Delay (DCD):    1.210ns
    Source Clock Delay      (SCD):    0.928ns
    Clock Pessimism Removal (CPR):    0.030ns

    Location             Delay type                Incr(ns)  Path(ns)    Netlist Resource(s)
  -------------------------------------------------------------------    -------------------
                         (clock clk_fpga_0 rise edge)
                                                      0.000     0.000 r  
    PS7_X0Y0             PS7                          0.000     0.000 r  design_1_i/processing_system7_0/inst/PS7_i/FCLKCLK[0]
                         net (fo=1, routed)           0.310     0.310    design_1_i/processing_system7_0/inst/FCLK_CLK_unbuffered[0]
    BUFGCTRL_X0Y16       BUFG (Prop_bufg_I_O)         0.026     0.336 r  design_1_i/processing_system7_0/inst/buffer_fclk_clk_0.FCLK_CLK_0_BUFG/O
                         net (fo=4892, routed)        0.592     0.928    design_1_i/axi_mem_intercon/m00_couplers/auto_pc/inst/gen_axi4_axi3.axi3_conv_inst/USE_WRITE.write_addr_inst/USE_BURSTS.cmd_queue/inst/fifo_gen_inst/inst_fifo_gen/gconvfifo.rf/grf.rf/gntv_or_sync_fifo.mem/gdm.dm_gen.dm/clk
    SLICE_X26Y49         FDRE                                         r  design_1_i/axi_mem_intercon/m00_couplers/auto_pc/inst/gen_axi4_axi3.axi3_conv_inst/USE_WRITE.write_addr_inst/USE_BURSTS.cmd_queue/inst/fifo_gen_inst/inst_fifo_gen/gconvfifo.rf/grf.rf/gntv_or_sync_fifo.mem/gdm.dm_gen.dm/gpr1.dout_i_reg[2]/C
  -------------------------------------------------------------------    -------------------
    SLICE_X26Y49         FDRE (Prop_fdre_C_Q)         0.148     1.076 r  design_1_i/axi_mem_intercon/m00_couplers/auto_pc/inst/gen_axi4_axi3.axi3_conv_inst/USE_WRITE.write_addr_inst/USE_BURSTS.cmd_queue/inst/fifo_gen_inst/inst_fifo_gen/gconvfifo.rf/grf.rf/gntv_or_sync_fifo.mem/gdm.dm_gen.dm/gpr1.dout_i_reg[2]/Q
                         net (fo=1, routed)           0.151     1.227    design_1_i/axi_mem_intercon/m00_couplers/auto_pc/inst/gen_axi4_axi3.axi3_conv_inst/USE_WRITE.write_addr_inst/USE_BURSTS.cmd_queue/inst/fifo_gen_inst/inst_fifo_gen/gconvfifo.rf/grf.rf/gntv_or_sync_fifo.mem/dout_i[2]
    SLICE_X27Y50         FDRE                                         r  design_1_i/axi_mem_intercon/m00_couplers/auto_pc/inst/gen_axi4_axi3.axi3_conv_inst/USE_WRITE.write_addr_inst/USE_BURSTS.cmd_queue/inst/fifo_gen_inst/inst_fifo_gen/gconvfifo.rf/grf.rf/gntv_or_sync_fifo.mem/goreg_dm.dout_i_reg[2]/D
  -------------------------------------------------------------------    -------------------

                         (clock clk_fpga_0 rise edge)
                                                      0.000     0.000 r  
    PS7_X0Y0             PS7                          0.000     0.000 r  design_1_i/processing_system7_0/inst/PS7_i/FCLKCLK[0]
                         net (fo=1, routed)           0.337     0.337    design_1_i/processing_system7_0/inst/FCLK_CLK_unbuffered[0]
    BUFGCTRL_X0Y16       BUFG (Prop_bufg_I_O)         0.029     0.366 r  design_1_i/processing_system7_0/inst/buffer_fclk_clk_0.FCLK_CLK_0_BUFG/O
                         net (fo=4892, routed)        0.844     1.210    design_1_i/axi_mem_intercon/m00_couplers/auto_pc/inst/gen_axi4_axi3.axi3_conv_inst/USE_WRITE.write_addr_inst/USE_BURSTS.cmd_queue/inst/fifo_gen_inst/inst_fifo_gen/gconvfifo.rf/grf.rf/gntv_or_sync_fifo.mem/clk
    SLICE_X27Y50         FDRE                                         r  design_1_i/axi_mem_intercon/m00_couplers/auto_pc/inst/gen_axi4_axi3.axi3_conv_inst/USE_WRITE.write_addr_inst/USE_BURSTS.cmd_queue/inst/fifo_gen_inst/inst_fifo_gen/gconvfifo.rf/grf.rf/gntv_or_sync_fifo.mem/goreg_dm.dout_i_reg[2]/C
                         clock pessimism             -0.030     1.180    
    SLICE_X27Y50         FDRE (Hold_fdre_C_D)         0.016     1.196    design_1_i/axi_mem_intercon/m00_couplers/auto_pc/inst/gen_axi4_axi3.axi3_conv_inst/USE_WRITE.write_addr_inst/USE_BURSTS.cmd_queue/inst/fifo_gen_inst/inst_fifo_gen/gconvfifo.rf/grf.rf/gntv_or_sync_fifo.mem/goreg_dm.dout_i_reg[2]
  -------------------------------------------------------------------
                         required time                         -1.196    
                         arrival time                           1.227    
  -------------------------------------------------------------------
                         slack                                  0.031    

Slack (MET) :             0.031ns  (arrival time - required time)
  Source:                 design_1_i/axi_mem_intercon/m00_couplers/auto_pc/inst/gen_axi4_axi3.axi3_conv_inst/USE_WRITE.write_addr_inst/USE_BURSTS.cmd_queue/inst/fifo_gen_inst/inst_fifo_gen/gconvfifo.rf/grf.rf/gntv_or_sync_fifo.gl0.wr/wpntr/gcc0.gc0.count_d1_reg[4]/C
                            (rising edge-triggered cell FDCE clocked by clk_fpga_0  {rise@0.000ns fall@10.000ns period=20.000ns})
  Destination:            design_1_i/axi_mem_intercon/m00_couplers/auto_pc/inst/gen_axi4_axi3.axi3_conv_inst/USE_WRITE.write_addr_inst/USE_BURSTS.cmd_queue/inst/fifo_gen_inst/inst_fifo_gen/gconvfifo.rf/grf.rf/gntv_or_sync_fifo.mem/gdm.dm_gen.dm/RAM_reg_0_31_0_4/RAMA/WADR4
                            (rising edge-triggered cell RAMD32 clocked by clk_fpga_0  {rise@0.000ns fall@10.000ns period=20.000ns})
  Path Group:             clk_fpga_0
  Path Type:              Hold (Min at Fast Process Corner)
  Requirement:            0.000ns  (clk_fpga_0 rise@0.000ns - clk_fpga_0 rise@0.000ns)
  Data Path Delay:        0.244ns  (logic 0.141ns (57.706%)  route 0.103ns (42.294%))
  Logic Levels:           0  
  Clock Path Skew:        0.013ns (DCD - SCD - CPR)
    Destination Clock Delay (DCD):    1.226ns
    Source Clock Delay      (SCD):    0.928ns
    Clock Pessimism Removal (CPR):    0.285ns

    Location             Delay type                Incr(ns)  Path(ns)    Netlist Resource(s)
  -------------------------------------------------------------------    -------------------
                         (clock clk_fpga_0 rise edge)
                                                      0.000     0.000 r  
    PS7_X0Y0             PS7                          0.000     0.000 r  design_1_i/processing_system7_0/inst/PS7_i/FCLKCLK[0]
                         net (fo=1, routed)           0.310     0.310    design_1_i/processing_system7_0/inst/FCLK_CLK_unbuffered[0]
    BUFGCTRL_X0Y16       BUFG (Prop_bufg_I_O)         0.026     0.336 r  design_1_i/processing_system7_0/inst/buffer_fclk_clk_0.FCLK_CLK_0_BUFG/O
                         net (fo=4892, routed)        0.592     0.928    design_1_i/axi_mem_intercon/m00_couplers/auto_pc/inst/gen_axi4_axi3.axi3_conv_inst/USE_WRITE.write_addr_inst/USE_BURSTS.cmd_queue/inst/fifo_gen_inst/inst_fifo_gen/gconvfifo.rf/grf.rf/gntv_or_sync_fifo.gl0.wr/wpntr/clk
    SLICE_X27Y49         FDCE                                         r  design_1_i/axi_mem_intercon/m00_couplers/auto_pc/inst/gen_axi4_axi3.axi3_conv_inst/USE_WRITE.write_addr_inst/USE_BURSTS.cmd_queue/inst/fifo_gen_inst/inst_fifo_gen/gconvfifo.rf/grf.rf/gntv_or_sync_fifo.gl0.wr/wpntr/gcc0.gc0.count_d1_reg[4]/C
  -------------------------------------------------------------------    -------------------
    SLICE_X27Y49         FDCE (Prop_fdce_C_Q)         0.141     1.069 r  design_1_i/axi_mem_intercon/m00_couplers/auto_pc/inst/gen_axi4_axi3.axi3_conv_inst/USE_WRITE.write_addr_inst/USE_BURSTS.cmd_queue/inst/fifo_gen_inst/inst_fifo_gen/gconvfifo.rf/grf.rf/gntv_or_sync_fifo.gl0.wr/wpntr/gcc0.gc0.count_d1_reg[4]/Q
                         net (fo=10, routed)          0.103     1.172    design_1_i/axi_mem_intercon/m00_couplers/auto_pc/inst/gen_axi4_axi3.axi3_conv_inst/USE_WRITE.write_addr_inst/USE_BURSTS.cmd_queue/inst/fifo_gen_inst/inst_fifo_gen/gconvfifo.rf/grf.rf/gntv_or_sync_fifo.mem/gdm.dm_gen.dm/RAM_reg_0_31_0_4/ADDRD4
    SLICE_X26Y49         RAMD32                                       r  design_1_i/axi_mem_intercon/m00_couplers/auto_pc/inst/gen_axi4_axi3.axi3_conv_inst/USE_WRITE.write_addr_inst/USE_BURSTS.cmd_queue/inst/fifo_gen_inst/inst_fifo_gen/gconvfifo.rf/grf.rf/gntv_or_sync_fifo.mem/gdm.dm_gen.dm/RAM_reg_0_31_0_4/RAMA/WADR4
  -------------------------------------------------------------------    -------------------

                         (clock clk_fpga_0 rise edge)
                                                      0.000     0.000 r  
    PS7_X0Y0             PS7                          0.000     0.000 r  design_1_i/processing_system7_0/inst/PS7_i/FCLKCLK[0]
                         net (fo=1, routed)           0.337     0.337    design_1_i/processing_system7_0/inst/FCLK_CLK_unbuffered[0]
    BUFGCTRL_X0Y16       BUFG (Prop_bufg_I_O)         0.029     0.366 r  design_1_i/processing_system7_0/inst/buffer_fclk_clk_0.FCLK_CLK_0_BUFG/O
                         net (fo=4892, routed)        0.860     1.226    design_1_i/axi_mem_intercon/m00_couplers/auto_pc/inst/gen_axi4_axi3.axi3_conv_inst/USE_WRITE.write_addr_inst/USE_BURSTS.cmd_queue/inst/fifo_gen_inst/inst_fifo_gen/gconvfifo.rf/grf.rf/gntv_or_sync_fifo.mem/gdm.dm_gen.dm/RAM_reg_0_31_0_4/WCLK
    SLICE_X26Y49         RAMD32                                       r  design_1_i/axi_mem_intercon/m00_couplers/auto_pc/inst/gen_axi4_axi3.axi3_conv_inst/USE_WRITE.write_addr_inst/USE_BURSTS.cmd_queue/inst/fifo_gen_inst/inst_fifo_gen/gconvfifo.rf/grf.rf/gntv_or_sync_fifo.mem/gdm.dm_gen.dm/RAM_reg_0_31_0_4/RAMA/CLK
                         clock pessimism             -0.285     0.941    
    SLICE_X26Y49         RAMD32 (Hold_ramd32_CLK_WADR4)
                                                      0.200     1.141    design_1_i/axi_mem_intercon/m00_couplers/auto_pc/inst/gen_axi4_axi3.axi3_conv_inst/USE_WRITE.write_addr_inst/USE_BURSTS.cmd_queue/inst/fifo_gen_inst/inst_fifo_gen/gconvfifo.rf/grf.rf/gntv_or_sync_fifo.mem/gdm.dm_gen.dm/RAM_reg_0_31_0_4/RAMA
  -------------------------------------------------------------------
                         required time                         -1.141    
                         arrival time                           1.172    
  -------------------------------------------------------------------
                         slack                                  0.031    

Slack (MET) :             0.031ns  (arrival time - required time)
  Source:                 design_1_i/axi_mem_intercon/m00_couplers/auto_pc/inst/gen_axi4_axi3.axi3_conv_inst/USE_WRITE.write_addr_inst/USE_BURSTS.cmd_queue/inst/fifo_gen_inst/inst_fifo_gen/gconvfifo.rf/grf.rf/gntv_or_sync_fifo.gl0.wr/wpntr/gcc0.gc0.count_d1_reg[4]/C
                            (rising edge-triggered cell FDCE clocked by clk_fpga_0  {rise@0.000ns fall@10.000ns period=20.000ns})
  Destination:            design_1_i/axi_mem_intercon/m00_couplers/auto_pc/inst/gen_axi4_axi3.axi3_conv_inst/USE_WRITE.write_addr_inst/USE_BURSTS.cmd_queue/inst/fifo_gen_inst/inst_fifo_gen/gconvfifo.rf/grf.rf/gntv_or_sync_fifo.mem/gdm.dm_gen.dm/RAM_reg_0_31_0_4/RAMA_D1/WADR4
                            (rising edge-triggered cell RAMD32 clocked by clk_fpga_0  {rise@0.000ns fall@10.000ns period=20.000ns})
  Path Group:             clk_fpga_0
  Path Type:              Hold (Min at Fast Process Corner)
  Requirement:            0.000ns  (clk_fpga_0 rise@0.000ns - clk_fpga_0 rise@0.000ns)
  Data Path Delay:        0.244ns  (logic 0.141ns (57.706%)  route 0.103ns (42.294%))
  Logic Levels:           0  
  Clock Path Skew:        0.013ns (DCD - SCD - CPR)
    Destination Clock Delay (DCD):    1.226ns
    Source Clock Delay      (SCD):    0.928ns
    Clock Pessimism Removal (CPR):    0.285ns

    Location             Delay type                Incr(ns)  Path(ns)    Netlist Resource(s)
  -------------------------------------------------------------------    -------------------
                         (clock clk_fpga_0 rise edge)
                                                      0.000     0.000 r  
    PS7_X0Y0             PS7                          0.000     0.000 r  design_1_i/processing_system7_0/inst/PS7_i/FCLKCLK[0]
                         net (fo=1, routed)           0.310     0.310    design_1_i/processing_system7_0/inst/FCLK_CLK_unbuffered[0]
    BUFGCTRL_X0Y16       BUFG (Prop_bufg_I_O)         0.026     0.336 r  design_1_i/processing_system7_0/inst/buffer_fclk_clk_0.FCLK_CLK_0_BUFG/O
                         net (fo=4892, routed)        0.592     0.928    design_1_i/axi_mem_intercon/m00_couplers/auto_pc/inst/gen_axi4_axi3.axi3_conv_inst/USE_WRITE.write_addr_inst/USE_BURSTS.cmd_queue/inst/fifo_gen_inst/inst_fifo_gen/gconvfifo.rf/grf.rf/gntv_or_sync_fifo.gl0.wr/wpntr/clk
    SLICE_X27Y49         FDCE                                         r  design_1_i/axi_mem_intercon/m00_couplers/auto_pc/inst/gen_axi4_axi3.axi3_conv_inst/USE_WRITE.write_addr_inst/USE_BURSTS.cmd_queue/inst/fifo_gen_inst/inst_fifo_gen/gconvfifo.rf/grf.rf/gntv_or_sync_fifo.gl0.wr/wpntr/gcc0.gc0.count_d1_reg[4]/C
  -------------------------------------------------------------------    -------------------
    SLICE_X27Y49         FDCE (Prop_fdce_C_Q)         0.141     1.069 r  design_1_i/axi_mem_intercon/m00_couplers/auto_pc/inst/gen_axi4_axi3.axi3_conv_inst/USE_WRITE.write_addr_inst/USE_BURSTS.cmd_queue/inst/fifo_gen_inst/inst_fifo_gen/gconvfifo.rf/grf.rf/gntv_or_sync_fifo.gl0.wr/wpntr/gcc0.gc0.count_d1_reg[4]/Q
                         net (fo=10, routed)          0.103     1.172    design_1_i/axi_mem_intercon/m00_couplers/auto_pc/inst/gen_axi4_axi3.axi3_conv_inst/USE_WRITE.write_addr_inst/USE_BURSTS.cmd_queue/inst/fifo_gen_inst/inst_fifo_gen/gconvfifo.rf/grf.rf/gntv_or_sync_fifo.mem/gdm.dm_gen.dm/RAM_reg_0_31_0_4/ADDRD4
    SLICE_X26Y49         RAMD32                                       r  design_1_i/axi_mem_intercon/m00_couplers/auto_pc/inst/gen_axi4_axi3.axi3_conv_inst/USE_WRITE.write_addr_inst/USE_BURSTS.cmd_queue/inst/fifo_gen_inst/inst_fifo_gen/gconvfifo.rf/grf.rf/gntv_or_sync_fifo.mem/gdm.dm_gen.dm/RAM_reg_0_31_0_4/RAMA_D1/WADR4
  -------------------------------------------------------------------    -------------------

                         (clock clk_fpga_0 rise edge)
                                                      0.000     0.000 r  
    PS7_X0Y0             PS7                          0.000     0.000 r  design_1_i/processing_system7_0/inst/PS7_i/FCLKCLK[0]
                         net (fo=1, routed)           0.337     0.337    design_1_i/processing_system7_0/inst/FCLK_CLK_unbuffered[0]
    BUFGCTRL_X0Y16       BUFG (Prop_bufg_I_O)         0.029     0.366 r  design_1_i/processing_system7_0/inst/buffer_fclk_clk_0.FCLK_CLK_0_BUFG/O
                         net (fo=4892, routed)        0.860     1.226    design_1_i/axi_mem_intercon/m00_couplers/auto_pc/inst/gen_axi4_axi3.axi3_conv_inst/USE_WRITE.write_addr_inst/USE_BURSTS.cmd_queue/inst/fifo_gen_inst/inst_fifo_gen/gconvfifo.rf/grf.rf/gntv_or_sync_fifo.mem/gdm.dm_gen.dm/RAM_reg_0_31_0_4/WCLK
    SLICE_X26Y49         RAMD32                                       r  design_1_i/axi_mem_intercon/m00_couplers/auto_pc/inst/gen_axi4_axi3.axi3_conv_inst/USE_WRITE.write_addr_inst/USE_BURSTS.cmd_queue/inst/fifo_gen_inst/inst_fifo_gen/gconvfifo.rf/grf.rf/gntv_or_sync_fifo.mem/gdm.dm_gen.dm/RAM_reg_0_31_0_4/RAMA_D1/CLK
                         clock pessimism             -0.285     0.941    
    SLICE_X26Y49         RAMD32 (Hold_ramd32_CLK_WADR4)
                                                      0.200     1.141    design_1_i/axi_mem_intercon/m00_couplers/auto_pc/inst/gen_axi4_axi3.axi3_conv_inst/USE_WRITE.write_addr_inst/USE_BURSTS.cmd_queue/inst/fifo_gen_inst/inst_fifo_gen/gconvfifo.rf/grf.rf/gntv_or_sync_fifo.mem/gdm.dm_gen.dm/RAM_reg_0_31_0_4/RAMA_D1
  -------------------------------------------------------------------
                         required time                         -1.141    
                         arrival time                           1.172    
  -------------------------------------------------------------------
                         slack                                  0.031    

Slack (MET) :             0.031ns  (arrival time - required time)
  Source:                 design_1_i/axi_mem_intercon/m00_couplers/auto_pc/inst/gen_axi4_axi3.axi3_conv_inst/USE_WRITE.write_addr_inst/USE_BURSTS.cmd_queue/inst/fifo_gen_inst/inst_fifo_gen/gconvfifo.rf/grf.rf/gntv_or_sync_fifo.gl0.wr/wpntr/gcc0.gc0.count_d1_reg[4]/C
                            (rising edge-triggered cell FDCE clocked by clk_fpga_0  {rise@0.000ns fall@10.000ns period=20.000ns})
  Destination:            design_1_i/axi_mem_intercon/m00_couplers/auto_pc/inst/gen_axi4_axi3.axi3_conv_inst/USE_WRITE.write_addr_inst/USE_BURSTS.cmd_queue/inst/fifo_gen_inst/inst_fifo_gen/gconvfifo.rf/grf.rf/gntv_or_sync_fifo.mem/gdm.dm_gen.dm/RAM_reg_0_31_0_4/RAMB/WADR4
                            (rising edge-triggered cell RAMD32 clocked by clk_fpga_0  {rise@0.000ns fall@10.000ns period=20.000ns})
  Path Group:             clk_fpga_0
  Path Type:              Hold (Min at Fast Process Corner)
  Requirement:            0.000ns  (clk_fpga_0 rise@0.000ns - clk_fpga_0 rise@0.000ns)
  Data Path Delay:        0.244ns  (logic 0.141ns (57.706%)  route 0.103ns (42.294%))
  Logic Levels:           0  
  Clock Path Skew:        0.013ns (DCD - SCD - CPR)
    Destination Clock Delay (DCD):    1.226ns
    Source Clock Delay      (SCD):    0.928ns
    Clock Pessimism Removal (CPR):    0.285ns

    Location             Delay type                Incr(ns)  Path(ns)    Netlist Resource(s)
  -------------------------------------------------------------------    -------------------
                         (clock clk_fpga_0 rise edge)
                                                      0.000     0.000 r  
    PS7_X0Y0             PS7                          0.000     0.000 r  design_1_i/processing_system7_0/inst/PS7_i/FCLKCLK[0]
                         net (fo=1, routed)           0.310     0.310    design_1_i/processing_system7_0/inst/FCLK_CLK_unbuffered[0]
    BUFGCTRL_X0Y16       BUFG (Prop_bufg_I_O)         0.026     0.336 r  design_1_i/processing_system7_0/inst/buffer_fclk_clk_0.FCLK_CLK_0_BUFG/O
                         net (fo=4892, routed)        0.592     0.928    design_1_i/axi_mem_intercon/m00_couplers/auto_pc/inst/gen_axi4_axi3.axi3_conv_inst/USE_WRITE.write_addr_inst/USE_BURSTS.cmd_queue/inst/fifo_gen_inst/inst_fifo_gen/gconvfifo.rf/grf.rf/gntv_or_sync_fifo.gl0.wr/wpntr/clk
    SLICE_X27Y49         FDCE                                         r  design_1_i/axi_mem_intercon/m00_couplers/auto_pc/inst/gen_axi4_axi3.axi3_conv_inst/USE_WRITE.write_addr_inst/USE_BURSTS.cmd_queue/inst/fifo_gen_inst/inst_fifo_gen/gconvfifo.rf/grf.rf/gntv_or_sync_fifo.gl0.wr/wpntr/gcc0.gc0.count_d1_reg[4]/C
  -------------------------------------------------------------------    -------------------
    SLICE_X27Y49         FDCE (Prop_fdce_C_Q)         0.141     1.069 r  design_1_i/axi_mem_intercon/m00_couplers/auto_pc/inst/gen_axi4_axi3.axi3_conv_inst/USE_WRITE.write_addr_inst/USE_BURSTS.cmd_queue/inst/fifo_gen_inst/inst_fifo_gen/gconvfifo.rf/grf.rf/gntv_or_sync_fifo.gl0.wr/wpntr/gcc0.gc0.count_d1_reg[4]/Q
                         net (fo=10, routed)          0.103     1.172    design_1_i/axi_mem_intercon/m00_couplers/auto_pc/inst/gen_axi4_axi3.axi3_conv_inst/USE_WRITE.write_addr_inst/USE_BURSTS.cmd_queue/inst/fifo_gen_inst/inst_fifo_gen/gconvfifo.rf/grf.rf/gntv_or_sync_fifo.mem/gdm.dm_gen.dm/RAM_reg_0_31_0_4/ADDRD4
    SLICE_X26Y49         RAMD32                                       r  design_1_i/axi_mem_intercon/m00_couplers/auto_pc/inst/gen_axi4_axi3.axi3_conv_inst/USE_WRITE.write_addr_inst/USE_BURSTS.cmd_queue/inst/fifo_gen_inst/inst_fifo_gen/gconvfifo.rf/grf.rf/gntv_or_sync_fifo.mem/gdm.dm_gen.dm/RAM_reg_0_31_0_4/RAMB/WADR4
  -------------------------------------------------------------------    -------------------

                         (clock clk_fpga_0 rise edge)
                                                      0.000     0.000 r  
    PS7_X0Y0             PS7                          0.000     0.000 r  design_1_i/processing_system7_0/inst/PS7_i/FCLKCLK[0]
                         net (fo=1, routed)           0.337     0.337    design_1_i/processing_system7_0/inst/FCLK_CLK_unbuffered[0]
    BUFGCTRL_X0Y16       BUFG (Prop_bufg_I_O)         0.029     0.366 r  design_1_i/processing_system7_0/inst/buffer_fclk_clk_0.FCLK_CLK_0_BUFG/O
                         net (fo=4892, routed)        0.860     1.226    design_1_i/axi_mem_intercon/m00_couplers/auto_pc/inst/gen_axi4_axi3.axi3_conv_inst/USE_WRITE.write_addr_inst/USE_BURSTS.cmd_queue/inst/fifo_gen_inst/inst_fifo_gen/gconvfifo.rf/grf.rf/gntv_or_sync_fifo.mem/gdm.dm_gen.dm/RAM_reg_0_31_0_4/WCLK
    SLICE_X26Y49         RAMD32                                       r  design_1_i/axi_mem_intercon/m00_couplers/auto_pc/inst/gen_axi4_axi3.axi3_conv_inst/USE_WRITE.write_addr_inst/USE_BURSTS.cmd_queue/inst/fifo_gen_inst/inst_fifo_gen/gconvfifo.rf/grf.rf/gntv_or_sync_fifo.mem/gdm.dm_gen.dm/RAM_reg_0_31_0_4/RAMB/CLK
                         clock pessimism             -0.285     0.941    
    SLICE_X26Y49         RAMD32 (Hold_ramd32_CLK_WADR4)
                                                      0.200     1.141    design_1_i/axi_mem_intercon/m00_couplers/auto_pc/inst/gen_axi4_axi3.axi3_conv_inst/USE_WRITE.write_addr_inst/USE_BURSTS.cmd_queue/inst/fifo_gen_inst/inst_fifo_gen/gconvfifo.rf/grf.rf/gntv_or_sync_fifo.mem/gdm.dm_gen.dm/RAM_reg_0_31_0_4/RAMB
  -------------------------------------------------------------------
                         required time                         -1.141    
                         arrival time                           1.172    
  -------------------------------------------------------------------
                         slack                                  0.031    





Pulse Width Checks
--------------------------------------------------------------------------------------
Clock Name:         clk_fpga_0
Waveform(ns):       { 0.000 10.000 }
Period(ns):         20.000
Sources:            { design_1_i/processing_system7_0/inst/PS7_i/FCLKCLK[0] }

Check Type        Corner  Lib Pin             Reference Pin  Required(ns)  Actual(ns)  Slack(ns)  Location        Pin
Min Period        n/a     RAMB36E1/CLKARDCLK  n/a            2.576         20.000      17.424     RAMB36_X0Y7     design_1_i/axi_dma_0/U0/I_PRMRY_DATAMOVER/GEN_S2MM_FULL.I_S2MM_FULL_WRAPPER/GEN_ENABLE_INDET_BTT_SF.I_INDET_BTT/I_DATA_FIFO/BLK_MEM.I_SYNC_FIFOGEN_FIFO/xpm_fifo_instance.xpm_fifo_sync_inst/xpm_fifo_base_inst/gen_sdpram.xpm_memory_base_inst/gen_wr_a.gen_word_narrow.mem_reg_0/CLKARDCLK
Min Period        n/a     RAMB36E1/CLKBWRCLK  n/a            2.576         20.000      17.424     RAMB36_X0Y7     design_1_i/axi_dma_0/U0/I_PRMRY_DATAMOVER/GEN_S2MM_FULL.I_S2MM_FULL_WRAPPER/GEN_ENABLE_INDET_BTT_SF.I_INDET_BTT/I_DATA_FIFO/BLK_MEM.I_SYNC_FIFOGEN_FIFO/xpm_fifo_instance.xpm_fifo_sync_inst/xpm_fifo_base_inst/gen_sdpram.xpm_memory_base_inst/gen_wr_a.gen_word_narrow.mem_reg_0/CLKBWRCLK
Min Period        n/a     RAMB18E1/CLKARDCLK  n/a            2.576         20.000      17.424     RAMB18_X0Y12    design_1_i/axi_dma_0/U0/I_PRMRY_DATAMOVER/GEN_S2MM_FULL.I_S2MM_FULL_WRAPPER/GEN_ENABLE_INDET_BTT_SF.I_INDET_BTT/I_DATA_FIFO/BLK_MEM.I_SYNC_FIFOGEN_FIFO/xpm_fifo_instance.xpm_fifo_sync_inst/xpm_fifo_base_inst/gen_sdpram.xpm_memory_base_inst/gen_wr_a.gen_word_narrow.mem_reg_1/CLKARDCLK
Min Period        n/a     RAMB18E1/CLKBWRCLK  n/a            2.576         20.000      17.424     RAMB18_X0Y12    design_1_i/axi_dma_0/U0/I_PRMRY_DATAMOVER/GEN_S2MM_FULL.I_S2MM_FULL_WRAPPER/GEN_ENABLE_INDET_BTT_SF.I_INDET_BTT/I_DATA_FIFO/BLK_MEM.I_SYNC_FIFOGEN_FIFO/xpm_fifo_instance.xpm_fifo_sync_inst/xpm_fifo_base_inst/gen_sdpram.xpm_memory_base_inst/gen_wr_a.gen_word_narrow.mem_reg_1/CLKBWRCLK
Min Period        n/a     BUFG/I              n/a            2.155         20.000      17.845     BUFGCTRL_X0Y16  design_1_i/processing_system7_0/inst/buffer_fclk_clk_0.FCLK_CLK_0_BUFG/I
Min Period        n/a     FDRE/C              n/a            1.000         20.000      19.000     SLICE_X43Y57    design_1_i/axi_dma_0/U0/GEN_SG_ENGINE.I_SG_ENGINE/ftch_error_addr_reg[10]/C
Min Period        n/a     FDRE/C              n/a            1.000         20.000      19.000     SLICE_X44Y60    design_1_i/axi_dma_0/U0/GEN_SG_ENGINE.I_SG_ENGINE/ftch_error_addr_reg[11]/C
Min Period        n/a     FDRE/C              n/a            1.000         20.000      19.000     SLICE_X47Y58    design_1_i/axi_dma_0/U0/GEN_SG_ENGINE.I_SG_ENGINE/ftch_error_addr_reg[12]/C
Min Period        n/a     FDRE/C              n/a            1.000         20.000      19.000     SLICE_X47Y58    design_1_i/axi_dma_0/U0/GEN_SG_ENGINE.I_SG_ENGINE/ftch_error_addr_reg[13]/C
Min Period        n/a     FDRE/C              n/a            1.000         20.000      19.000     SLICE_X43Y57    design_1_i/axi_dma_0/U0/GEN_SG_ENGINE.I_SG_ENGINE/ftch_error_addr_reg[14]/C
Low Pulse Width   Slow    RAMD32/CLK          n/a            1.250         10.000      8.750      SLICE_X16Y29    design_1_i/axi_dma_0/U0/I_PRMRY_DATAMOVER/GEN_S2MM_FULL.I_S2MM_FULL_WRAPPER/GEN_ENABLE_INDET_BTT_SF.I_INDET_BTT/I_XD_FIFO/NON_BLK_MEM.I_SYNC_FIFOGEN_FIFO/xpm_fifo_instance.xpm_fifo_sync_inst/xpm_fifo_base_inst/gen_sdpram.xpm_memory_base_inst/gen_wr_a.gen_word_narrow.mem_reg_0_15_0_5/RAMA/CLK
Low Pulse Width   Fast    RAMD32/CLK          n/a            1.250         10.000      8.750      SLICE_X16Y29    design_1_i/axi_dma_0/U0/I_PRMRY_DATAMOVER/GEN_S2MM_FULL.I_S2MM_FULL_WRAPPER/GEN_ENABLE_INDET_BTT_SF.I_INDET_BTT/I_XD_FIFO/NON_BLK_MEM.I_SYNC_FIFOGEN_FIFO/xpm_fifo_instance.xpm_fifo_sync_inst/xpm_fifo_base_inst/gen_sdpram.xpm_memory_base_inst/gen_wr_a.gen_word_narrow.mem_reg_0_15_0_5/RAMA/CLK
Low Pulse Width   Slow    RAMD32/CLK          n/a            1.250         10.000      8.750      SLICE_X16Y29    design_1_i/axi_dma_0/U0/I_PRMRY_DATAMOVER/GEN_S2MM_FULL.I_S2MM_FULL_WRAPPER/GEN_ENABLE_INDET_BTT_SF.I_INDET_BTT/I_XD_FIFO/NON_BLK_MEM.I_SYNC_FIFOGEN_FIFO/xpm_fifo_instance.xpm_fifo_sync_inst/xpm_fifo_base_inst/gen_sdpram.xpm_memory_base_inst/gen_wr_a.gen_word_narrow.mem_reg_0_15_0_5/RAMA_D1/CLK
Low Pulse Width   Fast    RAMD32/CLK          n/a            1.250         10.000      8.750      SLICE_X16Y29    design_1_i/axi_dma_0/U0/I_PRMRY_DATAMOVER/GEN_S2MM_FULL.I_S2MM_FULL_WRAPPER/GEN_ENABLE_INDET_BTT_SF.I_INDET_BTT/I_XD_FIFO/NON_BLK_MEM.I_SYNC_FIFOGEN_FIFO/xpm_fifo_instance.xpm_fifo_sync_inst/xpm_fifo_base_inst/gen_sdpram.xpm_memory_base_inst/gen_wr_a.gen_word_narrow.mem_reg_0_15_0_5/RAMA_D1/CLK
Low Pulse Width   Slow    RAMD32/CLK          n/a            1.250         10.000      8.750      SLICE_X16Y29    design_1_i/axi_dma_0/U0/I_PRMRY_DATAMOVER/GEN_S2MM_FULL.I_S2MM_FULL_WRAPPER/GEN_ENABLE_INDET_BTT_SF.I_INDET_BTT/I_XD_FIFO/NON_BLK_MEM.I_SYNC_FIFOGEN_FIFO/xpm_fifo_instance.xpm_fifo_sync_inst/xpm_fifo_base_inst/gen_sdpram.xpm_memory_base_inst/gen_wr_a.gen_word_narrow.mem_reg_0_15_0_5/RAMB/CLK
Low Pulse Width   Fast    RAMD32/CLK          n/a            1.250         10.000      8.750      SLICE_X16Y29    design_1_i/axi_dma_0/U0/I_PRMRY_DATAMOVER/GEN_S2MM_FULL.I_S2MM_FULL_WRAPPER/GEN_ENABLE_INDET_BTT_SF.I_INDET_BTT/I_XD_FIFO/NON_BLK_MEM.I_SYNC_FIFOGEN_FIFO/xpm_fifo_instance.xpm_fifo_sync_inst/xpm_fifo_base_inst/gen_sdpram.xpm_memory_base_inst/gen_wr_a.gen_word_narrow.mem_reg_0_15_0_5/RAMB/CLK
Low Pulse Width   Slow    RAMD32/CLK          n/a            1.250         10.000      8.750      SLICE_X16Y29    design_1_i/axi_dma_0/U0/I_PRMRY_DATAMOVER/GEN_S2MM_FULL.I_S2MM_FULL_WRAPPER/GEN_ENABLE_INDET_BTT_SF.I_INDET_BTT/I_XD_FIFO/NON_BLK_MEM.I_SYNC_FIFOGEN_FIFO/xpm_fifo_instance.xpm_fifo_sync_inst/xpm_fifo_base_inst/gen_sdpram.xpm_memory_base_inst/gen_wr_a.gen_word_narrow.mem_reg_0_15_0_5/RAMB_D1/CLK
Low Pulse Width   Fast    RAMD32/CLK          n/a            1.250         10.000      8.750      SLICE_X16Y29    design_1_i/axi_dma_0/U0/I_PRMRY_DATAMOVER/GEN_S2MM_FULL.I_S2MM_FULL_WRAPPER/GEN_ENABLE_INDET_BTT_SF.I_INDET_BTT/I_XD_FIFO/NON_BLK_MEM.I_SYNC_FIFOGEN_FIFO/xpm_fifo_instance.xpm_fifo_sync_inst/xpm_fifo_base_inst/gen_sdpram.xpm_memory_base_inst/gen_wr_a.gen_word_narrow.mem_reg_0_15_0_5/RAMB_D1/CLK
Low Pulse Width   Slow    RAMD32/CLK          n/a            1.250         10.000      8.750      SLICE_X16Y29    design_1_i/axi_dma_0/U0/I_PRMRY_DATAMOVER/GEN_S2MM_FULL.I_S2MM_FULL_WRAPPER/GEN_ENABLE_INDET_BTT_SF.I_INDET_BTT/I_XD_FIFO/NON_BLK_MEM.I_SYNC_FIFOGEN_FIFO/xpm_fifo_instance.xpm_fifo_sync_inst/xpm_fifo_base_inst/gen_sdpram.xpm_memory_base_inst/gen_wr_a.gen_word_narrow.mem_reg_0_15_0_5/RAMC/CLK
Low Pulse Width   Fast    RAMD32/CLK          n/a            1.250         10.000      8.750      SLICE_X16Y29    design_1_i/axi_dma_0/U0/I_PRMRY_DATAMOVER/GEN_S2MM_FULL.I_S2MM_FULL_WRAPPER/GEN_ENABLE_INDET_BTT_SF.I_INDET_BTT/I_XD_FIFO/NON_BLK_MEM.I_SYNC_FIFOGEN_FIFO/xpm_fifo_instance.xpm_fifo_sync_inst/xpm_fifo_base_inst/gen_sdpram.xpm_memory_base_inst/gen_wr_a.gen_word_narrow.mem_reg_0_15_0_5/RAMC/CLK
High Pulse Width  Slow    RAMD32/CLK          n/a            1.250         10.000      8.750      SLICE_X16Y29    design_1_i/axi_dma_0/U0/I_PRMRY_DATAMOVER/GEN_S2MM_FULL.I_S2MM_FULL_WRAPPER/GEN_ENABLE_INDET_BTT_SF.I_INDET_BTT/I_XD_FIFO/NON_BLK_MEM.I_SYNC_FIFOGEN_FIFO/xpm_fifo_instance.xpm_fifo_sync_inst/xpm_fifo_base_inst/gen_sdpram.xpm_memory_base_inst/gen_wr_a.gen_word_narrow.mem_reg_0_15_0_5/RAMA/CLK
High Pulse Width  Fast    RAMD32/CLK          n/a            1.250         10.000      8.750      SLICE_X16Y29    design_1_i/axi_dma_0/U0/I_PRMRY_DATAMOVER/GEN_S2MM_FULL.I_S2MM_FULL_WRAPPER/GEN_ENABLE_INDET_BTT_SF.I_INDET_BTT/I_XD_FIFO/NON_BLK_MEM.I_SYNC_FIFOGEN_FIFO/xpm_fifo_instance.xpm_fifo_sync_inst/xpm_fifo_base_inst/gen_sdpram.xpm_memory_base_inst/gen_wr_a.gen_word_narrow.mem_reg_0_15_0_5/RAMA/CLK
High Pulse Width  Slow    RAMD32/CLK          n/a            1.250         10.000      8.750      SLICE_X16Y29    design_1_i/axi_dma_0/U0/I_PRMRY_DATAMOVER/GEN_S2MM_FULL.I_S2MM_FULL_WRAPPER/GEN_ENABLE_INDET_BTT_SF.I_INDET_BTT/I_XD_FIFO/NON_BLK_MEM.I_SYNC_FIFOGEN_FIFO/xpm_fifo_instance.xpm_fifo_sync_inst/xpm_fifo_base_inst/gen_sdpram.xpm_memory_base_inst/gen_wr_a.gen_word_narrow.mem_reg_0_15_0_5/RAMA_D1/CLK
High Pulse Width  Fast    RAMD32/CLK          n/a            1.250         10.000      8.750      SLICE_X16Y29    design_1_i/axi_dma_0/U0/I_PRMRY_DATAMOVER/GEN_S2MM_FULL.I_S2MM_FULL_WRAPPER/GEN_ENABLE_INDET_BTT_SF.I_INDET_BTT/I_XD_FIFO/NON_BLK_MEM.I_SYNC_FIFOGEN_FIFO/xpm_fifo_instance.xpm_fifo_sync_inst/xpm_fifo_base_inst/gen_sdpram.xpm_memory_base_inst/gen_wr_a.gen_word_narrow.mem_reg_0_15_0_5/RAMA_D1/CLK
High Pulse Width  Slow    RAMD32/CLK          n/a            1.250         10.000      8.750      SLICE_X16Y29    design_1_i/axi_dma_0/U0/I_PRMRY_DATAMOVER/GEN_S2MM_FULL.I_S2MM_FULL_WRAPPER/GEN_ENABLE_INDET_BTT_SF.I_INDET_BTT/I_XD_FIFO/NON_BLK_MEM.I_SYNC_FIFOGEN_FIFO/xpm_fifo_instance.xpm_fifo_sync_inst/xpm_fifo_base_inst/gen_sdpram.xpm_memory_base_inst/gen_wr_a.gen_word_narrow.mem_reg_0_15_0_5/RAMB/CLK
High Pulse Width  Fast    RAMD32/CLK          n/a            1.250         10.000      8.750      SLICE_X16Y29    design_1_i/axi_dma_0/U0/I_PRMRY_DATAMOVER/GEN_S2MM_FULL.I_S2MM_FULL_WRAPPER/GEN_ENABLE_INDET_BTT_SF.I_INDET_BTT/I_XD_FIFO/NON_BLK_MEM.I_SYNC_FIFOGEN_FIFO/xpm_fifo_instance.xpm_fifo_sync_inst/xpm_fifo_base_inst/gen_sdpram.xpm_memory_base_inst/gen_wr_a.gen_word_narrow.mem_reg_0_15_0_5/RAMB/CLK
High Pulse Width  Slow    RAMD32/CLK          n/a            1.250         10.000      8.750      SLICE_X16Y29    design_1_i/axi_dma_0/U0/I_PRMRY_DATAMOVER/GEN_S2MM_FULL.I_S2MM_FULL_WRAPPER/GEN_ENABLE_INDET_BTT_SF.I_INDET_BTT/I_XD_FIFO/NON_BLK_MEM.I_SYNC_FIFOGEN_FIFO/xpm_fifo_instance.xpm_fifo_sync_inst/xpm_fifo_base_inst/gen_sdpram.xpm_memory_base_inst/gen_wr_a.gen_word_narrow.mem_reg_0_15_0_5/RAMB_D1/CLK
High Pulse Width  Fast    RAMD32/CLK          n/a            1.250         10.000      8.750      SLICE_X16Y29    design_1_i/axi_dma_0/U0/I_PRMRY_DATAMOVER/GEN_S2MM_FULL.I_S2MM_FULL_WRAPPER/GEN_ENABLE_INDET_BTT_SF.I_INDET_BTT/I_XD_FIFO/NON_BLK_MEM.I_SYNC_FIFOGEN_FIFO/xpm_fifo_instance.xpm_fifo_sync_inst/xpm_fifo_base_inst/gen_sdpram.xpm_memory_base_inst/gen_wr_a.gen_word_narrow.mem_reg_0_15_0_5/RAMB_D1/CLK
High Pulse Width  Slow    RAMD32/CLK          n/a            1.250         10.000      8.750      SLICE_X16Y29    design_1_i/axi_dma_0/U0/I_PRMRY_DATAMOVER/GEN_S2MM_FULL.I_S2MM_FULL_WRAPPER/GEN_ENABLE_INDET_BTT_SF.I_INDET_BTT/I_XD_FIFO/NON_BLK_MEM.I_SYNC_FIFOGEN_FIFO/xpm_fifo_instance.xpm_fifo_sync_inst/xpm_fifo_base_inst/gen_sdpram.xpm_memory_base_inst/gen_wr_a.gen_word_narrow.mem_reg_0_15_0_5/RAMC/CLK
High Pulse Width  Fast    RAMD32/CLK          n/a            1.250         10.000      8.750      SLICE_X16Y29    design_1_i/axi_dma_0/U0/I_PRMRY_DATAMOVER/GEN_S2MM_FULL.I_S2MM_FULL_WRAPPER/GEN_ENABLE_INDET_BTT_SF.I_INDET_BTT/I_XD_FIFO/NON_BLK_MEM.I_SYNC_FIFOGEN_FIFO/xpm_fifo_instance.xpm_fifo_sync_inst/xpm_fifo_base_inst/gen_sdpram.xpm_memory_base_inst/gen_wr_a.gen_word_narrow.mem_reg_0_15_0_5/RAMC/CLK



---------------------------------------------------------------------------------------------------
From Clock:  adc_clk
  To Clock:  clk_out1_design_1_clk_wiz_0_0

Setup :            0  Failing Endpoints,  Worst Slack        3.156ns,  Total Violation        0.000ns
Hold  :            0  Failing Endpoints,  Worst Slack        1.335ns,  Total Violation        0.000ns
---------------------------------------------------------------------------------------------------


Max Delay Paths
--------------------------------------------------------------------------------------
Slack (MET) :             3.156ns  (required time - arrival time)
  Source:                 adc_dat_i[6]
                            (input port clocked by adc_clk  {rise@0.000ns fall@4.069ns period=8.138ns})
  Destination:            design_1_i/top_0/inst/adc_r_reg[6]/D
                            (rising edge-triggered cell FDRE clocked by clk_out1_design_1_clk_wiz_0_0  {rise@0.000ns fall@4.069ns period=8.138ns})
  Path Group:             clk_out1_design_1_clk_wiz_0_0
  Path Type:              Setup (Max at Fast Process Corner)
  Requirement:            8.138ns  (clk_out1_design_1_clk_wiz_0_0 rise@8.138ns - adc_clk rise@0.000ns)
  Data Path Delay:        0.503ns  (logic 0.503ns (100.000%)  route 0.000ns (0.000%))
  Logic Levels:           1  (IBUF=1)
  Input Delay:            6.000ns
  Clock Path Skew:        1.700ns (DCD - SCD + CPR)
    Destination Clock Delay (DCD):    1.700ns = ( 9.838 - 8.138 ) 
    Source Clock Delay      (SCD):    0.000ns
    Clock Pessimism Removal (CPR):    0.000ns
  Clock Uncertainty:      0.177ns  ((TSJ^2 + DJ^2)^1/2) / 2 + PE
    Total System Jitter     (TSJ):    0.071ns
    Discrete Jitter          (DJ):    0.126ns
    Phase Error              (PE):    0.105ns

    Location             Delay type                Incr(ns)  Path(ns)    Netlist Resource(s)
  -------------------------------------------------------------------    -------------------
                         (clock adc_clk rise edge)    0.000     0.000 r  
                         input delay                  6.000     6.000    
    W14                                               0.000     6.000 r  adc_dat_i[6] (IN)
                         net (fo=0)                   0.000     6.000    adc_dat_i[6]
    W14                  IBUF (Prop_ibuf_I_O)         0.503     6.503 r  adc_dat_i_IBUF[6]_inst/O
                         net (fo=1, routed)           0.000     6.503    design_1_i/top_0/inst/adc_dat_i[6]
    ILOGIC_X1Y84         FDRE                                         r  design_1_i/top_0/inst/adc_r_reg[6]/D
  -------------------------------------------------------------------    -------------------

                         (clock clk_out1_design_1_clk_wiz_0_0 rise edge)
                                                      8.138     8.138 r  
    U18                                               0.000     8.138 r  CLK_IN_D_0_clk_p[0] (IN)
                         net (fo=0)                   0.000     8.138    design_1_i/util_ds_buf_0/U0/IBUF_DS_P[0]
    U18                  IBUFDS (Prop_ibufds_I_O)     0.370     8.508 r  design_1_i/util_ds_buf_0/U0/USE_IBUFDS.GEN_IBUFDS[0].IBUFDS_I/O
                         net (fo=1, routed)           0.674     9.182    design_1_i/clk_wiz_0/inst/clk_in1
    BUFGCTRL_X0Y17       BUFG (Prop_bufg_I_O)         0.027     9.209 r  design_1_i/clk_wiz_0/inst/clkin1_bufg/O
                         net (fo=1, routed)           0.602     9.811    design_1_i/clk_wiz_0/inst/clk_in1_design_1_clk_wiz_0_0
    PLLE2_ADV_X1Y0       PLLE2_ADV (Prop_plle2_adv_CLKIN1_CLKOUT0)
                                                     -1.169     8.641 r  design_1_i/clk_wiz_0/inst/plle2_adv_inst/CLKOUT0
                         net (fo=1, routed)           0.544     9.185    design_1_i/clk_wiz_0/inst/clk_out1_design_1_clk_wiz_0_0
    BUFGCTRL_X0Y0        BUFG (Prop_bufg_I_O)         0.026     9.211 r  design_1_i/clk_wiz_0/inst/clkout1_buf/O
                         net (fo=2997, routed)        0.627     9.838    design_1_i/top_0/inst/adc_clk
    ILOGIC_X1Y84         FDRE                                         r  design_1_i/top_0/inst/adc_r_reg[6]/C
                         clock pessimism              0.000     9.838    
                         clock uncertainty           -0.177     9.660    
    ILOGIC_X1Y84         FDRE (Setup_fdre_C_D)       -0.002     9.658    design_1_i/top_0/inst/adc_r_reg[6]
  -------------------------------------------------------------------
                         required time                          9.658    
                         arrival time                          -6.503    
  -------------------------------------------------------------------
                         slack                                  3.156    

Slack (MET) :             3.167ns  (required time - arrival time)
  Source:                 adc_dat_i[7]
                            (input port clocked by adc_clk  {rise@0.000ns fall@4.069ns period=8.138ns})
  Destination:            design_1_i/top_0/inst/adc_r_reg[7]/D
                            (rising edge-triggered cell FDRE clocked by clk_out1_design_1_clk_wiz_0_0  {rise@0.000ns fall@4.069ns period=8.138ns})
  Path Group:             clk_out1_design_1_clk_wiz_0_0
  Path Type:              Setup (Max at Fast Process Corner)
  Requirement:            8.138ns  (clk_out1_design_1_clk_wiz_0_0 rise@8.138ns - adc_clk rise@0.000ns)
  Data Path Delay:        0.491ns  (logic 0.491ns (100.000%)  route 0.000ns (0.000%))
  Logic Levels:           1  (IBUF=1)
  Input Delay:            6.000ns
  Clock Path Skew:        1.700ns (DCD - SCD + CPR)
    Destination Clock Delay (DCD):    1.700ns = ( 9.838 - 8.138 ) 
    Source Clock Delay      (SCD):    0.000ns
    Clock Pessimism Removal (CPR):    0.000ns
  Clock Uncertainty:      0.177ns  ((TSJ^2 + DJ^2)^1/2) / 2 + PE
    Total System Jitter     (TSJ):    0.071ns
    Discrete Jitter          (DJ):    0.126ns
    Phase Error              (PE):    0.105ns

    Location             Delay type                Incr(ns)  Path(ns)    Netlist Resource(s)
  -------------------------------------------------------------------    -------------------
                         (clock adc_clk rise edge)    0.000     0.000 r  
                         input delay                  6.000     6.000    
    Y14                                               0.000     6.000 r  adc_dat_i[7] (IN)
                         net (fo=0)                   0.000     6.000    adc_dat_i[7]
    Y14                  IBUF (Prop_ibuf_I_O)         0.491     6.491 r  adc_dat_i_IBUF[7]_inst/O
                         net (fo=1, routed)           0.000     6.491    design_1_i/top_0/inst/adc_dat_i[7]
    ILOGIC_X1Y83         FDRE                                         r  design_1_i/top_0/inst/adc_r_reg[7]/D
  -------------------------------------------------------------------    -------------------

                         (clock clk_out1_design_1_clk_wiz_0_0 rise edge)
                                                      8.138     8.138 r  
    U18                                               0.000     8.138 r  CLK_IN_D_0_clk_p[0] (IN)
                         net (fo=0)                   0.000     8.138    design_1_i/util_ds_buf_0/U0/IBUF_DS_P[0]
    U18                  IBUFDS (Prop_ibufds_I_O)     0.370     8.508 r  design_1_i/util_ds_buf_0/U0/USE_IBUFDS.GEN_IBUFDS[0].IBUFDS_I/O
                         net (fo=1, routed)           0.674     9.182    design_1_i/clk_wiz_0/inst/clk_in1
    BUFGCTRL_X0Y17       BUFG (Prop_bufg_I_O)         0.027     9.209 r  design_1_i/clk_wiz_0/inst/clkin1_bufg/O
                         net (fo=1, routed)           0.602     9.811    design_1_i/clk_wiz_0/inst/clk_in1_design_1_clk_wiz_0_0
    PLLE2_ADV_X1Y0       PLLE2_ADV (Prop_plle2_adv_CLKIN1_CLKOUT0)
                                                     -1.169     8.641 r  design_1_i/clk_wiz_0/inst/plle2_adv_inst/CLKOUT0
                         net (fo=1, routed)           0.544     9.185    design_1_i/clk_wiz_0/inst/clk_out1_design_1_clk_wiz_0_0
    BUFGCTRL_X0Y0        BUFG (Prop_bufg_I_O)         0.026     9.211 r  design_1_i/clk_wiz_0/inst/clkout1_buf/O
                         net (fo=2997, routed)        0.627     9.838    design_1_i/top_0/inst/adc_clk
    ILOGIC_X1Y83         FDRE                                         r  design_1_i/top_0/inst/adc_r_reg[7]/C
                         clock pessimism              0.000     9.838    
                         clock uncertainty           -0.177     9.660    
    ILOGIC_X1Y83         FDRE (Setup_fdre_C_D)       -0.002     9.658    design_1_i/top_0/inst/adc_r_reg[7]
  -------------------------------------------------------------------
                         required time                          9.658    
                         arrival time                          -6.491    
  -------------------------------------------------------------------
                         slack                                  3.167    

Slack (MET) :             3.173ns  (required time - arrival time)
  Source:                 adc_dat_i[5]
                            (input port clocked by adc_clk  {rise@0.000ns fall@4.069ns period=8.138ns})
  Destination:            design_1_i/top_0/inst/adc_r_reg[5]/D
                            (rising edge-triggered cell FDRE clocked by clk_out1_design_1_clk_wiz_0_0  {rise@0.000ns fall@4.069ns period=8.138ns})
  Path Group:             clk_out1_design_1_clk_wiz_0_0
  Path Type:              Setup (Max at Fast Process Corner)
  Requirement:            8.138ns  (clk_out1_design_1_clk_wiz_0_0 rise@8.138ns - adc_clk rise@0.000ns)
  Data Path Delay:        0.482ns  (logic 0.482ns (100.000%)  route 0.000ns (0.000%))
  Logic Levels:           1  (IBUF=1)
  Input Delay:            6.000ns
  Clock Path Skew:        1.696ns (DCD - SCD + CPR)
    Destination Clock Delay (DCD):    1.696ns = ( 9.834 - 8.138 ) 
    Source Clock Delay      (SCD):    0.000ns
    Clock Pessimism Removal (CPR):    0.000ns
  Clock Uncertainty:      0.177ns  ((TSJ^2 + DJ^2)^1/2) / 2 + PE
    Total System Jitter     (TSJ):    0.071ns
    Discrete Jitter          (DJ):    0.126ns
    Phase Error              (PE):    0.105ns

    Location             Delay type                Incr(ns)  Path(ns)    Netlist Resource(s)
  -------------------------------------------------------------------    -------------------
                         (clock adc_clk rise edge)    0.000     0.000 r  
                         input delay                  6.000     6.000    
    W15                                               0.000     6.000 r  adc_dat_i[5] (IN)
                         net (fo=0)                   0.000     6.000    adc_dat_i[5]
    W15                  IBUF (Prop_ibuf_I_O)         0.482     6.482 r  adc_dat_i_IBUF[5]_inst/O
                         net (fo=1, routed)           0.000     6.482    design_1_i/top_0/inst/adc_dat_i[5]
    ILOGIC_X1Y79         FDRE                                         r  design_1_i/top_0/inst/adc_r_reg[5]/D
  -------------------------------------------------------------------    -------------------

                         (clock clk_out1_design_1_clk_wiz_0_0 rise edge)
                                                      8.138     8.138 r  
    U18                                               0.000     8.138 r  CLK_IN_D_0_clk_p[0] (IN)
                         net (fo=0)                   0.000     8.138    design_1_i/util_ds_buf_0/U0/IBUF_DS_P[0]
    U18                  IBUFDS (Prop_ibufds_I_O)     0.370     8.508 r  design_1_i/util_ds_buf_0/U0/USE_IBUFDS.GEN_IBUFDS[0].IBUFDS_I/O
                         net (fo=1, routed)           0.674     9.182    design_1_i/clk_wiz_0/inst/clk_in1
    BUFGCTRL_X0Y17       BUFG (Prop_bufg_I_O)         0.027     9.209 r  design_1_i/clk_wiz_0/inst/clkin1_bufg/O
                         net (fo=1, routed)           0.602     9.811    design_1_i/clk_wiz_0/inst/clk_in1_design_1_clk_wiz_0_0
    PLLE2_ADV_X1Y0       PLLE2_ADV (Prop_plle2_adv_CLKIN1_CLKOUT0)
                                                     -1.169     8.641 r  design_1_i/clk_wiz_0/inst/plle2_adv_inst/CLKOUT0
                         net (fo=1, routed)           0.544     9.185    design_1_i/clk_wiz_0/inst/clk_out1_design_1_clk_wiz_0_0
    BUFGCTRL_X0Y0        BUFG (Prop_bufg_I_O)         0.026     9.211 r  design_1_i/clk_wiz_0/inst/clkout1_buf/O
                         net (fo=2997, routed)        0.623     9.834    design_1_i/top_0/inst/adc_clk
    ILOGIC_X1Y79         FDRE                                         r  design_1_i/top_0/inst/adc_r_reg[5]/C
                         clock pessimism              0.000     9.834    
                         clock uncertainty           -0.177     9.656    
    ILOGIC_X1Y79         FDRE (Setup_fdre_C_D)       -0.002     9.654    design_1_i/top_0/inst/adc_r_reg[5]
  -------------------------------------------------------------------
                         required time                          9.654    
                         arrival time                          -6.482    
  -------------------------------------------------------------------
                         slack                                  3.173    

Slack (MET) :             3.174ns  (required time - arrival time)
  Source:                 adc_dat_i[13]
                            (input port clocked by adc_clk  {rise@0.000ns fall@4.069ns period=8.138ns})
  Destination:            design_1_i/top_0/inst/adc_r_reg[13]/D
                            (rising edge-triggered cell FDRE clocked by clk_out1_design_1_clk_wiz_0_0  {rise@0.000ns fall@4.069ns period=8.138ns})
  Path Group:             clk_out1_design_1_clk_wiz_0_0
  Path Type:              Setup (Max at Fast Process Corner)
  Requirement:            8.138ns  (clk_out1_design_1_clk_wiz_0_0 rise@8.138ns - adc_clk rise@0.000ns)
  Data Path Delay:        0.481ns  (logic 0.481ns (100.000%)  route 0.000ns (0.000%))
  Logic Levels:           1  (IBUF=1)
  Input Delay:            6.000ns
  Clock Path Skew:        1.696ns (DCD - SCD + CPR)
    Destination Clock Delay (DCD):    1.696ns = ( 9.834 - 8.138 ) 
    Source Clock Delay      (SCD):    0.000ns
    Clock Pessimism Removal (CPR):    0.000ns
  Clock Uncertainty:      0.177ns  ((TSJ^2 + DJ^2)^1/2) / 2 + PE
    Total System Jitter     (TSJ):    0.071ns
    Discrete Jitter          (DJ):    0.126ns
    Phase Error              (PE):    0.105ns

    Location             Delay type                Incr(ns)  Path(ns)    Netlist Resource(s)
  -------------------------------------------------------------------    -------------------
                         (clock adc_clk rise edge)    0.000     0.000 r  
                         input delay                  6.000     6.000    
    V15                                               0.000     6.000 r  adc_dat_i[13] (IN)
                         net (fo=0)                   0.000     6.000    adc_dat_i[13]
    V15                  IBUF (Prop_ibuf_I_O)         0.481     6.481 r  adc_dat_i_IBUF[13]_inst/O
                         net (fo=1, routed)           0.000     6.481    design_1_i/top_0/inst/adc_dat_i[13]
    ILOGIC_X1Y80         FDRE                                         r  design_1_i/top_0/inst/adc_r_reg[13]/D
  -------------------------------------------------------------------    -------------------

                         (clock clk_out1_design_1_clk_wiz_0_0 rise edge)
                                                      8.138     8.138 r  
    U18                                               0.000     8.138 r  CLK_IN_D_0_clk_p[0] (IN)
                         net (fo=0)                   0.000     8.138    design_1_i/util_ds_buf_0/U0/IBUF_DS_P[0]
    U18                  IBUFDS (Prop_ibufds_I_O)     0.370     8.508 r  design_1_i/util_ds_buf_0/U0/USE_IBUFDS.GEN_IBUFDS[0].IBUFDS_I/O
                         net (fo=1, routed)           0.674     9.182    design_1_i/clk_wiz_0/inst/clk_in1
    BUFGCTRL_X0Y17       BUFG (Prop_bufg_I_O)         0.027     9.209 r  design_1_i/clk_wiz_0/inst/clkin1_bufg/O
                         net (fo=1, routed)           0.602     9.811    design_1_i/clk_wiz_0/inst/clk_in1_design_1_clk_wiz_0_0
    PLLE2_ADV_X1Y0       PLLE2_ADV (Prop_plle2_adv_CLKIN1_CLKOUT0)
                                                     -1.169     8.641 r  design_1_i/clk_wiz_0/inst/plle2_adv_inst/CLKOUT0
                         net (fo=1, routed)           0.544     9.185    design_1_i/clk_wiz_0/inst/clk_out1_design_1_clk_wiz_0_0
    BUFGCTRL_X0Y0        BUFG (Prop_bufg_I_O)         0.026     9.211 r  design_1_i/clk_wiz_0/inst/clkout1_buf/O
                         net (fo=2997, routed)        0.623     9.834    design_1_i/top_0/inst/adc_clk
    ILOGIC_X1Y80         FDRE                                         r  design_1_i/top_0/inst/adc_r_reg[13]/C
                         clock pessimism              0.000     9.834    
                         clock uncertainty           -0.177     9.656    
    ILOGIC_X1Y80         FDRE (Setup_fdre_C_D)       -0.002     9.654    design_1_i/top_0/inst/adc_r_reg[13]
  -------------------------------------------------------------------
                         required time                          9.654    
                         arrival time                          -6.481    
  -------------------------------------------------------------------
                         slack                                  3.174    

Slack (MET) :             3.187ns  (required time - arrival time)
  Source:                 adc_dat_i[4]
                            (input port clocked by adc_clk  {rise@0.000ns fall@4.069ns period=8.138ns})
  Destination:            design_1_i/top_0/inst/adc_r_reg[4]/D
                            (rising edge-triggered cell FDRE clocked by clk_out1_design_1_clk_wiz_0_0  {rise@0.000ns fall@4.069ns period=8.138ns})
  Path Group:             clk_out1_design_1_clk_wiz_0_0
  Path Type:              Setup (Max at Fast Process Corner)
  Requirement:            8.138ns  (clk_out1_design_1_clk_wiz_0_0 rise@8.138ns - adc_clk rise@0.000ns)
  Data Path Delay:        0.472ns  (logic 0.472ns (100.000%)  route 0.000ns (0.000%))
  Logic Levels:           1  (IBUF=1)
  Input Delay:            6.000ns
  Clock Path Skew:        1.700ns (DCD - SCD + CPR)
    Destination Clock Delay (DCD):    1.700ns = ( 9.838 - 8.138 ) 
    Source Clock Delay      (SCD):    0.000ns
    Clock Pessimism Removal (CPR):    0.000ns
  Clock Uncertainty:      0.177ns  ((TSJ^2 + DJ^2)^1/2) / 2 + PE
    Total System Jitter     (TSJ):    0.071ns
    Discrete Jitter          (DJ):    0.126ns
    Phase Error              (PE):    0.105ns

    Location             Delay type                Incr(ns)  Path(ns)    Netlist Resource(s)
  -------------------------------------------------------------------    -------------------
                         (clock adc_clk rise edge)    0.000     0.000 r  
                         input delay                  6.000     6.000    
    Y16                                               0.000     6.000 r  adc_dat_i[4] (IN)
                         net (fo=0)                   0.000     6.000    adc_dat_i[4]
    Y16                  IBUF (Prop_ibuf_I_O)         0.472     6.472 r  adc_dat_i_IBUF[4]_inst/O
                         net (fo=1, routed)           0.000     6.472    design_1_i/top_0/inst/adc_dat_i[4]
    ILOGIC_X1Y86         FDRE                                         r  design_1_i/top_0/inst/adc_r_reg[4]/D
  -------------------------------------------------------------------    -------------------

                         (clock clk_out1_design_1_clk_wiz_0_0 rise edge)
                                                      8.138     8.138 r  
    U18                                               0.000     8.138 r  CLK_IN_D_0_clk_p[0] (IN)
                         net (fo=0)                   0.000     8.138    design_1_i/util_ds_buf_0/U0/IBUF_DS_P[0]
    U18                  IBUFDS (Prop_ibufds_I_O)     0.370     8.508 r  design_1_i/util_ds_buf_0/U0/USE_IBUFDS.GEN_IBUFDS[0].IBUFDS_I/O
                         net (fo=1, routed)           0.674     9.182    design_1_i/clk_wiz_0/inst/clk_in1
    BUFGCTRL_X0Y17       BUFG (Prop_bufg_I_O)         0.027     9.209 r  design_1_i/clk_wiz_0/inst/clkin1_bufg/O
                         net (fo=1, routed)           0.602     9.811    design_1_i/clk_wiz_0/inst/clk_in1_design_1_clk_wiz_0_0
    PLLE2_ADV_X1Y0       PLLE2_ADV (Prop_plle2_adv_CLKIN1_CLKOUT0)
                                                     -1.169     8.641 r  design_1_i/clk_wiz_0/inst/plle2_adv_inst/CLKOUT0
                         net (fo=1, routed)           0.544     9.185    design_1_i/clk_wiz_0/inst/clk_out1_design_1_clk_wiz_0_0
    BUFGCTRL_X0Y0        BUFG (Prop_bufg_I_O)         0.026     9.211 r  design_1_i/clk_wiz_0/inst/clkout1_buf/O
                         net (fo=2997, routed)        0.627     9.838    design_1_i/top_0/inst/adc_clk
    ILOGIC_X1Y86         FDRE                                         r  design_1_i/top_0/inst/adc_r_reg[4]/C
                         clock pessimism              0.000     9.838    
                         clock uncertainty           -0.177     9.660    
    ILOGIC_X1Y86         FDRE (Setup_fdre_C_D)       -0.002     9.658    design_1_i/top_0/inst/adc_r_reg[4]
  -------------------------------------------------------------------
                         required time                          9.658    
                         arrival time                          -6.472    
  -------------------------------------------------------------------
                         slack                                  3.187    

Slack (MET) :             3.188ns  (required time - arrival time)
  Source:                 adc_dat_i[10]
                            (input port clocked by adc_clk  {rise@0.000ns fall@4.069ns period=8.138ns})
  Destination:            design_1_i/top_0/inst/adc_r_reg[10]/D
                            (rising edge-triggered cell FDRE clocked by clk_out1_design_1_clk_wiz_0_0  {rise@0.000ns fall@4.069ns period=8.138ns})
  Path Group:             clk_out1_design_1_clk_wiz_0_0
  Path Type:              Setup (Max at Fast Process Corner)
  Requirement:            8.138ns  (clk_out1_design_1_clk_wiz_0_0 rise@8.138ns - adc_clk rise@0.000ns)
  Data Path Delay:        0.473ns  (logic 0.473ns (100.000%)  route 0.000ns (0.000%))
  Logic Levels:           1  (IBUF=1)
  Input Delay:            6.000ns
  Clock Path Skew:        1.702ns (DCD - SCD + CPR)
    Destination Clock Delay (DCD):    1.702ns = ( 9.840 - 8.138 ) 
    Source Clock Delay      (SCD):    0.000ns
    Clock Pessimism Removal (CPR):    0.000ns
  Clock Uncertainty:      0.177ns  ((TSJ^2 + DJ^2)^1/2) / 2 + PE
    Total System Jitter     (TSJ):    0.071ns
    Discrete Jitter          (DJ):    0.126ns
    Phase Error              (PE):    0.105ns

    Location             Delay type                Incr(ns)  Path(ns)    Netlist Resource(s)
  -------------------------------------------------------------------    -------------------
                         (clock adc_clk rise edge)    0.000     0.000 r  
                         input delay                  6.000     6.000    
    V13                                               0.000     6.000 r  adc_dat_i[10] (IN)
                         net (fo=0)                   0.000     6.000    adc_dat_i[10]
    V13                  IBUF (Prop_ibuf_I_O)         0.473     6.473 r  adc_dat_i_IBUF[10]_inst/O
                         net (fo=1, routed)           0.000     6.473    design_1_i/top_0/inst/adc_dat_i[10]
    ILOGIC_X1Y93         FDRE                                         r  design_1_i/top_0/inst/adc_r_reg[10]/D
  -------------------------------------------------------------------    -------------------

                         (clock clk_out1_design_1_clk_wiz_0_0 rise edge)
                                                      8.138     8.138 r  
    U18                                               0.000     8.138 r  CLK_IN_D_0_clk_p[0] (IN)
                         net (fo=0)                   0.000     8.138    design_1_i/util_ds_buf_0/U0/IBUF_DS_P[0]
    U18                  IBUFDS (Prop_ibufds_I_O)     0.370     8.508 r  design_1_i/util_ds_buf_0/U0/USE_IBUFDS.GEN_IBUFDS[0].IBUFDS_I/O
                         net (fo=1, routed)           0.674     9.182    design_1_i/clk_wiz_0/inst/clk_in1
    BUFGCTRL_X0Y17       BUFG (Prop_bufg_I_O)         0.027     9.209 r  design_1_i/clk_wiz_0/inst/clkin1_bufg/O
                         net (fo=1, routed)           0.602     9.811    design_1_i/clk_wiz_0/inst/clk_in1_design_1_clk_wiz_0_0
    PLLE2_ADV_X1Y0       PLLE2_ADV (Prop_plle2_adv_CLKIN1_CLKOUT0)
                                                     -1.169     8.641 r  design_1_i/clk_wiz_0/inst/plle2_adv_inst/CLKOUT0
                         net (fo=1, routed)           0.544     9.185    design_1_i/clk_wiz_0/inst/clk_out1_design_1_clk_wiz_0_0
    BUFGCTRL_X0Y0        BUFG (Prop_bufg_I_O)         0.026     9.211 r  design_1_i/clk_wiz_0/inst/clkout1_buf/O
                         net (fo=2997, routed)        0.629     9.840    design_1_i/top_0/inst/adc_clk
    ILOGIC_X1Y93         FDRE                                         r  design_1_i/top_0/inst/adc_r_reg[10]/C
                         clock pessimism              0.000     9.840    
                         clock uncertainty           -0.177     9.662    
    ILOGIC_X1Y93         FDRE (Setup_fdre_C_D)       -0.002     9.660    design_1_i/top_0/inst/adc_r_reg[10]
  -------------------------------------------------------------------
                         required time                          9.660    
                         arrival time                          -6.473    
  -------------------------------------------------------------------
                         slack                                  3.188    

Slack (MET) :             3.189ns  (required time - arrival time)
  Source:                 adc_dat_i[2]
                            (input port clocked by adc_clk  {rise@0.000ns fall@4.069ns period=8.138ns})
  Destination:            design_1_i/top_0/inst/adc_r_reg[2]/D
                            (rising edge-triggered cell FDRE clocked by clk_out1_design_1_clk_wiz_0_0  {rise@0.000ns fall@4.069ns period=8.138ns})
  Path Group:             clk_out1_design_1_clk_wiz_0_0
  Path Type:              Setup (Max at Fast Process Corner)
  Requirement:            8.138ns  (clk_out1_design_1_clk_wiz_0_0 rise@8.138ns - adc_clk rise@0.000ns)
  Data Path Delay:        0.469ns  (logic 0.469ns (100.000%)  route 0.000ns (0.000%))
  Logic Levels:           1  (IBUF=1)
  Input Delay:            6.000ns
  Clock Path Skew:        1.700ns (DCD - SCD + CPR)
    Destination Clock Delay (DCD):    1.700ns = ( 9.838 - 8.138 ) 
    Source Clock Delay      (SCD):    0.000ns
    Clock Pessimism Removal (CPR):    0.000ns
  Clock Uncertainty:      0.177ns  ((TSJ^2 + DJ^2)^1/2) / 2 + PE
    Total System Jitter     (TSJ):    0.071ns
    Discrete Jitter          (DJ):    0.126ns
    Phase Error              (PE):    0.105ns

    Location             Delay type                Incr(ns)  Path(ns)    Netlist Resource(s)
  -------------------------------------------------------------------    -------------------
                         (clock adc_clk rise edge)    0.000     0.000 r  
                         input delay                  6.000     6.000    
    Y17                                               0.000     6.000 r  adc_dat_i[2] (IN)
                         net (fo=0)                   0.000     6.000    adc_dat_i[2]
    Y17                  IBUF (Prop_ibuf_I_O)         0.469     6.469 r  adc_dat_i_IBUF[2]_inst/O
                         net (fo=1, routed)           0.000     6.469    design_1_i/top_0/inst/adc_dat_i[2]
    ILOGIC_X1Y85         FDRE                                         r  design_1_i/top_0/inst/adc_r_reg[2]/D
  -------------------------------------------------------------------    -------------------

                         (clock clk_out1_design_1_clk_wiz_0_0 rise edge)
                                                      8.138     8.138 r  
    U18                                               0.000     8.138 r  CLK_IN_D_0_clk_p[0] (IN)
                         net (fo=0)                   0.000     8.138    design_1_i/util_ds_buf_0/U0/IBUF_DS_P[0]
    U18                  IBUFDS (Prop_ibufds_I_O)     0.370     8.508 r  design_1_i/util_ds_buf_0/U0/USE_IBUFDS.GEN_IBUFDS[0].IBUFDS_I/O
                         net (fo=1, routed)           0.674     9.182    design_1_i/clk_wiz_0/inst/clk_in1
    BUFGCTRL_X0Y17       BUFG (Prop_bufg_I_O)         0.027     9.209 r  design_1_i/clk_wiz_0/inst/clkin1_bufg/O
                         net (fo=1, routed)           0.602     9.811    design_1_i/clk_wiz_0/inst/clk_in1_design_1_clk_wiz_0_0
    PLLE2_ADV_X1Y0       PLLE2_ADV (Prop_plle2_adv_CLKIN1_CLKOUT0)
                                                     -1.169     8.641 r  design_1_i/clk_wiz_0/inst/plle2_adv_inst/CLKOUT0
                         net (fo=1, routed)           0.544     9.185    design_1_i/clk_wiz_0/inst/clk_out1_design_1_clk_wiz_0_0
    BUFGCTRL_X0Y0        BUFG (Prop_bufg_I_O)         0.026     9.211 r  design_1_i/clk_wiz_0/inst/clkout1_buf/O
                         net (fo=2997, routed)        0.627     9.838    design_1_i/top_0/inst/adc_clk
    ILOGIC_X1Y85         FDRE                                         r  design_1_i/top_0/inst/adc_r_reg[2]/C
                         clock pessimism              0.000     9.838    
                         clock uncertainty           -0.177     9.660    
    ILOGIC_X1Y85         FDRE (Setup_fdre_C_D)       -0.002     9.658    design_1_i/top_0/inst/adc_r_reg[2]
  -------------------------------------------------------------------
                         required time                          9.658    
                         arrival time                          -6.469    
  -------------------------------------------------------------------
                         slack                                  3.189    

Slack (MET) :             3.206ns  (required time - arrival time)
  Source:                 adc_dat_i[1]
                            (input port clocked by adc_clk  {rise@0.000ns fall@4.069ns period=8.138ns})
  Destination:            design_1_i/top_0/inst/adc_r_reg[1]/D
                            (rising edge-triggered cell FDRE clocked by clk_out1_design_1_clk_wiz_0_0  {rise@0.000ns fall@4.069ns period=8.138ns})
  Path Group:             clk_out1_design_1_clk_wiz_0_0
  Path Type:              Setup (Max at Fast Process Corner)
  Requirement:            8.138ns  (clk_out1_design_1_clk_wiz_0_0 rise@8.138ns - adc_clk rise@0.000ns)
  Data Path Delay:        0.451ns  (logic 0.451ns (100.000%)  route 0.000ns (0.000%))
  Logic Levels:           1  (IBUF=1)
  Input Delay:            6.000ns
  Clock Path Skew:        1.698ns (DCD - SCD + CPR)
    Destination Clock Delay (DCD):    1.698ns = ( 9.836 - 8.138 ) 
    Source Clock Delay      (SCD):    0.000ns
    Clock Pessimism Removal (CPR):    0.000ns
  Clock Uncertainty:      0.177ns  ((TSJ^2 + DJ^2)^1/2) / 2 + PE
    Total System Jitter     (TSJ):    0.071ns
    Discrete Jitter          (DJ):    0.126ns
    Phase Error              (PE):    0.105ns

    Location             Delay type                Incr(ns)  Path(ns)    Netlist Resource(s)
  -------------------------------------------------------------------    -------------------
                         (clock adc_clk rise edge)    0.000     0.000 r  
                         input delay                  6.000     6.000    
    U17                                               0.000     6.000 r  adc_dat_i[1] (IN)
                         net (fo=0)                   0.000     6.000    adc_dat_i[1]
    U17                  IBUF (Prop_ibuf_I_O)         0.451     6.451 r  adc_dat_i_IBUF[1]_inst/O
                         net (fo=1, routed)           0.000     6.451    design_1_i/top_0/inst/adc_dat_i[1]
    ILOGIC_X1Y81         FDRE                                         r  design_1_i/top_0/inst/adc_r_reg[1]/D
  -------------------------------------------------------------------    -------------------

                         (clock clk_out1_design_1_clk_wiz_0_0 rise edge)
                                                      8.138     8.138 r  
    U18                                               0.000     8.138 r  CLK_IN_D_0_clk_p[0] (IN)
                         net (fo=0)                   0.000     8.138    design_1_i/util_ds_buf_0/U0/IBUF_DS_P[0]
    U18                  IBUFDS (Prop_ibufds_I_O)     0.370     8.508 r  design_1_i/util_ds_buf_0/U0/USE_IBUFDS.GEN_IBUFDS[0].IBUFDS_I/O
                         net (fo=1, routed)           0.674     9.182    design_1_i/clk_wiz_0/inst/clk_in1
    BUFGCTRL_X0Y17       BUFG (Prop_bufg_I_O)         0.027     9.209 r  design_1_i/clk_wiz_0/inst/clkin1_bufg/O
                         net (fo=1, routed)           0.602     9.811    design_1_i/clk_wiz_0/inst/clk_in1_design_1_clk_wiz_0_0
    PLLE2_ADV_X1Y0       PLLE2_ADV (Prop_plle2_adv_CLKIN1_CLKOUT0)
                                                     -1.169     8.641 r  design_1_i/clk_wiz_0/inst/plle2_adv_inst/CLKOUT0
                         net (fo=1, routed)           0.544     9.185    design_1_i/clk_wiz_0/inst/clk_out1_design_1_clk_wiz_0_0
    BUFGCTRL_X0Y0        BUFG (Prop_bufg_I_O)         0.026     9.211 r  design_1_i/clk_wiz_0/inst/clkout1_buf/O
                         net (fo=2997, routed)        0.625     9.836    design_1_i/top_0/inst/adc_clk
    ILOGIC_X1Y81         FDRE                                         r  design_1_i/top_0/inst/adc_r_reg[1]/C
                         clock pessimism              0.000     9.836    
                         clock uncertainty           -0.177     9.658    
    ILOGIC_X1Y81         FDRE (Setup_fdre_C_D)       -0.002     9.656    design_1_i/top_0/inst/adc_r_reg[1]
  -------------------------------------------------------------------
                         required time                          9.656    
                         arrival time                          -6.451    
  -------------------------------------------------------------------
                         slack                                  3.206    

Slack (MET) :             3.211ns  (required time - arrival time)
  Source:                 adc_dat_i[9]
                            (input port clocked by adc_clk  {rise@0.000ns fall@4.069ns period=8.138ns})
  Destination:            design_1_i/top_0/inst/adc_r_reg[9]/D
                            (rising edge-triggered cell FDRE clocked by clk_out1_design_1_clk_wiz_0_0  {rise@0.000ns fall@4.069ns period=8.138ns})
  Path Group:             clk_out1_design_1_clk_wiz_0_0
  Path Type:              Setup (Max at Fast Process Corner)
  Requirement:            8.138ns  (clk_out1_design_1_clk_wiz_0_0 rise@8.138ns - adc_clk rise@0.000ns)
  Data Path Delay:        0.449ns  (logic 0.449ns (100.000%)  route 0.000ns (0.000%))
  Logic Levels:           1  (IBUF=1)
  Input Delay:            6.000ns
  Clock Path Skew:        1.702ns (DCD - SCD + CPR)
    Destination Clock Delay (DCD):    1.702ns = ( 9.840 - 8.138 ) 
    Source Clock Delay      (SCD):    0.000ns
    Clock Pessimism Removal (CPR):    0.000ns
  Clock Uncertainty:      0.177ns  ((TSJ^2 + DJ^2)^1/2) / 2 + PE
    Total System Jitter     (TSJ):    0.071ns
    Discrete Jitter          (DJ):    0.126ns
    Phase Error              (PE):    0.105ns

    Location             Delay type                Incr(ns)  Path(ns)    Netlist Resource(s)
  -------------------------------------------------------------------    -------------------
                         (clock adc_clk rise edge)    0.000     0.000 r  
                         input delay                  6.000     6.000    
    V12                                               0.000     6.000 r  adc_dat_i[9] (IN)
                         net (fo=0)                   0.000     6.000    adc_dat_i[9]
    V12                  IBUF (Prop_ibuf_I_O)         0.449     6.449 r  adc_dat_i_IBUF[9]_inst/O
                         net (fo=1, routed)           0.000     6.449    design_1_i/top_0/inst/adc_dat_i[9]
    ILOGIC_X1Y92         FDRE                                         r  design_1_i/top_0/inst/adc_r_reg[9]/D
  -------------------------------------------------------------------    -------------------

                         (clock clk_out1_design_1_clk_wiz_0_0 rise edge)
                                                      8.138     8.138 r  
    U18                                               0.000     8.138 r  CLK_IN_D_0_clk_p[0] (IN)
                         net (fo=0)                   0.000     8.138    design_1_i/util_ds_buf_0/U0/IBUF_DS_P[0]
    U18                  IBUFDS (Prop_ibufds_I_O)     0.370     8.508 r  design_1_i/util_ds_buf_0/U0/USE_IBUFDS.GEN_IBUFDS[0].IBUFDS_I/O
                         net (fo=1, routed)           0.674     9.182    design_1_i/clk_wiz_0/inst/clk_in1
    BUFGCTRL_X0Y17       BUFG (Prop_bufg_I_O)         0.027     9.209 r  design_1_i/clk_wiz_0/inst/clkin1_bufg/O
                         net (fo=1, routed)           0.602     9.811    design_1_i/clk_wiz_0/inst/clk_in1_design_1_clk_wiz_0_0
    PLLE2_ADV_X1Y0       PLLE2_ADV (Prop_plle2_adv_CLKIN1_CLKOUT0)
                                                     -1.169     8.641 r  design_1_i/clk_wiz_0/inst/plle2_adv_inst/CLKOUT0
                         net (fo=1, routed)           0.544     9.185    design_1_i/clk_wiz_0/inst/clk_out1_design_1_clk_wiz_0_0
    BUFGCTRL_X0Y0        BUFG (Prop_bufg_I_O)         0.026     9.211 r  design_1_i/clk_wiz_0/inst/clkout1_buf/O
                         net (fo=2997, routed)        0.629     9.840    design_1_i/top_0/inst/adc_clk
    ILOGIC_X1Y92         FDRE                                         r  design_1_i/top_0/inst/adc_r_reg[9]/C
                         clock pessimism              0.000     9.840    
                         clock uncertainty           -0.177     9.662    
    ILOGIC_X1Y92         FDRE (Setup_fdre_C_D)       -0.002     9.660    design_1_i/top_0/inst/adc_r_reg[9]
  -------------------------------------------------------------------
                         required time                          9.660    
                         arrival time                          -6.449    
  -------------------------------------------------------------------
                         slack                                  3.211    

Slack (MET) :             3.224ns  (required time - arrival time)
  Source:                 adc_dat_i[14]
                            (input port clocked by adc_clk  {rise@0.000ns fall@4.069ns period=8.138ns})
  Destination:            design_1_i/top_0/inst/adc_r_reg[14]/D
                            (rising edge-triggered cell FDRE clocked by clk_out1_design_1_clk_wiz_0_0  {rise@0.000ns fall@4.069ns period=8.138ns})
  Path Group:             clk_out1_design_1_clk_wiz_0_0
  Path Type:              Setup (Max at Fast Process Corner)
  Requirement:            8.138ns  (clk_out1_design_1_clk_wiz_0_0 rise@8.138ns - adc_clk rise@0.000ns)
  Data Path Delay:        0.433ns  (logic 0.433ns (100.000%)  route 0.000ns (0.000%))
  Logic Levels:           1  (IBUF=1)
  Input Delay:            6.000ns
  Clock Path Skew:        1.698ns (DCD - SCD + CPR)
    Destination Clock Delay (DCD):    1.698ns = ( 9.836 - 8.138 ) 
    Source Clock Delay      (SCD):    0.000ns
    Clock Pessimism Removal (CPR):    0.000ns
  Clock Uncertainty:      0.177ns  ((TSJ^2 + DJ^2)^1/2) / 2 + PE
    Total System Jitter     (TSJ):    0.071ns
    Discrete Jitter          (DJ):    0.126ns
    Phase Error              (PE):    0.105ns

    Location             Delay type                Incr(ns)  Path(ns)    Netlist Resource(s)
  -------------------------------------------------------------------    -------------------
                         (clock adc_clk rise edge)    0.000     0.000 r  
                         input delay                  6.000     6.000    
    T16                                               0.000     6.000 r  adc_dat_i[14] (IN)
                         net (fo=0)                   0.000     6.000    adc_dat_i[14]
    T16                  IBUF (Prop_ibuf_I_O)         0.433     6.433 r  adc_dat_i_IBUF[14]_inst/O
                         net (fo=1, routed)           0.000     6.433    design_1_i/top_0/inst/adc_dat_i[14]
    ILOGIC_X1Y82         FDRE                                         r  design_1_i/top_0/inst/adc_r_reg[14]/D
  -------------------------------------------------------------------    -------------------

                         (clock clk_out1_design_1_clk_wiz_0_0 rise edge)
                                                      8.138     8.138 r  
    U18                                               0.000     8.138 r  CLK_IN_D_0_clk_p[0] (IN)
                         net (fo=0)                   0.000     8.138    design_1_i/util_ds_buf_0/U0/IBUF_DS_P[0]
    U18                  IBUFDS (Prop_ibufds_I_O)     0.370     8.508 r  design_1_i/util_ds_buf_0/U0/USE_IBUFDS.GEN_IBUFDS[0].IBUFDS_I/O
                         net (fo=1, routed)           0.674     9.182    design_1_i/clk_wiz_0/inst/clk_in1
    BUFGCTRL_X0Y17       BUFG (Prop_bufg_I_O)         0.027     9.209 r  design_1_i/clk_wiz_0/inst/clkin1_bufg/O
                         net (fo=1, routed)           0.602     9.811    design_1_i/clk_wiz_0/inst/clk_in1_design_1_clk_wiz_0_0
    PLLE2_ADV_X1Y0       PLLE2_ADV (Prop_plle2_adv_CLKIN1_CLKOUT0)
                                                     -1.169     8.641 r  design_1_i/clk_wiz_0/inst/plle2_adv_inst/CLKOUT0
                         net (fo=1, routed)           0.544     9.185    design_1_i/clk_wiz_0/inst/clk_out1_design_1_clk_wiz_0_0
    BUFGCTRL_X0Y0        BUFG (Prop_bufg_I_O)         0.026     9.211 r  design_1_i/clk_wiz_0/inst/clkout1_buf/O
                         net (fo=2997, routed)        0.625     9.836    design_1_i/top_0/inst/adc_clk
    ILOGIC_X1Y82         FDRE                                         r  design_1_i/top_0/inst/adc_r_reg[14]/C
                         clock pessimism              0.000     9.836    
                         clock uncertainty           -0.177     9.658    
    ILOGIC_X1Y82         FDRE (Setup_fdre_C_D)       -0.002     9.656    design_1_i/top_0/inst/adc_r_reg[14]
  -------------------------------------------------------------------
                         required time                          9.656    
                         arrival time                          -6.433    
  -------------------------------------------------------------------
                         slack                                  3.224    





Min Delay Paths
--------------------------------------------------------------------------------------
Slack (MET) :             1.335ns  (arrival time - required time)
  Source:                 adc_dat_i[15]
                            (input port clocked by adc_clk  {rise@0.000ns fall@4.069ns period=8.138ns})
  Destination:            design_1_i/top_0/inst/adc_r_reg[15]/D
                            (rising edge-triggered cell FDRE clocked by clk_out1_design_1_clk_wiz_0_0  {rise@0.000ns fall@4.069ns period=8.138ns})
  Path Group:             clk_out1_design_1_clk_wiz_0_0
  Path Type:              Hold (Min at Slow Process Corner)
  Requirement:            0.000ns  (clk_out1_design_1_clk_wiz_0_0 rise@0.000ns - adc_clk rise@0.000ns)
  Data Path Delay:        0.850ns  (logic 0.850ns (100.000%)  route 0.000ns (0.000%))
  Logic Levels:           1  (IBUF=1)
  Input Delay:            6.000ns
  Clock Path Skew:        5.146ns (DCD - SCD - CPR)
    Destination Clock Delay (DCD):    5.146ns
    Source Clock Delay      (SCD):    0.000ns
    Clock Pessimism Removal (CPR):    -0.000ns
  Clock Uncertainty:      0.177ns  ((TSJ^2 + DJ^2)^1/2) / 2 + PE
    Total System Jitter     (TSJ):    0.071ns
    Discrete Jitter          (DJ):    0.126ns
    Phase Error              (PE):    0.105ns

    Location             Delay type                Incr(ns)  Path(ns)    Netlist Resource(s)
  -------------------------------------------------------------------    -------------------
                         (clock adc_clk rise edge)    0.000     0.000 r  
                         input delay                  6.000     6.000    
    V16                                               0.000     6.000 r  adc_dat_i[15] (IN)
                         net (fo=0)                   0.000     6.000    adc_dat_i[15]
    V16                  IBUF (Prop_ibuf_I_O)         0.850     6.850 r  adc_dat_i_IBUF[15]_inst/O
                         net (fo=1, routed)           0.000     6.850    design_1_i/top_0/inst/adc_dat_i[15]
    ILOGIC_X1Y64         FDRE                                         r  design_1_i/top_0/inst/adc_r_reg[15]/D
  -------------------------------------------------------------------    -------------------

                         (clock clk_out1_design_1_clk_wiz_0_0 rise edge)
                                                      0.000     0.000 r  
    U18                                               0.000     0.000 r  CLK_IN_D_0_clk_p[0] (IN)
                         net (fo=0)                   0.000     0.000    design_1_i/util_ds_buf_0/U0/IBUF_DS_P[0]
    U18                  IBUFDS (Prop_ibufds_I_O)     0.951     0.951 r  design_1_i/util_ds_buf_0/U0/USE_IBUFDS.GEN_IBUFDS[0].IBUFDS_I/O
                         net (fo=1, routed)           2.205     3.156    design_1_i/clk_wiz_0/inst/clk_in1
    BUFGCTRL_X0Y17       BUFG (Prop_bufg_I_O)         0.102     3.258 r  design_1_i/clk_wiz_0/inst/clkin1_bufg/O
                         net (fo=1, routed)           1.831     5.089    design_1_i/clk_wiz_0/inst/clk_in1_design_1_clk_wiz_0_0
    PLLE2_ADV_X1Y0       PLLE2_ADV (Prop_plle2_adv_CLKIN1_CLKOUT0)
                                                     -3.812     1.277 r  design_1_i/clk_wiz_0/inst/plle2_adv_inst/CLKOUT0
                         net (fo=1, routed)           1.883     3.160    design_1_i/clk_wiz_0/inst/clk_out1_design_1_clk_wiz_0_0
    BUFGCTRL_X0Y0        BUFG (Prop_bufg_I_O)         0.101     3.261 r  design_1_i/clk_wiz_0/inst/clkout1_buf/O
                         net (fo=2997, routed)        1.884     5.146    design_1_i/top_0/inst/adc_clk
    ILOGIC_X1Y64         FDRE                                         r  design_1_i/top_0/inst/adc_r_reg[15]/C
                         clock pessimism              0.000     5.146    
                         clock uncertainty            0.177     5.323    
    ILOGIC_X1Y64         FDRE (Hold_fdre_C_D)         0.191     5.514    design_1_i/top_0/inst/adc_r_reg[15]
  -------------------------------------------------------------------
                         required time                         -5.514    
                         arrival time                           6.850    
  -------------------------------------------------------------------
                         slack                                  1.335    

Slack (MET) :             1.336ns  (arrival time - required time)
  Source:                 adc_dat_i[3]
                            (input port clocked by adc_clk  {rise@0.000ns fall@4.069ns period=8.138ns})
  Destination:            design_1_i/top_0/inst/adc_r_reg[3]/D
                            (rising edge-triggered cell FDRE clocked by clk_out1_design_1_clk_wiz_0_0  {rise@0.000ns fall@4.069ns period=8.138ns})
  Path Group:             clk_out1_design_1_clk_wiz_0_0
  Path Type:              Hold (Min at Slow Process Corner)
  Requirement:            0.000ns  (clk_out1_design_1_clk_wiz_0_0 rise@0.000ns - adc_clk rise@0.000ns)
  Data Path Delay:        0.850ns  (logic 0.850ns (100.000%)  route 0.000ns (0.000%))
  Logic Levels:           1  (IBUF=1)
  Input Delay:            6.000ns
  Clock Path Skew:        5.146ns (DCD - SCD - CPR)
    Destination Clock Delay (DCD):    5.146ns
    Source Clock Delay      (SCD):    0.000ns
    Clock Pessimism Removal (CPR):    -0.000ns
  Clock Uncertainty:      0.177ns  ((TSJ^2 + DJ^2)^1/2) / 2 + PE
    Total System Jitter     (TSJ):    0.071ns
    Discrete Jitter          (DJ):    0.126ns
    Phase Error              (PE):    0.105ns

    Location             Delay type                Incr(ns)  Path(ns)    Netlist Resource(s)
  -------------------------------------------------------------------    -------------------
                         (clock adc_clk rise edge)    0.000     0.000 r  
                         input delay                  6.000     6.000    
    W16                                               0.000     6.000 r  adc_dat_i[3] (IN)
                         net (fo=0)                   0.000     6.000    adc_dat_i[3]
    W16                  IBUF (Prop_ibuf_I_O)         0.850     6.850 r  adc_dat_i_IBUF[3]_inst/O
                         net (fo=1, routed)           0.000     6.850    design_1_i/top_0/inst/adc_dat_i[3]
    ILOGIC_X1Y63         FDRE                                         r  design_1_i/top_0/inst/adc_r_reg[3]/D
  -------------------------------------------------------------------    -------------------

                         (clock clk_out1_design_1_clk_wiz_0_0 rise edge)
                                                      0.000     0.000 r  
    U18                                               0.000     0.000 r  CLK_IN_D_0_clk_p[0] (IN)
                         net (fo=0)                   0.000     0.000    design_1_i/util_ds_buf_0/U0/IBUF_DS_P[0]
    U18                  IBUFDS (Prop_ibufds_I_O)     0.951     0.951 r  design_1_i/util_ds_buf_0/U0/USE_IBUFDS.GEN_IBUFDS[0].IBUFDS_I/O
                         net (fo=1, routed)           2.205     3.156    design_1_i/clk_wiz_0/inst/clk_in1
    BUFGCTRL_X0Y17       BUFG (Prop_bufg_I_O)         0.102     3.258 r  design_1_i/clk_wiz_0/inst/clkin1_bufg/O
                         net (fo=1, routed)           1.831     5.089    design_1_i/clk_wiz_0/inst/clk_in1_design_1_clk_wiz_0_0
    PLLE2_ADV_X1Y0       PLLE2_ADV (Prop_plle2_adv_CLKIN1_CLKOUT0)
                                                     -3.812     1.277 r  design_1_i/clk_wiz_0/inst/plle2_adv_inst/CLKOUT0
                         net (fo=1, routed)           1.883     3.160    design_1_i/clk_wiz_0/inst/clk_out1_design_1_clk_wiz_0_0
    BUFGCTRL_X0Y0        BUFG (Prop_bufg_I_O)         0.101     3.261 r  design_1_i/clk_wiz_0/inst/clkout1_buf/O
                         net (fo=2997, routed)        1.884     5.146    design_1_i/top_0/inst/adc_clk
    ILOGIC_X1Y63         FDRE                                         r  design_1_i/top_0/inst/adc_r_reg[3]/C
                         clock pessimism              0.000     5.146    
                         clock uncertainty            0.177     5.323    
    ILOGIC_X1Y63         FDRE (Hold_fdre_C_D)         0.191     5.514    design_1_i/top_0/inst/adc_r_reg[3]
  -------------------------------------------------------------------
                         required time                         -5.514    
                         arrival time                           6.850    
  -------------------------------------------------------------------
                         slack                                  1.336    

Slack (MET) :             1.344ns  (arrival time - required time)
  Source:                 adc_dat_i[0]
                            (input port clocked by adc_clk  {rise@0.000ns fall@4.069ns period=8.138ns})
  Destination:            design_1_i/top_0/inst/adc_r_reg[0]/D
                            (rising edge-triggered cell FDRE clocked by clk_out1_design_1_clk_wiz_0_0  {rise@0.000ns fall@4.069ns period=8.138ns})
  Path Group:             clk_out1_design_1_clk_wiz_0_0
  Path Type:              Hold (Min at Slow Process Corner)
  Requirement:            0.000ns  (clk_out1_design_1_clk_wiz_0_0 rise@0.000ns - adc_clk rise@0.000ns)
  Data Path Delay:        0.862ns  (logic 0.862ns (100.000%)  route 0.000ns (0.000%))
  Logic Levels:           1  (IBUF=1)
  Input Delay:            6.000ns
  Clock Path Skew:        5.150ns (DCD - SCD - CPR)
    Destination Clock Delay (DCD):    5.150ns
    Source Clock Delay      (SCD):    0.000ns
    Clock Pessimism Removal (CPR):    -0.000ns
  Clock Uncertainty:      0.177ns  ((TSJ^2 + DJ^2)^1/2) / 2 + PE
    Total System Jitter     (TSJ):    0.071ns
    Discrete Jitter          (DJ):    0.126ns
    Phase Error              (PE):    0.105ns

    Location             Delay type                Incr(ns)  Path(ns)    Netlist Resource(s)
  -------------------------------------------------------------------    -------------------
                         (clock adc_clk rise edge)    0.000     0.000 r  
                         input delay                  6.000     6.000    
    V17                                               0.000     6.000 r  adc_dat_i[0] (IN)
                         net (fo=0)                   0.000     6.000    adc_dat_i[0]
    V17                  IBUF (Prop_ibuf_I_O)         0.862     6.862 r  adc_dat_i_IBUF[0]_inst/O
                         net (fo=1, routed)           0.000     6.862    design_1_i/top_0/inst/adc_dat_i[0]
    ILOGIC_X1Y58         FDRE                                         r  design_1_i/top_0/inst/adc_r_reg[0]/D
  -------------------------------------------------------------------    -------------------

                         (clock clk_out1_design_1_clk_wiz_0_0 rise edge)
                                                      0.000     0.000 r  
    U18                                               0.000     0.000 r  CLK_IN_D_0_clk_p[0] (IN)
                         net (fo=0)                   0.000     0.000    design_1_i/util_ds_buf_0/U0/IBUF_DS_P[0]
    U18                  IBUFDS (Prop_ibufds_I_O)     0.951     0.951 r  design_1_i/util_ds_buf_0/U0/USE_IBUFDS.GEN_IBUFDS[0].IBUFDS_I/O
                         net (fo=1, routed)           2.205     3.156    design_1_i/clk_wiz_0/inst/clk_in1
    BUFGCTRL_X0Y17       BUFG (Prop_bufg_I_O)         0.102     3.258 r  design_1_i/clk_wiz_0/inst/clkin1_bufg/O
                         net (fo=1, routed)           1.831     5.089    design_1_i/clk_wiz_0/inst/clk_in1_design_1_clk_wiz_0_0
    PLLE2_ADV_X1Y0       PLLE2_ADV (Prop_plle2_adv_CLKIN1_CLKOUT0)
                                                     -3.812     1.277 r  design_1_i/clk_wiz_0/inst/plle2_adv_inst/CLKOUT0
                         net (fo=1, routed)           1.883     3.160    design_1_i/clk_wiz_0/inst/clk_out1_design_1_clk_wiz_0_0
    BUFGCTRL_X0Y0        BUFG (Prop_bufg_I_O)         0.101     3.261 r  design_1_i/clk_wiz_0/inst/clkout1_buf/O
                         net (fo=2997, routed)        1.888     5.150    design_1_i/top_0/inst/adc_clk
    ILOGIC_X1Y58         FDRE                                         r  design_1_i/top_0/inst/adc_r_reg[0]/C
                         clock pessimism              0.000     5.150    
                         clock uncertainty            0.177     5.327    
    ILOGIC_X1Y58         FDRE (Hold_fdre_C_D)         0.191     5.518    design_1_i/top_0/inst/adc_r_reg[0]
  -------------------------------------------------------------------
                         required time                         -5.518    
                         arrival time                           6.862    
  -------------------------------------------------------------------
                         slack                                  1.344    

Slack (MET) :             1.357ns  (arrival time - required time)
  Source:                 adc_dat_i[12]
                            (input port clocked by adc_clk  {rise@0.000ns fall@4.069ns period=8.138ns})
  Destination:            design_1_i/top_0/inst/adc_r_reg[12]/D
                            (rising edge-triggered cell FDRE clocked by clk_out1_design_1_clk_wiz_0_0  {rise@0.000ns fall@4.069ns period=8.138ns})
  Path Group:             clk_out1_design_1_clk_wiz_0_0
  Path Type:              Hold (Min at Slow Process Corner)
  Requirement:            0.000ns  (clk_out1_design_1_clk_wiz_0_0 rise@0.000ns - adc_clk rise@0.000ns)
  Data Path Delay:        0.875ns  (logic 0.875ns (100.000%)  route 0.000ns (0.000%))
  Logic Levels:           1  (IBUF=1)
  Input Delay:            6.000ns
  Clock Path Skew:        5.149ns (DCD - SCD - CPR)
    Destination Clock Delay (DCD):    5.149ns
    Source Clock Delay      (SCD):    0.000ns
    Clock Pessimism Removal (CPR):    -0.000ns
  Clock Uncertainty:      0.177ns  ((TSJ^2 + DJ^2)^1/2) / 2 + PE
    Total System Jitter     (TSJ):    0.071ns
    Discrete Jitter          (DJ):    0.126ns
    Phase Error              (PE):    0.105ns

    Location             Delay type                Incr(ns)  Path(ns)    Netlist Resource(s)
  -------------------------------------------------------------------    -------------------
                         (clock adc_clk rise edge)    0.000     0.000 r  
                         input delay                  6.000     6.000    
    T15                                               0.000     6.000 r  adc_dat_i[12] (IN)
                         net (fo=0)                   0.000     6.000    adc_dat_i[12]
    T15                  IBUF (Prop_ibuf_I_O)         0.875     6.875 r  adc_dat_i_IBUF[12]_inst/O
                         net (fo=1, routed)           0.000     6.875    design_1_i/top_0/inst/adc_dat_i[12]
    ILOGIC_X1Y89         FDRE                                         r  design_1_i/top_0/inst/adc_r_reg[12]/D
  -------------------------------------------------------------------    -------------------

                         (clock clk_out1_design_1_clk_wiz_0_0 rise edge)
                                                      0.000     0.000 r  
    U18                                               0.000     0.000 r  CLK_IN_D_0_clk_p[0] (IN)
                         net (fo=0)                   0.000     0.000    design_1_i/util_ds_buf_0/U0/IBUF_DS_P[0]
    U18                  IBUFDS (Prop_ibufds_I_O)     0.951     0.951 r  design_1_i/util_ds_buf_0/U0/USE_IBUFDS.GEN_IBUFDS[0].IBUFDS_I/O
                         net (fo=1, routed)           2.205     3.156    design_1_i/clk_wiz_0/inst/clk_in1
    BUFGCTRL_X0Y17       BUFG (Prop_bufg_I_O)         0.102     3.258 r  design_1_i/clk_wiz_0/inst/clkin1_bufg/O
                         net (fo=1, routed)           1.831     5.089    design_1_i/clk_wiz_0/inst/clk_in1_design_1_clk_wiz_0_0
    PLLE2_ADV_X1Y0       PLLE2_ADV (Prop_plle2_adv_CLKIN1_CLKOUT0)
                                                     -3.812     1.277 r  design_1_i/clk_wiz_0/inst/plle2_adv_inst/CLKOUT0
                         net (fo=1, routed)           1.883     3.160    design_1_i/clk_wiz_0/inst/clk_out1_design_1_clk_wiz_0_0
    BUFGCTRL_X0Y0        BUFG (Prop_bufg_I_O)         0.101     3.261 r  design_1_i/clk_wiz_0/inst/clkout1_buf/O
                         net (fo=2997, routed)        1.887     5.149    design_1_i/top_0/inst/adc_clk
    ILOGIC_X1Y89         FDRE                                         r  design_1_i/top_0/inst/adc_r_reg[12]/C
                         clock pessimism              0.000     5.149    
                         clock uncertainty            0.177     5.326    
    ILOGIC_X1Y89         FDRE (Hold_fdre_C_D)         0.191     5.517    design_1_i/top_0/inst/adc_r_reg[12]
  -------------------------------------------------------------------
                         required time                         -5.517    
                         arrival time                           6.875    
  -------------------------------------------------------------------
                         slack                                  1.357    

Slack (MET) :             1.362ns  (arrival time - required time)
  Source:                 adc_dat_i[11]
                            (input port clocked by adc_clk  {rise@0.000ns fall@4.069ns period=8.138ns})
  Destination:            design_1_i/top_0/inst/adc_r_reg[11]/D
                            (rising edge-triggered cell FDRE clocked by clk_out1_design_1_clk_wiz_0_0  {rise@0.000ns fall@4.069ns period=8.138ns})
  Path Group:             clk_out1_design_1_clk_wiz_0_0
  Path Type:              Hold (Min at Slow Process Corner)
  Requirement:            0.000ns  (clk_out1_design_1_clk_wiz_0_0 rise@0.000ns - adc_clk rise@0.000ns)
  Data Path Delay:        0.880ns  (logic 0.880ns (100.000%)  route 0.000ns (0.000%))
  Logic Levels:           1  (IBUF=1)
  Input Delay:            6.000ns
  Clock Path Skew:        5.149ns (DCD - SCD - CPR)
    Destination Clock Delay (DCD):    5.149ns
    Source Clock Delay      (SCD):    0.000ns
    Clock Pessimism Removal (CPR):    -0.000ns
  Clock Uncertainty:      0.177ns  ((TSJ^2 + DJ^2)^1/2) / 2 + PE
    Total System Jitter     (TSJ):    0.071ns
    Discrete Jitter          (DJ):    0.126ns
    Phase Error              (PE):    0.105ns

    Location             Delay type                Incr(ns)  Path(ns)    Netlist Resource(s)
  -------------------------------------------------------------------    -------------------
                         (clock adc_clk rise edge)    0.000     0.000 r  
                         input delay                  6.000     6.000    
    T14                                               0.000     6.000 r  adc_dat_i[11] (IN)
                         net (fo=0)                   0.000     6.000    adc_dat_i[11]
    T14                  IBUF (Prop_ibuf_I_O)         0.880     6.880 r  adc_dat_i_IBUF[11]_inst/O
                         net (fo=1, routed)           0.000     6.880    design_1_i/top_0/inst/adc_dat_i[11]
    ILOGIC_X1Y90         FDRE                                         r  design_1_i/top_0/inst/adc_r_reg[11]/D
  -------------------------------------------------------------------    -------------------

                         (clock clk_out1_design_1_clk_wiz_0_0 rise edge)
                                                      0.000     0.000 r  
    U18                                               0.000     0.000 r  CLK_IN_D_0_clk_p[0] (IN)
                         net (fo=0)                   0.000     0.000    design_1_i/util_ds_buf_0/U0/IBUF_DS_P[0]
    U18                  IBUFDS (Prop_ibufds_I_O)     0.951     0.951 r  design_1_i/util_ds_buf_0/U0/USE_IBUFDS.GEN_IBUFDS[0].IBUFDS_I/O
                         net (fo=1, routed)           2.205     3.156    design_1_i/clk_wiz_0/inst/clk_in1
    BUFGCTRL_X0Y17       BUFG (Prop_bufg_I_O)         0.102     3.258 r  design_1_i/clk_wiz_0/inst/clkin1_bufg/O
                         net (fo=1, routed)           1.831     5.089    design_1_i/clk_wiz_0/inst/clk_in1_design_1_clk_wiz_0_0
    PLLE2_ADV_X1Y0       PLLE2_ADV (Prop_plle2_adv_CLKIN1_CLKOUT0)
                                                     -3.812     1.277 r  design_1_i/clk_wiz_0/inst/plle2_adv_inst/CLKOUT0
                         net (fo=1, routed)           1.883     3.160    design_1_i/clk_wiz_0/inst/clk_out1_design_1_clk_wiz_0_0
    BUFGCTRL_X0Y0        BUFG (Prop_bufg_I_O)         0.101     3.261 r  design_1_i/clk_wiz_0/inst/clkout1_buf/O
                         net (fo=2997, routed)        1.887     5.149    design_1_i/top_0/inst/adc_clk
    ILOGIC_X1Y90         FDRE                                         r  design_1_i/top_0/inst/adc_r_reg[11]/C
                         clock pessimism              0.000     5.149    
                         clock uncertainty            0.177     5.326    
    ILOGIC_X1Y90         FDRE (Hold_fdre_C_D)         0.191     5.517    design_1_i/top_0/inst/adc_r_reg[11]
  -------------------------------------------------------------------
                         required time                         -5.517    
                         arrival time                           6.880    
  -------------------------------------------------------------------
                         slack                                  1.362    

Slack (MET) :             1.364ns  (arrival time - required time)
  Source:                 adc_dat_i[8]
                            (input port clocked by adc_clk  {rise@0.000ns fall@4.069ns period=8.138ns})
  Destination:            design_1_i/top_0/inst/adc_r_reg[8]/D
                            (rising edge-triggered cell FDRE clocked by clk_out1_design_1_clk_wiz_0_0  {rise@0.000ns fall@4.069ns period=8.138ns})
  Path Group:             clk_out1_design_1_clk_wiz_0_0
  Path Type:              Hold (Min at Slow Process Corner)
  Requirement:            0.000ns  (clk_out1_design_1_clk_wiz_0_0 rise@0.000ns - adc_clk rise@0.000ns)
  Data Path Delay:        0.882ns  (logic 0.882ns (100.000%)  route 0.000ns (0.000%))
  Logic Levels:           1  (IBUF=1)
  Input Delay:            6.000ns
  Clock Path Skew:        5.150ns (DCD - SCD - CPR)
    Destination Clock Delay (DCD):    5.150ns
    Source Clock Delay      (SCD):    0.000ns
    Clock Pessimism Removal (CPR):    -0.000ns
  Clock Uncertainty:      0.177ns  ((TSJ^2 + DJ^2)^1/2) / 2 + PE
    Total System Jitter     (TSJ):    0.071ns
    Discrete Jitter          (DJ):    0.126ns
    Phase Error              (PE):    0.105ns

    Location             Delay type                Incr(ns)  Path(ns)    Netlist Resource(s)
  -------------------------------------------------------------------    -------------------
                         (clock adc_clk rise edge)    0.000     0.000 r  
                         input delay                  6.000     6.000    
    W13                                               0.000     6.000 r  adc_dat_i[8] (IN)
                         net (fo=0)                   0.000     6.000    adc_dat_i[8]
    W13                  IBUF (Prop_ibuf_I_O)         0.882     6.882 r  adc_dat_i_IBUF[8]_inst/O
                         net (fo=1, routed)           0.000     6.882    design_1_i/top_0/inst/adc_dat_i[8]
    ILOGIC_X1Y91         FDRE                                         r  design_1_i/top_0/inst/adc_r_reg[8]/D
  -------------------------------------------------------------------    -------------------

                         (clock clk_out1_design_1_clk_wiz_0_0 rise edge)
                                                      0.000     0.000 r  
    U18                                               0.000     0.000 r  CLK_IN_D_0_clk_p[0] (IN)
                         net (fo=0)                   0.000     0.000    design_1_i/util_ds_buf_0/U0/IBUF_DS_P[0]
    U18                  IBUFDS (Prop_ibufds_I_O)     0.951     0.951 r  design_1_i/util_ds_buf_0/U0/USE_IBUFDS.GEN_IBUFDS[0].IBUFDS_I/O
                         net (fo=1, routed)           2.205     3.156    design_1_i/clk_wiz_0/inst/clk_in1
    BUFGCTRL_X0Y17       BUFG (Prop_bufg_I_O)         0.102     3.258 r  design_1_i/clk_wiz_0/inst/clkin1_bufg/O
                         net (fo=1, routed)           1.831     5.089    design_1_i/clk_wiz_0/inst/clk_in1_design_1_clk_wiz_0_0
    PLLE2_ADV_X1Y0       PLLE2_ADV (Prop_plle2_adv_CLKIN1_CLKOUT0)
                                                     -3.812     1.277 r  design_1_i/clk_wiz_0/inst/plle2_adv_inst/CLKOUT0
                         net (fo=1, routed)           1.883     3.160    design_1_i/clk_wiz_0/inst/clk_out1_design_1_clk_wiz_0_0
    BUFGCTRL_X0Y0        BUFG (Prop_bufg_I_O)         0.101     3.261 r  design_1_i/clk_wiz_0/inst/clkout1_buf/O
                         net (fo=2997, routed)        1.888     5.150    design_1_i/top_0/inst/adc_clk
    ILOGIC_X1Y91         FDRE                                         r  design_1_i/top_0/inst/adc_r_reg[8]/C
                         clock pessimism              0.000     5.150    
                         clock uncertainty            0.177     5.327    
    ILOGIC_X1Y91         FDRE (Hold_fdre_C_D)         0.191     5.518    design_1_i/top_0/inst/adc_r_reg[8]
  -------------------------------------------------------------------
                         required time                         -5.518    
                         arrival time                           6.882    
  -------------------------------------------------------------------
                         slack                                  1.364    

Slack (MET) :             1.371ns  (arrival time - required time)
  Source:                 adc_dat_i[14]
                            (input port clocked by adc_clk  {rise@0.000ns fall@4.069ns period=8.138ns})
  Destination:            design_1_i/top_0/inst/adc_r_reg[14]/D
                            (rising edge-triggered cell FDRE clocked by clk_out1_design_1_clk_wiz_0_0  {rise@0.000ns fall@4.069ns period=8.138ns})
  Path Group:             clk_out1_design_1_clk_wiz_0_0
  Path Type:              Hold (Min at Slow Process Corner)
  Requirement:            0.000ns  (clk_out1_design_1_clk_wiz_0_0 rise@0.000ns - adc_clk rise@0.000ns)
  Data Path Delay:        0.881ns  (logic 0.881ns (100.000%)  route 0.000ns (0.000%))
  Logic Levels:           1  (IBUF=1)
  Input Delay:            6.000ns
  Clock Path Skew:        5.142ns (DCD - SCD - CPR)
    Destination Clock Delay (DCD):    5.142ns
    Source Clock Delay      (SCD):    0.000ns
    Clock Pessimism Removal (CPR):    -0.000ns
  Clock Uncertainty:      0.177ns  ((TSJ^2 + DJ^2)^1/2) / 2 + PE
    Total System Jitter     (TSJ):    0.071ns
    Discrete Jitter          (DJ):    0.126ns
    Phase Error              (PE):    0.105ns

    Location             Delay type                Incr(ns)  Path(ns)    Netlist Resource(s)
  -------------------------------------------------------------------    -------------------
                         (clock adc_clk rise edge)    0.000     0.000 r  
                         input delay                  6.000     6.000    
    T16                                               0.000     6.000 r  adc_dat_i[14] (IN)
                         net (fo=0)                   0.000     6.000    adc_dat_i[14]
    T16                  IBUF (Prop_ibuf_I_O)         0.881     6.881 r  adc_dat_i_IBUF[14]_inst/O
                         net (fo=1, routed)           0.000     6.881    design_1_i/top_0/inst/adc_dat_i[14]
    ILOGIC_X1Y82         FDRE                                         r  design_1_i/top_0/inst/adc_r_reg[14]/D
  -------------------------------------------------------------------    -------------------

                         (clock clk_out1_design_1_clk_wiz_0_0 rise edge)
                                                      0.000     0.000 r  
    U18                                               0.000     0.000 r  CLK_IN_D_0_clk_p[0] (IN)
                         net (fo=0)                   0.000     0.000    design_1_i/util_ds_buf_0/U0/IBUF_DS_P[0]
    U18                  IBUFDS (Prop_ibufds_I_O)     0.951     0.951 r  design_1_i/util_ds_buf_0/U0/USE_IBUFDS.GEN_IBUFDS[0].IBUFDS_I/O
                         net (fo=1, routed)           2.205     3.156    design_1_i/clk_wiz_0/inst/clk_in1
    BUFGCTRL_X0Y17       BUFG (Prop_bufg_I_O)         0.102     3.258 r  design_1_i/clk_wiz_0/inst/clkin1_bufg/O
                         net (fo=1, routed)           1.831     5.089    design_1_i/clk_wiz_0/inst/clk_in1_design_1_clk_wiz_0_0
    PLLE2_ADV_X1Y0       PLLE2_ADV (Prop_plle2_adv_CLKIN1_CLKOUT0)
                                                     -3.812     1.277 r  design_1_i/clk_wiz_0/inst/plle2_adv_inst/CLKOUT0
                         net (fo=1, routed)           1.883     3.160    design_1_i/clk_wiz_0/inst/clk_out1_design_1_clk_wiz_0_0
    BUFGCTRL_X0Y0        BUFG (Prop_bufg_I_O)         0.101     3.261 r  design_1_i/clk_wiz_0/inst/clkout1_buf/O
                         net (fo=2997, routed)        1.880     5.142    design_1_i/top_0/inst/adc_clk
    ILOGIC_X1Y82         FDRE                                         r  design_1_i/top_0/inst/adc_r_reg[14]/C
                         clock pessimism              0.000     5.142    
                         clock uncertainty            0.177     5.319    
    ILOGIC_X1Y82         FDRE (Hold_fdre_C_D)         0.191     5.510    design_1_i/top_0/inst/adc_r_reg[14]
  -------------------------------------------------------------------
                         required time                         -5.510    
                         arrival time                           6.881    
  -------------------------------------------------------------------
                         slack                                  1.371    

Slack (MET) :             1.379ns  (arrival time - required time)
  Source:                 adc_dat_i[9]
                            (input port clocked by adc_clk  {rise@0.000ns fall@4.069ns period=8.138ns})
  Destination:            design_1_i/top_0/inst/adc_r_reg[9]/D
                            (rising edge-triggered cell FDRE clocked by clk_out1_design_1_clk_wiz_0_0  {rise@0.000ns fall@4.069ns period=8.138ns})
  Path Group:             clk_out1_design_1_clk_wiz_0_0
  Path Type:              Hold (Min at Slow Process Corner)
  Requirement:            0.000ns  (clk_out1_design_1_clk_wiz_0_0 rise@0.000ns - adc_clk rise@0.000ns)
  Data Path Delay:        0.897ns  (logic 0.897ns (100.000%)  route 0.000ns (0.000%))
  Logic Levels:           1  (IBUF=1)
  Input Delay:            6.000ns
  Clock Path Skew:        5.150ns (DCD - SCD - CPR)
    Destination Clock Delay (DCD):    5.150ns
    Source Clock Delay      (SCD):    0.000ns
    Clock Pessimism Removal (CPR):    -0.000ns
  Clock Uncertainty:      0.177ns  ((TSJ^2 + DJ^2)^1/2) / 2 + PE
    Total System Jitter     (TSJ):    0.071ns
    Discrete Jitter          (DJ):    0.126ns
    Phase Error              (PE):    0.105ns

    Location             Delay type                Incr(ns)  Path(ns)    Netlist Resource(s)
  -------------------------------------------------------------------    -------------------
                         (clock adc_clk rise edge)    0.000     0.000 r  
                         input delay                  6.000     6.000    
    V12                                               0.000     6.000 r  adc_dat_i[9] (IN)
                         net (fo=0)                   0.000     6.000    adc_dat_i[9]
    V12                  IBUF (Prop_ibuf_I_O)         0.897     6.897 r  adc_dat_i_IBUF[9]_inst/O
                         net (fo=1, routed)           0.000     6.897    design_1_i/top_0/inst/adc_dat_i[9]
    ILOGIC_X1Y92         FDRE                                         r  design_1_i/top_0/inst/adc_r_reg[9]/D
  -------------------------------------------------------------------    -------------------

                         (clock clk_out1_design_1_clk_wiz_0_0 rise edge)
                                                      0.000     0.000 r  
    U18                                               0.000     0.000 r  CLK_IN_D_0_clk_p[0] (IN)
                         net (fo=0)                   0.000     0.000    design_1_i/util_ds_buf_0/U0/IBUF_DS_P[0]
    U18                  IBUFDS (Prop_ibufds_I_O)     0.951     0.951 r  design_1_i/util_ds_buf_0/U0/USE_IBUFDS.GEN_IBUFDS[0].IBUFDS_I/O
                         net (fo=1, routed)           2.205     3.156    design_1_i/clk_wiz_0/inst/clk_in1
    BUFGCTRL_X0Y17       BUFG (Prop_bufg_I_O)         0.102     3.258 r  design_1_i/clk_wiz_0/inst/clkin1_bufg/O
                         net (fo=1, routed)           1.831     5.089    design_1_i/clk_wiz_0/inst/clk_in1_design_1_clk_wiz_0_0
    PLLE2_ADV_X1Y0       PLLE2_ADV (Prop_plle2_adv_CLKIN1_CLKOUT0)
                                                     -3.812     1.277 r  design_1_i/clk_wiz_0/inst/plle2_adv_inst/CLKOUT0
                         net (fo=1, routed)           1.883     3.160    design_1_i/clk_wiz_0/inst/clk_out1_design_1_clk_wiz_0_0
    BUFGCTRL_X0Y0        BUFG (Prop_bufg_I_O)         0.101     3.261 r  design_1_i/clk_wiz_0/inst/clkout1_buf/O
                         net (fo=2997, routed)        1.888     5.150    design_1_i/top_0/inst/adc_clk
    ILOGIC_X1Y92         FDRE                                         r  design_1_i/top_0/inst/adc_r_reg[9]/C
                         clock pessimism              0.000     5.150    
                         clock uncertainty            0.177     5.327    
    ILOGIC_X1Y92         FDRE (Hold_fdre_C_D)         0.191     5.518    design_1_i/top_0/inst/adc_r_reg[9]
  -------------------------------------------------------------------
                         required time                         -5.518    
                         arrival time                           6.897    
  -------------------------------------------------------------------
                         slack                                  1.379    

Slack (MET) :             1.389ns  (arrival time - required time)
  Source:                 adc_dat_i[1]
                            (input port clocked by adc_clk  {rise@0.000ns fall@4.069ns period=8.138ns})
  Destination:            design_1_i/top_0/inst/adc_r_reg[1]/D
                            (rising edge-triggered cell FDRE clocked by clk_out1_design_1_clk_wiz_0_0  {rise@0.000ns fall@4.069ns period=8.138ns})
  Path Group:             clk_out1_design_1_clk_wiz_0_0
  Path Type:              Hold (Min at Slow Process Corner)
  Requirement:            0.000ns  (clk_out1_design_1_clk_wiz_0_0 rise@0.000ns - adc_clk rise@0.000ns)
  Data Path Delay:        0.899ns  (logic 0.899ns (100.000%)  route 0.000ns (0.000%))
  Logic Levels:           1  (IBUF=1)
  Input Delay:            6.000ns
  Clock Path Skew:        5.142ns (DCD - SCD - CPR)
    Destination Clock Delay (DCD):    5.142ns
    Source Clock Delay      (SCD):    0.000ns
    Clock Pessimism Removal (CPR):    -0.000ns
  Clock Uncertainty:      0.177ns  ((TSJ^2 + DJ^2)^1/2) / 2 + PE
    Total System Jitter     (TSJ):    0.071ns
    Discrete Jitter          (DJ):    0.126ns
    Phase Error              (PE):    0.105ns

    Location             Delay type                Incr(ns)  Path(ns)    Netlist Resource(s)
  -------------------------------------------------------------------    -------------------
                         (clock adc_clk rise edge)    0.000     0.000 r  
                         input delay                  6.000     6.000    
    U17                                               0.000     6.000 r  adc_dat_i[1] (IN)
                         net (fo=0)                   0.000     6.000    adc_dat_i[1]
    U17                  IBUF (Prop_ibuf_I_O)         0.899     6.899 r  adc_dat_i_IBUF[1]_inst/O
                         net (fo=1, routed)           0.000     6.899    design_1_i/top_0/inst/adc_dat_i[1]
    ILOGIC_X1Y81         FDRE                                         r  design_1_i/top_0/inst/adc_r_reg[1]/D
  -------------------------------------------------------------------    -------------------

                         (clock clk_out1_design_1_clk_wiz_0_0 rise edge)
                                                      0.000     0.000 r  
    U18                                               0.000     0.000 r  CLK_IN_D_0_clk_p[0] (IN)
                         net (fo=0)                   0.000     0.000    design_1_i/util_ds_buf_0/U0/IBUF_DS_P[0]
    U18                  IBUFDS (Prop_ibufds_I_O)     0.951     0.951 r  design_1_i/util_ds_buf_0/U0/USE_IBUFDS.GEN_IBUFDS[0].IBUFDS_I/O
                         net (fo=1, routed)           2.205     3.156    design_1_i/clk_wiz_0/inst/clk_in1
    BUFGCTRL_X0Y17       BUFG (Prop_bufg_I_O)         0.102     3.258 r  design_1_i/clk_wiz_0/inst/clkin1_bufg/O
                         net (fo=1, routed)           1.831     5.089    design_1_i/clk_wiz_0/inst/clk_in1_design_1_clk_wiz_0_0
    PLLE2_ADV_X1Y0       PLLE2_ADV (Prop_plle2_adv_CLKIN1_CLKOUT0)
                                                     -3.812     1.277 r  design_1_i/clk_wiz_0/inst/plle2_adv_inst/CLKOUT0
                         net (fo=1, routed)           1.883     3.160    design_1_i/clk_wiz_0/inst/clk_out1_design_1_clk_wiz_0_0
    BUFGCTRL_X0Y0        BUFG (Prop_bufg_I_O)         0.101     3.261 r  design_1_i/clk_wiz_0/inst/clkout1_buf/O
                         net (fo=2997, routed)        1.880     5.142    design_1_i/top_0/inst/adc_clk
    ILOGIC_X1Y81         FDRE                                         r  design_1_i/top_0/inst/adc_r_reg[1]/C
                         clock pessimism              0.000     5.142    
                         clock uncertainty            0.177     5.319    
    ILOGIC_X1Y81         FDRE (Hold_fdre_C_D)         0.191     5.510    design_1_i/top_0/inst/adc_r_reg[1]
  -------------------------------------------------------------------
                         required time                         -5.510    
                         arrival time                           6.899    
  -------------------------------------------------------------------
                         slack                                  1.389    

Slack (MET) :             1.403ns  (arrival time - required time)
  Source:                 adc_dat_i[10]
                            (input port clocked by adc_clk  {rise@0.000ns fall@4.069ns period=8.138ns})
  Destination:            design_1_i/top_0/inst/adc_r_reg[10]/D
                            (rising edge-triggered cell FDRE clocked by clk_out1_design_1_clk_wiz_0_0  {rise@0.000ns fall@4.069ns period=8.138ns})
  Path Group:             clk_out1_design_1_clk_wiz_0_0
  Path Type:              Hold (Min at Slow Process Corner)
  Requirement:            0.000ns  (clk_out1_design_1_clk_wiz_0_0 rise@0.000ns - adc_clk rise@0.000ns)
  Data Path Delay:        0.921ns  (logic 0.921ns (100.000%)  route 0.000ns (0.000%))
  Logic Levels:           1  (IBUF=1)
  Input Delay:            6.000ns
  Clock Path Skew:        5.150ns (DCD - SCD - CPR)
    Destination Clock Delay (DCD):    5.150ns
    Source Clock Delay      (SCD):    0.000ns
    Clock Pessimism Removal (CPR):    -0.000ns
  Clock Uncertainty:      0.177ns  ((TSJ^2 + DJ^2)^1/2) / 2 + PE
    Total System Jitter     (TSJ):    0.071ns
    Discrete Jitter          (DJ):    0.126ns
    Phase Error              (PE):    0.105ns

    Location             Delay type                Incr(ns)  Path(ns)    Netlist Resource(s)
  -------------------------------------------------------------------    -------------------
                         (clock adc_clk rise edge)    0.000     0.000 r  
                         input delay                  6.000     6.000    
    V13                                               0.000     6.000 r  adc_dat_i[10] (IN)
                         net (fo=0)                   0.000     6.000    adc_dat_i[10]
    V13                  IBUF (Prop_ibuf_I_O)         0.921     6.921 r  adc_dat_i_IBUF[10]_inst/O
                         net (fo=1, routed)           0.000     6.921    design_1_i/top_0/inst/adc_dat_i[10]
    ILOGIC_X1Y93         FDRE                                         r  design_1_i/top_0/inst/adc_r_reg[10]/D
  -------------------------------------------------------------------    -------------------

                         (clock clk_out1_design_1_clk_wiz_0_0 rise edge)
                                                      0.000     0.000 r  
    U18                                               0.000     0.000 r  CLK_IN_D_0_clk_p[0] (IN)
                         net (fo=0)                   0.000     0.000    design_1_i/util_ds_buf_0/U0/IBUF_DS_P[0]
    U18                  IBUFDS (Prop_ibufds_I_O)     0.951     0.951 r  design_1_i/util_ds_buf_0/U0/USE_IBUFDS.GEN_IBUFDS[0].IBUFDS_I/O
                         net (fo=1, routed)           2.205     3.156    design_1_i/clk_wiz_0/inst/clk_in1
    BUFGCTRL_X0Y17       BUFG (Prop_bufg_I_O)         0.102     3.258 r  design_1_i/clk_wiz_0/inst/clkin1_bufg/O
                         net (fo=1, routed)           1.831     5.089    design_1_i/clk_wiz_0/inst/clk_in1_design_1_clk_wiz_0_0
    PLLE2_ADV_X1Y0       PLLE2_ADV (Prop_plle2_adv_CLKIN1_CLKOUT0)
                                                     -3.812     1.277 r  design_1_i/clk_wiz_0/inst/plle2_adv_inst/CLKOUT0
                         net (fo=1, routed)           1.883     3.160    design_1_i/clk_wiz_0/inst/clk_out1_design_1_clk_wiz_0_0
    BUFGCTRL_X0Y0        BUFG (Prop_bufg_I_O)         0.101     3.261 r  design_1_i/clk_wiz_0/inst/clkout1_buf/O
                         net (fo=2997, routed)        1.888     5.150    design_1_i/top_0/inst/adc_clk
    ILOGIC_X1Y93         FDRE                                         r  design_1_i/top_0/inst/adc_r_reg[10]/C
                         clock pessimism              0.000     5.150    
                         clock uncertainty            0.177     5.327    
    ILOGIC_X1Y93         FDRE (Hold_fdre_C_D)         0.191     5.518    design_1_i/top_0/inst/adc_r_reg[10]
  -------------------------------------------------------------------
                         required time                         -5.518    
                         arrival time                           6.921    
  -------------------------------------------------------------------
                         slack                                  1.403    





---------------------------------------------------------------------------------------------------
Path Group:  **async_default**
From Clock:  clk_fpga_0
  To Clock:  clk_fpga_0

Setup :            0  Failing Endpoints,  Worst Slack       16.503ns,  Total Violation        0.000ns
Hold  :            0  Failing Endpoints,  Worst Slack        0.461ns,  Total Violation        0.000ns
---------------------------------------------------------------------------------------------------


Max Delay Paths
--------------------------------------------------------------------------------------
Slack (MET) :             16.503ns  (required time - arrival time)
  Source:                 design_1_i/axi_mem_intercon/m00_couplers/auto_pc/inst/gen_axi4_axi3.axi3_conv_inst/USE_WRITE.write_addr_inst/USE_BURSTS.cmd_queue/inst/fifo_gen_inst/inst_fifo_gen/gconvfifo.rf/grf.rf/rstblk/ngwrdrst.grst.g7serrst.gnsckt_wrst.gcc_rst.sckt_wr_rst_cc_reg[1]/C
                            (rising edge-triggered cell FDRE clocked by clk_fpga_0  {rise@0.000ns fall@10.000ns period=20.000ns})
  Destination:            design_1_i/axi_mem_intercon/m00_couplers/auto_pc/inst/gen_axi4_axi3.axi3_conv_inst/USE_WRITE.write_addr_inst/USE_BURSTS.cmd_queue/inst/fifo_gen_inst/inst_fifo_gen/gconvfifo.rf/grf.rf/gntv_or_sync_fifo.gl0.wr/wpntr/gcc0.gc0.count_d1_reg[0]/CLR
                            (recovery check against rising-edge clock clk_fpga_0  {rise@0.000ns fall@10.000ns period=20.000ns})
  Path Group:             **async_default**
  Path Type:              Recovery (Max at Slow Process Corner)
  Requirement:            20.000ns  (clk_fpga_0 rise@20.000ns - clk_fpga_0 rise@0.000ns)
  Data Path Delay:        2.664ns  (logic 0.580ns (21.775%)  route 2.084ns (78.225%))
  Logic Levels:           1  (LUT3=1)
  Clock Path Skew:        -0.127ns (DCD - SCD + CPR)
    Destination Clock Delay (DCD):    2.752ns = ( 22.753 - 20.000 ) 
    Source Clock Delay      (SCD):    2.994ns
    Clock Pessimism Removal (CPR):    0.115ns
  Clock Uncertainty:      0.302ns  ((TSJ^2 + TIJ^2)^1/2 + DJ) / 2 + PE
    Total System Jitter     (TSJ):    0.071ns
    Total Input Jitter      (TIJ):    0.600ns
    Discrete Jitter          (DJ):    0.000ns
    Phase Error              (PE):    0.000ns

    Location             Delay type                Incr(ns)  Path(ns)    Netlist Resource(s)
  -------------------------------------------------------------------    -------------------
                         (clock clk_fpga_0 rise edge)
                                                      0.000     0.000 r  
    PS7_X0Y0             PS7                          0.000     0.000 r  design_1_i/processing_system7_0/inst/PS7_i/FCLKCLK[0]
                         net (fo=1, routed)           1.193     1.193    design_1_i/processing_system7_0/inst/FCLK_CLK_unbuffered[0]
    BUFGCTRL_X0Y16       BUFG (Prop_bufg_I_O)         0.101     1.294 r  design_1_i/processing_system7_0/inst/buffer_fclk_clk_0.FCLK_CLK_0_BUFG/O
                         net (fo=4892, routed)        1.700     2.994    design_1_i/axi_mem_intercon/m00_couplers/auto_pc/inst/gen_axi4_axi3.axi3_conv_inst/USE_WRITE.write_addr_inst/USE_BURSTS.cmd_queue/inst/fifo_gen_inst/inst_fifo_gen/gconvfifo.rf/grf.rf/rstblk/clk
    SLICE_X29Y50         FDRE                                         r  design_1_i/axi_mem_intercon/m00_couplers/auto_pc/inst/gen_axi4_axi3.axi3_conv_inst/USE_WRITE.write_addr_inst/USE_BURSTS.cmd_queue/inst/fifo_gen_inst/inst_fifo_gen/gconvfifo.rf/grf.rf/rstblk/ngwrdrst.grst.g7serrst.gnsckt_wrst.gcc_rst.sckt_wr_rst_cc_reg[1]/C
  -------------------------------------------------------------------    -------------------
    SLICE_X29Y50         FDRE (Prop_fdre_C_Q)         0.456     3.450 f  design_1_i/axi_mem_intercon/m00_couplers/auto_pc/inst/gen_axi4_axi3.axi3_conv_inst/USE_WRITE.write_addr_inst/USE_BURSTS.cmd_queue/inst/fifo_gen_inst/inst_fifo_gen/gconvfifo.rf/grf.rf/rstblk/ngwrdrst.grst.g7serrst.gnsckt_wrst.gcc_rst.sckt_wr_rst_cc_reg[1]/Q
                         net (fo=2, routed)           1.150     4.600    design_1_i/axi_mem_intercon/m00_couplers/auto_pc/inst/gen_axi4_axi3.axi3_conv_inst/USE_WRITE.write_addr_inst/USE_BURSTS.cmd_queue/inst/fifo_gen_inst/inst_fifo_gen/gconvfifo.rf/grf.rf/rstblk/sckt_wr_rst_cc[1]
    SLICE_X28Y49         LUT3 (Prop_lut3_I0_O)        0.124     4.724 f  design_1_i/axi_mem_intercon/m00_couplers/auto_pc/inst/gen_axi4_axi3.axi3_conv_inst/USE_WRITE.write_addr_inst/USE_BURSTS.cmd_queue/inst/fifo_gen_inst/inst_fifo_gen/gconvfifo.rf/grf.rf/rstblk/gpregsm1.curr_fwft_state[1]_i_2/O
                         net (fo=32, routed)          0.933     5.658    design_1_i/axi_mem_intercon/m00_couplers/auto_pc/inst/gen_axi4_axi3.axi3_conv_inst/USE_WRITE.write_addr_inst/USE_BURSTS.cmd_queue/inst/fifo_gen_inst/inst_fifo_gen/gconvfifo.rf/grf.rf/gntv_or_sync_fifo.gl0.wr/wpntr/AR[0]
    SLICE_X27Y48         FDCE                                         f  design_1_i/axi_mem_intercon/m00_couplers/auto_pc/inst/gen_axi4_axi3.axi3_conv_inst/USE_WRITE.write_addr_inst/USE_BURSTS.cmd_queue/inst/fifo_gen_inst/inst_fifo_gen/gconvfifo.rf/grf.rf/gntv_or_sync_fifo.gl0.wr/wpntr/gcc0.gc0.count_d1_reg[0]/CLR
  -------------------------------------------------------------------    -------------------

                         (clock clk_fpga_0 rise edge)
                                                     20.000    20.000 r  
    PS7_X0Y0             PS7                          0.000    20.000 r  design_1_i/processing_system7_0/inst/PS7_i/FCLKCLK[0]
                         net (fo=1, routed)           1.088    21.088    design_1_i/processing_system7_0/inst/FCLK_CLK_unbuffered[0]
    BUFGCTRL_X0Y16       BUFG (Prop_bufg_I_O)         0.091    21.179 r  design_1_i/processing_system7_0/inst/buffer_fclk_clk_0.FCLK_CLK_0_BUFG/O
                         net (fo=4892, routed)        1.573    22.753    design_1_i/axi_mem_intercon/m00_couplers/auto_pc/inst/gen_axi4_axi3.axi3_conv_inst/USE_WRITE.write_addr_inst/USE_BURSTS.cmd_queue/inst/fifo_gen_inst/inst_fifo_gen/gconvfifo.rf/grf.rf/gntv_or_sync_fifo.gl0.wr/wpntr/clk
    SLICE_X27Y48         FDCE                                         r  design_1_i/axi_mem_intercon/m00_couplers/auto_pc/inst/gen_axi4_axi3.axi3_conv_inst/USE_WRITE.write_addr_inst/USE_BURSTS.cmd_queue/inst/fifo_gen_inst/inst_fifo_gen/gconvfifo.rf/grf.rf/gntv_or_sync_fifo.gl0.wr/wpntr/gcc0.gc0.count_d1_reg[0]/C
                         clock pessimism              0.115    22.867    
                         clock uncertainty           -0.302    22.565    
    SLICE_X27Y48         FDCE (Recov_fdce_C_CLR)     -0.405    22.160    design_1_i/axi_mem_intercon/m00_couplers/auto_pc/inst/gen_axi4_axi3.axi3_conv_inst/USE_WRITE.write_addr_inst/USE_BURSTS.cmd_queue/inst/fifo_gen_inst/inst_fifo_gen/gconvfifo.rf/grf.rf/gntv_or_sync_fifo.gl0.wr/wpntr/gcc0.gc0.count_d1_reg[0]
  -------------------------------------------------------------------
                         required time                         22.160    
                         arrival time                          -5.658    
  -------------------------------------------------------------------
                         slack                                 16.503    

Slack (MET) :             16.503ns  (required time - arrival time)
  Source:                 design_1_i/axi_mem_intercon/m00_couplers/auto_pc/inst/gen_axi4_axi3.axi3_conv_inst/USE_WRITE.write_addr_inst/USE_BURSTS.cmd_queue/inst/fifo_gen_inst/inst_fifo_gen/gconvfifo.rf/grf.rf/rstblk/ngwrdrst.grst.g7serrst.gnsckt_wrst.gcc_rst.sckt_wr_rst_cc_reg[1]/C
                            (rising edge-triggered cell FDRE clocked by clk_fpga_0  {rise@0.000ns fall@10.000ns period=20.000ns})
  Destination:            design_1_i/axi_mem_intercon/m00_couplers/auto_pc/inst/gen_axi4_axi3.axi3_conv_inst/USE_WRITE.write_addr_inst/USE_BURSTS.cmd_queue/inst/fifo_gen_inst/inst_fifo_gen/gconvfifo.rf/grf.rf/gntv_or_sync_fifo.gl0.wr/wpntr/gcc0.gc0.count_d1_reg[1]/CLR
                            (recovery check against rising-edge clock clk_fpga_0  {rise@0.000ns fall@10.000ns period=20.000ns})
  Path Group:             **async_default**
  Path Type:              Recovery (Max at Slow Process Corner)
  Requirement:            20.000ns  (clk_fpga_0 rise@20.000ns - clk_fpga_0 rise@0.000ns)
  Data Path Delay:        2.664ns  (logic 0.580ns (21.775%)  route 2.084ns (78.225%))
  Logic Levels:           1  (LUT3=1)
  Clock Path Skew:        -0.127ns (DCD - SCD + CPR)
    Destination Clock Delay (DCD):    2.752ns = ( 22.753 - 20.000 ) 
    Source Clock Delay      (SCD):    2.994ns
    Clock Pessimism Removal (CPR):    0.115ns
  Clock Uncertainty:      0.302ns  ((TSJ^2 + TIJ^2)^1/2 + DJ) / 2 + PE
    Total System Jitter     (TSJ):    0.071ns
    Total Input Jitter      (TIJ):    0.600ns
    Discrete Jitter          (DJ):    0.000ns
    Phase Error              (PE):    0.000ns

    Location             Delay type                Incr(ns)  Path(ns)    Netlist Resource(s)
  -------------------------------------------------------------------    -------------------
                         (clock clk_fpga_0 rise edge)
                                                      0.000     0.000 r  
    PS7_X0Y0             PS7                          0.000     0.000 r  design_1_i/processing_system7_0/inst/PS7_i/FCLKCLK[0]
                         net (fo=1, routed)           1.193     1.193    design_1_i/processing_system7_0/inst/FCLK_CLK_unbuffered[0]
    BUFGCTRL_X0Y16       BUFG (Prop_bufg_I_O)         0.101     1.294 r  design_1_i/processing_system7_0/inst/buffer_fclk_clk_0.FCLK_CLK_0_BUFG/O
                         net (fo=4892, routed)        1.700     2.994    design_1_i/axi_mem_intercon/m00_couplers/auto_pc/inst/gen_axi4_axi3.axi3_conv_inst/USE_WRITE.write_addr_inst/USE_BURSTS.cmd_queue/inst/fifo_gen_inst/inst_fifo_gen/gconvfifo.rf/grf.rf/rstblk/clk
    SLICE_X29Y50         FDRE                                         r  design_1_i/axi_mem_intercon/m00_couplers/auto_pc/inst/gen_axi4_axi3.axi3_conv_inst/USE_WRITE.write_addr_inst/USE_BURSTS.cmd_queue/inst/fifo_gen_inst/inst_fifo_gen/gconvfifo.rf/grf.rf/rstblk/ngwrdrst.grst.g7serrst.gnsckt_wrst.gcc_rst.sckt_wr_rst_cc_reg[1]/C
  -------------------------------------------------------------------    -------------------
    SLICE_X29Y50         FDRE (Prop_fdre_C_Q)         0.456     3.450 f  design_1_i/axi_mem_intercon/m00_couplers/auto_pc/inst/gen_axi4_axi3.axi3_conv_inst/USE_WRITE.write_addr_inst/USE_BURSTS.cmd_queue/inst/fifo_gen_inst/inst_fifo_gen/gconvfifo.rf/grf.rf/rstblk/ngwrdrst.grst.g7serrst.gnsckt_wrst.gcc_rst.sckt_wr_rst_cc_reg[1]/Q
                         net (fo=2, routed)           1.150     4.600    design_1_i/axi_mem_intercon/m00_couplers/auto_pc/inst/gen_axi4_axi3.axi3_conv_inst/USE_WRITE.write_addr_inst/USE_BURSTS.cmd_queue/inst/fifo_gen_inst/inst_fifo_gen/gconvfifo.rf/grf.rf/rstblk/sckt_wr_rst_cc[1]
    SLICE_X28Y49         LUT3 (Prop_lut3_I0_O)        0.124     4.724 f  design_1_i/axi_mem_intercon/m00_couplers/auto_pc/inst/gen_axi4_axi3.axi3_conv_inst/USE_WRITE.write_addr_inst/USE_BURSTS.cmd_queue/inst/fifo_gen_inst/inst_fifo_gen/gconvfifo.rf/grf.rf/rstblk/gpregsm1.curr_fwft_state[1]_i_2/O
                         net (fo=32, routed)          0.933     5.658    design_1_i/axi_mem_intercon/m00_couplers/auto_pc/inst/gen_axi4_axi3.axi3_conv_inst/USE_WRITE.write_addr_inst/USE_BURSTS.cmd_queue/inst/fifo_gen_inst/inst_fifo_gen/gconvfifo.rf/grf.rf/gntv_or_sync_fifo.gl0.wr/wpntr/AR[0]
    SLICE_X27Y48         FDCE                                         f  design_1_i/axi_mem_intercon/m00_couplers/auto_pc/inst/gen_axi4_axi3.axi3_conv_inst/USE_WRITE.write_addr_inst/USE_BURSTS.cmd_queue/inst/fifo_gen_inst/inst_fifo_gen/gconvfifo.rf/grf.rf/gntv_or_sync_fifo.gl0.wr/wpntr/gcc0.gc0.count_d1_reg[1]/CLR
  -------------------------------------------------------------------    -------------------

                         (clock clk_fpga_0 rise edge)
                                                     20.000    20.000 r  
    PS7_X0Y0             PS7                          0.000    20.000 r  design_1_i/processing_system7_0/inst/PS7_i/FCLKCLK[0]
                         net (fo=1, routed)           1.088    21.088    design_1_i/processing_system7_0/inst/FCLK_CLK_unbuffered[0]
    BUFGCTRL_X0Y16       BUFG (Prop_bufg_I_O)         0.091    21.179 r  design_1_i/processing_system7_0/inst/buffer_fclk_clk_0.FCLK_CLK_0_BUFG/O
                         net (fo=4892, routed)        1.573    22.753    design_1_i/axi_mem_intercon/m00_couplers/auto_pc/inst/gen_axi4_axi3.axi3_conv_inst/USE_WRITE.write_addr_inst/USE_BURSTS.cmd_queue/inst/fifo_gen_inst/inst_fifo_gen/gconvfifo.rf/grf.rf/gntv_or_sync_fifo.gl0.wr/wpntr/clk
    SLICE_X27Y48         FDCE                                         r  design_1_i/axi_mem_intercon/m00_couplers/auto_pc/inst/gen_axi4_axi3.axi3_conv_inst/USE_WRITE.write_addr_inst/USE_BURSTS.cmd_queue/inst/fifo_gen_inst/inst_fifo_gen/gconvfifo.rf/grf.rf/gntv_or_sync_fifo.gl0.wr/wpntr/gcc0.gc0.count_d1_reg[1]/C
                         clock pessimism              0.115    22.867    
                         clock uncertainty           -0.302    22.565    
    SLICE_X27Y48         FDCE (Recov_fdce_C_CLR)     -0.405    22.160    design_1_i/axi_mem_intercon/m00_couplers/auto_pc/inst/gen_axi4_axi3.axi3_conv_inst/USE_WRITE.write_addr_inst/USE_BURSTS.cmd_queue/inst/fifo_gen_inst/inst_fifo_gen/gconvfifo.rf/grf.rf/gntv_or_sync_fifo.gl0.wr/wpntr/gcc0.gc0.count_d1_reg[1]
  -------------------------------------------------------------------
                         required time                         22.160    
                         arrival time                          -5.658    
  -------------------------------------------------------------------
                         slack                                 16.503    

Slack (MET) :             16.503ns  (required time - arrival time)
  Source:                 design_1_i/axi_mem_intercon/m00_couplers/auto_pc/inst/gen_axi4_axi3.axi3_conv_inst/USE_WRITE.write_addr_inst/USE_BURSTS.cmd_queue/inst/fifo_gen_inst/inst_fifo_gen/gconvfifo.rf/grf.rf/rstblk/ngwrdrst.grst.g7serrst.gnsckt_wrst.gcc_rst.sckt_wr_rst_cc_reg[1]/C
                            (rising edge-triggered cell FDRE clocked by clk_fpga_0  {rise@0.000ns fall@10.000ns period=20.000ns})
  Destination:            design_1_i/axi_mem_intercon/m00_couplers/auto_pc/inst/gen_axi4_axi3.axi3_conv_inst/USE_WRITE.write_addr_inst/USE_BURSTS.cmd_queue/inst/fifo_gen_inst/inst_fifo_gen/gconvfifo.rf/grf.rf/gntv_or_sync_fifo.gl0.wr/wpntr/gcc0.gc0.count_reg[1]/CLR
                            (recovery check against rising-edge clock clk_fpga_0  {rise@0.000ns fall@10.000ns period=20.000ns})
  Path Group:             **async_default**
  Path Type:              Recovery (Max at Slow Process Corner)
  Requirement:            20.000ns  (clk_fpga_0 rise@20.000ns - clk_fpga_0 rise@0.000ns)
  Data Path Delay:        2.664ns  (logic 0.580ns (21.775%)  route 2.084ns (78.225%))
  Logic Levels:           1  (LUT3=1)
  Clock Path Skew:        -0.127ns (DCD - SCD + CPR)
    Destination Clock Delay (DCD):    2.752ns = ( 22.753 - 20.000 ) 
    Source Clock Delay      (SCD):    2.994ns
    Clock Pessimism Removal (CPR):    0.115ns
  Clock Uncertainty:      0.302ns  ((TSJ^2 + TIJ^2)^1/2 + DJ) / 2 + PE
    Total System Jitter     (TSJ):    0.071ns
    Total Input Jitter      (TIJ):    0.600ns
    Discrete Jitter          (DJ):    0.000ns
    Phase Error              (PE):    0.000ns

    Location             Delay type                Incr(ns)  Path(ns)    Netlist Resource(s)
  -------------------------------------------------------------------    -------------------
                         (clock clk_fpga_0 rise edge)
                                                      0.000     0.000 r  
    PS7_X0Y0             PS7                          0.000     0.000 r  design_1_i/processing_system7_0/inst/PS7_i/FCLKCLK[0]
                         net (fo=1, routed)           1.193     1.193    design_1_i/processing_system7_0/inst/FCLK_CLK_unbuffered[0]
    BUFGCTRL_X0Y16       BUFG (Prop_bufg_I_O)         0.101     1.294 r  design_1_i/processing_system7_0/inst/buffer_fclk_clk_0.FCLK_CLK_0_BUFG/O
                         net (fo=4892, routed)        1.700     2.994    design_1_i/axi_mem_intercon/m00_couplers/auto_pc/inst/gen_axi4_axi3.axi3_conv_inst/USE_WRITE.write_addr_inst/USE_BURSTS.cmd_queue/inst/fifo_gen_inst/inst_fifo_gen/gconvfifo.rf/grf.rf/rstblk/clk
    SLICE_X29Y50         FDRE                                         r  design_1_i/axi_mem_intercon/m00_couplers/auto_pc/inst/gen_axi4_axi3.axi3_conv_inst/USE_WRITE.write_addr_inst/USE_BURSTS.cmd_queue/inst/fifo_gen_inst/inst_fifo_gen/gconvfifo.rf/grf.rf/rstblk/ngwrdrst.grst.g7serrst.gnsckt_wrst.gcc_rst.sckt_wr_rst_cc_reg[1]/C
  -------------------------------------------------------------------    -------------------
    SLICE_X29Y50         FDRE (Prop_fdre_C_Q)         0.456     3.450 f  design_1_i/axi_mem_intercon/m00_couplers/auto_pc/inst/gen_axi4_axi3.axi3_conv_inst/USE_WRITE.write_addr_inst/USE_BURSTS.cmd_queue/inst/fifo_gen_inst/inst_fifo_gen/gconvfifo.rf/grf.rf/rstblk/ngwrdrst.grst.g7serrst.gnsckt_wrst.gcc_rst.sckt_wr_rst_cc_reg[1]/Q
                         net (fo=2, routed)           1.150     4.600    design_1_i/axi_mem_intercon/m00_couplers/auto_pc/inst/gen_axi4_axi3.axi3_conv_inst/USE_WRITE.write_addr_inst/USE_BURSTS.cmd_queue/inst/fifo_gen_inst/inst_fifo_gen/gconvfifo.rf/grf.rf/rstblk/sckt_wr_rst_cc[1]
    SLICE_X28Y49         LUT3 (Prop_lut3_I0_O)        0.124     4.724 f  design_1_i/axi_mem_intercon/m00_couplers/auto_pc/inst/gen_axi4_axi3.axi3_conv_inst/USE_WRITE.write_addr_inst/USE_BURSTS.cmd_queue/inst/fifo_gen_inst/inst_fifo_gen/gconvfifo.rf/grf.rf/rstblk/gpregsm1.curr_fwft_state[1]_i_2/O
                         net (fo=32, routed)          0.933     5.658    design_1_i/axi_mem_intercon/m00_couplers/auto_pc/inst/gen_axi4_axi3.axi3_conv_inst/USE_WRITE.write_addr_inst/USE_BURSTS.cmd_queue/inst/fifo_gen_inst/inst_fifo_gen/gconvfifo.rf/grf.rf/gntv_or_sync_fifo.gl0.wr/wpntr/AR[0]
    SLICE_X27Y48         FDCE                                         f  design_1_i/axi_mem_intercon/m00_couplers/auto_pc/inst/gen_axi4_axi3.axi3_conv_inst/USE_WRITE.write_addr_inst/USE_BURSTS.cmd_queue/inst/fifo_gen_inst/inst_fifo_gen/gconvfifo.rf/grf.rf/gntv_or_sync_fifo.gl0.wr/wpntr/gcc0.gc0.count_reg[1]/CLR
  -------------------------------------------------------------------    -------------------

                         (clock clk_fpga_0 rise edge)
                                                     20.000    20.000 r  
    PS7_X0Y0             PS7                          0.000    20.000 r  design_1_i/processing_system7_0/inst/PS7_i/FCLKCLK[0]
                         net (fo=1, routed)           1.088    21.088    design_1_i/processing_system7_0/inst/FCLK_CLK_unbuffered[0]
    BUFGCTRL_X0Y16       BUFG (Prop_bufg_I_O)         0.091    21.179 r  design_1_i/processing_system7_0/inst/buffer_fclk_clk_0.FCLK_CLK_0_BUFG/O
                         net (fo=4892, routed)        1.573    22.753    design_1_i/axi_mem_intercon/m00_couplers/auto_pc/inst/gen_axi4_axi3.axi3_conv_inst/USE_WRITE.write_addr_inst/USE_BURSTS.cmd_queue/inst/fifo_gen_inst/inst_fifo_gen/gconvfifo.rf/grf.rf/gntv_or_sync_fifo.gl0.wr/wpntr/clk
    SLICE_X27Y48         FDCE                                         r  design_1_i/axi_mem_intercon/m00_couplers/auto_pc/inst/gen_axi4_axi3.axi3_conv_inst/USE_WRITE.write_addr_inst/USE_BURSTS.cmd_queue/inst/fifo_gen_inst/inst_fifo_gen/gconvfifo.rf/grf.rf/gntv_or_sync_fifo.gl0.wr/wpntr/gcc0.gc0.count_reg[1]/C
                         clock pessimism              0.115    22.867    
                         clock uncertainty           -0.302    22.565    
    SLICE_X27Y48         FDCE (Recov_fdce_C_CLR)     -0.405    22.160    design_1_i/axi_mem_intercon/m00_couplers/auto_pc/inst/gen_axi4_axi3.axi3_conv_inst/USE_WRITE.write_addr_inst/USE_BURSTS.cmd_queue/inst/fifo_gen_inst/inst_fifo_gen/gconvfifo.rf/grf.rf/gntv_or_sync_fifo.gl0.wr/wpntr/gcc0.gc0.count_reg[1]
  -------------------------------------------------------------------
                         required time                         22.160    
                         arrival time                          -5.658    
  -------------------------------------------------------------------
                         slack                                 16.503    

Slack (MET) :             16.503ns  (required time - arrival time)
  Source:                 design_1_i/axi_mem_intercon/m00_couplers/auto_pc/inst/gen_axi4_axi3.axi3_conv_inst/USE_WRITE.write_addr_inst/USE_BURSTS.cmd_queue/inst/fifo_gen_inst/inst_fifo_gen/gconvfifo.rf/grf.rf/rstblk/ngwrdrst.grst.g7serrst.gnsckt_wrst.gcc_rst.sckt_wr_rst_cc_reg[1]/C
                            (rising edge-triggered cell FDRE clocked by clk_fpga_0  {rise@0.000ns fall@10.000ns period=20.000ns})
  Destination:            design_1_i/axi_mem_intercon/m00_couplers/auto_pc/inst/gen_axi4_axi3.axi3_conv_inst/USE_WRITE.write_addr_inst/USE_BURSTS.cmd_queue/inst/fifo_gen_inst/inst_fifo_gen/gconvfifo.rf/grf.rf/gntv_or_sync_fifo.gl0.wr/wpntr/gcc0.gc0.count_reg[2]/CLR
                            (recovery check against rising-edge clock clk_fpga_0  {rise@0.000ns fall@10.000ns period=20.000ns})
  Path Group:             **async_default**
  Path Type:              Recovery (Max at Slow Process Corner)
  Requirement:            20.000ns  (clk_fpga_0 rise@20.000ns - clk_fpga_0 rise@0.000ns)
  Data Path Delay:        2.664ns  (logic 0.580ns (21.775%)  route 2.084ns (78.225%))
  Logic Levels:           1  (LUT3=1)
  Clock Path Skew:        -0.127ns (DCD - SCD + CPR)
    Destination Clock Delay (DCD):    2.752ns = ( 22.753 - 20.000 ) 
    Source Clock Delay      (SCD):    2.994ns
    Clock Pessimism Removal (CPR):    0.115ns
  Clock Uncertainty:      0.302ns  ((TSJ^2 + TIJ^2)^1/2 + DJ) / 2 + PE
    Total System Jitter     (TSJ):    0.071ns
    Total Input Jitter      (TIJ):    0.600ns
    Discrete Jitter          (DJ):    0.000ns
    Phase Error              (PE):    0.000ns

    Location             Delay type                Incr(ns)  Path(ns)    Netlist Resource(s)
  -------------------------------------------------------------------    -------------------
                         (clock clk_fpga_0 rise edge)
                                                      0.000     0.000 r  
    PS7_X0Y0             PS7                          0.000     0.000 r  design_1_i/processing_system7_0/inst/PS7_i/FCLKCLK[0]
                         net (fo=1, routed)           1.193     1.193    design_1_i/processing_system7_0/inst/FCLK_CLK_unbuffered[0]
    BUFGCTRL_X0Y16       BUFG (Prop_bufg_I_O)         0.101     1.294 r  design_1_i/processing_system7_0/inst/buffer_fclk_clk_0.FCLK_CLK_0_BUFG/O
                         net (fo=4892, routed)        1.700     2.994    design_1_i/axi_mem_intercon/m00_couplers/auto_pc/inst/gen_axi4_axi3.axi3_conv_inst/USE_WRITE.write_addr_inst/USE_BURSTS.cmd_queue/inst/fifo_gen_inst/inst_fifo_gen/gconvfifo.rf/grf.rf/rstblk/clk
    SLICE_X29Y50         FDRE                                         r  design_1_i/axi_mem_intercon/m00_couplers/auto_pc/inst/gen_axi4_axi3.axi3_conv_inst/USE_WRITE.write_addr_inst/USE_BURSTS.cmd_queue/inst/fifo_gen_inst/inst_fifo_gen/gconvfifo.rf/grf.rf/rstblk/ngwrdrst.grst.g7serrst.gnsckt_wrst.gcc_rst.sckt_wr_rst_cc_reg[1]/C
  -------------------------------------------------------------------    -------------------
    SLICE_X29Y50         FDRE (Prop_fdre_C_Q)         0.456     3.450 f  design_1_i/axi_mem_intercon/m00_couplers/auto_pc/inst/gen_axi4_axi3.axi3_conv_inst/USE_WRITE.write_addr_inst/USE_BURSTS.cmd_queue/inst/fifo_gen_inst/inst_fifo_gen/gconvfifo.rf/grf.rf/rstblk/ngwrdrst.grst.g7serrst.gnsckt_wrst.gcc_rst.sckt_wr_rst_cc_reg[1]/Q
                         net (fo=2, routed)           1.150     4.600    design_1_i/axi_mem_intercon/m00_couplers/auto_pc/inst/gen_axi4_axi3.axi3_conv_inst/USE_WRITE.write_addr_inst/USE_BURSTS.cmd_queue/inst/fifo_gen_inst/inst_fifo_gen/gconvfifo.rf/grf.rf/rstblk/sckt_wr_rst_cc[1]
    SLICE_X28Y49         LUT3 (Prop_lut3_I0_O)        0.124     4.724 f  design_1_i/axi_mem_intercon/m00_couplers/auto_pc/inst/gen_axi4_axi3.axi3_conv_inst/USE_WRITE.write_addr_inst/USE_BURSTS.cmd_queue/inst/fifo_gen_inst/inst_fifo_gen/gconvfifo.rf/grf.rf/rstblk/gpregsm1.curr_fwft_state[1]_i_2/O
                         net (fo=32, routed)          0.933     5.658    design_1_i/axi_mem_intercon/m00_couplers/auto_pc/inst/gen_axi4_axi3.axi3_conv_inst/USE_WRITE.write_addr_inst/USE_BURSTS.cmd_queue/inst/fifo_gen_inst/inst_fifo_gen/gconvfifo.rf/grf.rf/gntv_or_sync_fifo.gl0.wr/wpntr/AR[0]
    SLICE_X27Y48         FDCE                                         f  design_1_i/axi_mem_intercon/m00_couplers/auto_pc/inst/gen_axi4_axi3.axi3_conv_inst/USE_WRITE.write_addr_inst/USE_BURSTS.cmd_queue/inst/fifo_gen_inst/inst_fifo_gen/gconvfifo.rf/grf.rf/gntv_or_sync_fifo.gl0.wr/wpntr/gcc0.gc0.count_reg[2]/CLR
  -------------------------------------------------------------------    -------------------

                         (clock clk_fpga_0 rise edge)
                                                     20.000    20.000 r  
    PS7_X0Y0             PS7                          0.000    20.000 r  design_1_i/processing_system7_0/inst/PS7_i/FCLKCLK[0]
                         net (fo=1, routed)           1.088    21.088    design_1_i/processing_system7_0/inst/FCLK_CLK_unbuffered[0]
    BUFGCTRL_X0Y16       BUFG (Prop_bufg_I_O)         0.091    21.179 r  design_1_i/processing_system7_0/inst/buffer_fclk_clk_0.FCLK_CLK_0_BUFG/O
                         net (fo=4892, routed)        1.573    22.753    design_1_i/axi_mem_intercon/m00_couplers/auto_pc/inst/gen_axi4_axi3.axi3_conv_inst/USE_WRITE.write_addr_inst/USE_BURSTS.cmd_queue/inst/fifo_gen_inst/inst_fifo_gen/gconvfifo.rf/grf.rf/gntv_or_sync_fifo.gl0.wr/wpntr/clk
    SLICE_X27Y48         FDCE                                         r  design_1_i/axi_mem_intercon/m00_couplers/auto_pc/inst/gen_axi4_axi3.axi3_conv_inst/USE_WRITE.write_addr_inst/USE_BURSTS.cmd_queue/inst/fifo_gen_inst/inst_fifo_gen/gconvfifo.rf/grf.rf/gntv_or_sync_fifo.gl0.wr/wpntr/gcc0.gc0.count_reg[2]/C
                         clock pessimism              0.115    22.867    
                         clock uncertainty           -0.302    22.565    
    SLICE_X27Y48         FDCE (Recov_fdce_C_CLR)     -0.405    22.160    design_1_i/axi_mem_intercon/m00_couplers/auto_pc/inst/gen_axi4_axi3.axi3_conv_inst/USE_WRITE.write_addr_inst/USE_BURSTS.cmd_queue/inst/fifo_gen_inst/inst_fifo_gen/gconvfifo.rf/grf.rf/gntv_or_sync_fifo.gl0.wr/wpntr/gcc0.gc0.count_reg[2]
  -------------------------------------------------------------------
                         required time                         22.160    
                         arrival time                          -5.658    
  -------------------------------------------------------------------
                         slack                                 16.503    

Slack (MET) :             16.547ns  (required time - arrival time)
  Source:                 design_1_i/axi_mem_intercon/m00_couplers/auto_pc/inst/gen_axi4_axi3.axi3_conv_inst/USE_WRITE.write_addr_inst/USE_BURSTS.cmd_queue/inst/fifo_gen_inst/inst_fifo_gen/gconvfifo.rf/grf.rf/rstblk/ngwrdrst.grst.g7serrst.gnsckt_wrst.gcc_rst.sckt_wr_rst_cc_reg[1]/C
                            (rising edge-triggered cell FDRE clocked by clk_fpga_0  {rise@0.000ns fall@10.000ns period=20.000ns})
  Destination:            design_1_i/axi_mem_intercon/m00_couplers/auto_pc/inst/gen_axi4_axi3.axi3_conv_inst/USE_WRITE.write_addr_inst/USE_BURSTS.cmd_queue/inst/fifo_gen_inst/inst_fifo_gen/gconvfifo.rf/grf.rf/gntv_or_sync_fifo.gl0.rd/gr1.gr1_int.rfwft/gpregsm1.curr_fwft_state_reg[1]/CLR
                            (recovery check against rising-edge clock clk_fpga_0  {rise@0.000ns fall@10.000ns period=20.000ns})
  Path Group:             **async_default**
  Path Type:              Recovery (Max at Slow Process Corner)
  Requirement:            20.000ns  (clk_fpga_0 rise@20.000ns - clk_fpga_0 rise@0.000ns)
  Data Path Delay:        2.664ns  (logic 0.580ns (21.775%)  route 2.084ns (78.225%))
  Logic Levels:           1  (LUT3=1)
  Clock Path Skew:        -0.127ns (DCD - SCD + CPR)
    Destination Clock Delay (DCD):    2.752ns = ( 22.753 - 20.000 ) 
    Source Clock Delay      (SCD):    2.994ns
    Clock Pessimism Removal (CPR):    0.115ns
  Clock Uncertainty:      0.302ns  ((TSJ^2 + TIJ^2)^1/2 + DJ) / 2 + PE
    Total System Jitter     (TSJ):    0.071ns
    Total Input Jitter      (TIJ):    0.600ns
    Discrete Jitter          (DJ):    0.000ns
    Phase Error              (PE):    0.000ns

    Location             Delay type                Incr(ns)  Path(ns)    Netlist Resource(s)
  -------------------------------------------------------------------    -------------------
                         (clock clk_fpga_0 rise edge)
                                                      0.000     0.000 r  
    PS7_X0Y0             PS7                          0.000     0.000 r  design_1_i/processing_system7_0/inst/PS7_i/FCLKCLK[0]
                         net (fo=1, routed)           1.193     1.193    design_1_i/processing_system7_0/inst/FCLK_CLK_unbuffered[0]
    BUFGCTRL_X0Y16       BUFG (Prop_bufg_I_O)         0.101     1.294 r  design_1_i/processing_system7_0/inst/buffer_fclk_clk_0.FCLK_CLK_0_BUFG/O
                         net (fo=4892, routed)        1.700     2.994    design_1_i/axi_mem_intercon/m00_couplers/auto_pc/inst/gen_axi4_axi3.axi3_conv_inst/USE_WRITE.write_addr_inst/USE_BURSTS.cmd_queue/inst/fifo_gen_inst/inst_fifo_gen/gconvfifo.rf/grf.rf/rstblk/clk
    SLICE_X29Y50         FDRE                                         r  design_1_i/axi_mem_intercon/m00_couplers/auto_pc/inst/gen_axi4_axi3.axi3_conv_inst/USE_WRITE.write_addr_inst/USE_BURSTS.cmd_queue/inst/fifo_gen_inst/inst_fifo_gen/gconvfifo.rf/grf.rf/rstblk/ngwrdrst.grst.g7serrst.gnsckt_wrst.gcc_rst.sckt_wr_rst_cc_reg[1]/C
  -------------------------------------------------------------------    -------------------
    SLICE_X29Y50         FDRE (Prop_fdre_C_Q)         0.456     3.450 f  design_1_i/axi_mem_intercon/m00_couplers/auto_pc/inst/gen_axi4_axi3.axi3_conv_inst/USE_WRITE.write_addr_inst/USE_BURSTS.cmd_queue/inst/fifo_gen_inst/inst_fifo_gen/gconvfifo.rf/grf.rf/rstblk/ngwrdrst.grst.g7serrst.gnsckt_wrst.gcc_rst.sckt_wr_rst_cc_reg[1]/Q
                         net (fo=2, routed)           1.150     4.600    design_1_i/axi_mem_intercon/m00_couplers/auto_pc/inst/gen_axi4_axi3.axi3_conv_inst/USE_WRITE.write_addr_inst/USE_BURSTS.cmd_queue/inst/fifo_gen_inst/inst_fifo_gen/gconvfifo.rf/grf.rf/rstblk/sckt_wr_rst_cc[1]
    SLICE_X28Y49         LUT3 (Prop_lut3_I0_O)        0.124     4.724 f  design_1_i/axi_mem_intercon/m00_couplers/auto_pc/inst/gen_axi4_axi3.axi3_conv_inst/USE_WRITE.write_addr_inst/USE_BURSTS.cmd_queue/inst/fifo_gen_inst/inst_fifo_gen/gconvfifo.rf/grf.rf/rstblk/gpregsm1.curr_fwft_state[1]_i_2/O
                         net (fo=32, routed)          0.933     5.658    design_1_i/axi_mem_intercon/m00_couplers/auto_pc/inst/gen_axi4_axi3.axi3_conv_inst/USE_WRITE.write_addr_inst/USE_BURSTS.cmd_queue/inst/fifo_gen_inst/inst_fifo_gen/gconvfifo.rf/grf.rf/gntv_or_sync_fifo.gl0.rd/gr1.gr1_int.rfwft/gpregsm1.user_valid_reg_0
    SLICE_X26Y48         FDCE                                         f  design_1_i/axi_mem_intercon/m00_couplers/auto_pc/inst/gen_axi4_axi3.axi3_conv_inst/USE_WRITE.write_addr_inst/USE_BURSTS.cmd_queue/inst/fifo_gen_inst/inst_fifo_gen/gconvfifo.rf/grf.rf/gntv_or_sync_fifo.gl0.rd/gr1.gr1_int.rfwft/gpregsm1.curr_fwft_state_reg[1]/CLR
  -------------------------------------------------------------------    -------------------

                         (clock clk_fpga_0 rise edge)
                                                     20.000    20.000 r  
    PS7_X0Y0             PS7                          0.000    20.000 r  design_1_i/processing_system7_0/inst/PS7_i/FCLKCLK[0]
                         net (fo=1, routed)           1.088    21.088    design_1_i/processing_system7_0/inst/FCLK_CLK_unbuffered[0]
    BUFGCTRL_X0Y16       BUFG (Prop_bufg_I_O)         0.091    21.179 r  design_1_i/processing_system7_0/inst/buffer_fclk_clk_0.FCLK_CLK_0_BUFG/O
                         net (fo=4892, routed)        1.573    22.753    design_1_i/axi_mem_intercon/m00_couplers/auto_pc/inst/gen_axi4_axi3.axi3_conv_inst/USE_WRITE.write_addr_inst/USE_BURSTS.cmd_queue/inst/fifo_gen_inst/inst_fifo_gen/gconvfifo.rf/grf.rf/gntv_or_sync_fifo.gl0.rd/gr1.gr1_int.rfwft/clk
    SLICE_X26Y48         FDCE                                         r  design_1_i/axi_mem_intercon/m00_couplers/auto_pc/inst/gen_axi4_axi3.axi3_conv_inst/USE_WRITE.write_addr_inst/USE_BURSTS.cmd_queue/inst/fifo_gen_inst/inst_fifo_gen/gconvfifo.rf/grf.rf/gntv_or_sync_fifo.gl0.rd/gr1.gr1_int.rfwft/gpregsm1.curr_fwft_state_reg[1]/C
                         clock pessimism              0.115    22.867    
                         clock uncertainty           -0.302    22.565    
    SLICE_X26Y48         FDCE (Recov_fdce_C_CLR)     -0.361    22.204    design_1_i/axi_mem_intercon/m00_couplers/auto_pc/inst/gen_axi4_axi3.axi3_conv_inst/USE_WRITE.write_addr_inst/USE_BURSTS.cmd_queue/inst/fifo_gen_inst/inst_fifo_gen/gconvfifo.rf/grf.rf/gntv_or_sync_fifo.gl0.rd/gr1.gr1_int.rfwft/gpregsm1.curr_fwft_state_reg[1]
  -------------------------------------------------------------------
                         required time                         22.204    
                         arrival time                          -5.658    
  -------------------------------------------------------------------
                         slack                                 16.547    

Slack (MET) :             16.549ns  (required time - arrival time)
  Source:                 design_1_i/axi_mem_intercon/m00_couplers/auto_pc/inst/gen_axi4_axi3.axi3_conv_inst/USE_WRITE.write_addr_inst/USE_BURSTS.cmd_queue/inst/fifo_gen_inst/inst_fifo_gen/gconvfifo.rf/grf.rf/rstblk/ngwrdrst.grst.g7serrst.gnsckt_wrst.gcc_rst.sckt_wr_rst_cc_reg[1]/C
                            (rising edge-triggered cell FDRE clocked by clk_fpga_0  {rise@0.000ns fall@10.000ns period=20.000ns})
  Destination:            design_1_i/axi_mem_intercon/m00_couplers/auto_pc/inst/gen_axi4_axi3.axi3_conv_inst/USE_WRITE.write_addr_inst/USE_BURSTS.cmd_queue/inst/fifo_gen_inst/inst_fifo_gen/gconvfifo.rf/grf.rf/gntv_or_sync_fifo.gl0.wr/wpntr/gcc0.gc0.count_reg[0]/PRE
                            (recovery check against rising-edge clock clk_fpga_0  {rise@0.000ns fall@10.000ns period=20.000ns})
  Path Group:             **async_default**
  Path Type:              Recovery (Max at Slow Process Corner)
  Requirement:            20.000ns  (clk_fpga_0 rise@20.000ns - clk_fpga_0 rise@0.000ns)
  Data Path Delay:        2.664ns  (logic 0.580ns (21.775%)  route 2.084ns (78.225%))
  Logic Levels:           1  (LUT3=1)
  Clock Path Skew:        -0.127ns (DCD - SCD + CPR)
    Destination Clock Delay (DCD):    2.752ns = ( 22.753 - 20.000 ) 
    Source Clock Delay      (SCD):    2.994ns
    Clock Pessimism Removal (CPR):    0.115ns
  Clock Uncertainty:      0.302ns  ((TSJ^2 + TIJ^2)^1/2 + DJ) / 2 + PE
    Total System Jitter     (TSJ):    0.071ns
    Total Input Jitter      (TIJ):    0.600ns
    Discrete Jitter          (DJ):    0.000ns
    Phase Error              (PE):    0.000ns

    Location             Delay type                Incr(ns)  Path(ns)    Netlist Resource(s)
  -------------------------------------------------------------------    -------------------
                         (clock clk_fpga_0 rise edge)
                                                      0.000     0.000 r  
    PS7_X0Y0             PS7                          0.000     0.000 r  design_1_i/processing_system7_0/inst/PS7_i/FCLKCLK[0]
                         net (fo=1, routed)           1.193     1.193    design_1_i/processing_system7_0/inst/FCLK_CLK_unbuffered[0]
    BUFGCTRL_X0Y16       BUFG (Prop_bufg_I_O)         0.101     1.294 r  design_1_i/processing_system7_0/inst/buffer_fclk_clk_0.FCLK_CLK_0_BUFG/O
                         net (fo=4892, routed)        1.700     2.994    design_1_i/axi_mem_intercon/m00_couplers/auto_pc/inst/gen_axi4_axi3.axi3_conv_inst/USE_WRITE.write_addr_inst/USE_BURSTS.cmd_queue/inst/fifo_gen_inst/inst_fifo_gen/gconvfifo.rf/grf.rf/rstblk/clk
    SLICE_X29Y50         FDRE                                         r  design_1_i/axi_mem_intercon/m00_couplers/auto_pc/inst/gen_axi4_axi3.axi3_conv_inst/USE_WRITE.write_addr_inst/USE_BURSTS.cmd_queue/inst/fifo_gen_inst/inst_fifo_gen/gconvfifo.rf/grf.rf/rstblk/ngwrdrst.grst.g7serrst.gnsckt_wrst.gcc_rst.sckt_wr_rst_cc_reg[1]/C
  -------------------------------------------------------------------    -------------------
    SLICE_X29Y50         FDRE (Prop_fdre_C_Q)         0.456     3.450 f  design_1_i/axi_mem_intercon/m00_couplers/auto_pc/inst/gen_axi4_axi3.axi3_conv_inst/USE_WRITE.write_addr_inst/USE_BURSTS.cmd_queue/inst/fifo_gen_inst/inst_fifo_gen/gconvfifo.rf/grf.rf/rstblk/ngwrdrst.grst.g7serrst.gnsckt_wrst.gcc_rst.sckt_wr_rst_cc_reg[1]/Q
                         net (fo=2, routed)           1.150     4.600    design_1_i/axi_mem_intercon/m00_couplers/auto_pc/inst/gen_axi4_axi3.axi3_conv_inst/USE_WRITE.write_addr_inst/USE_BURSTS.cmd_queue/inst/fifo_gen_inst/inst_fifo_gen/gconvfifo.rf/grf.rf/rstblk/sckt_wr_rst_cc[1]
    SLICE_X28Y49         LUT3 (Prop_lut3_I0_O)        0.124     4.724 f  design_1_i/axi_mem_intercon/m00_couplers/auto_pc/inst/gen_axi4_axi3.axi3_conv_inst/USE_WRITE.write_addr_inst/USE_BURSTS.cmd_queue/inst/fifo_gen_inst/inst_fifo_gen/gconvfifo.rf/grf.rf/rstblk/gpregsm1.curr_fwft_state[1]_i_2/O
                         net (fo=32, routed)          0.933     5.658    design_1_i/axi_mem_intercon/m00_couplers/auto_pc/inst/gen_axi4_axi3.axi3_conv_inst/USE_WRITE.write_addr_inst/USE_BURSTS.cmd_queue/inst/fifo_gen_inst/inst_fifo_gen/gconvfifo.rf/grf.rf/gntv_or_sync_fifo.gl0.wr/wpntr/AR[0]
    SLICE_X27Y48         FDPE                                         f  design_1_i/axi_mem_intercon/m00_couplers/auto_pc/inst/gen_axi4_axi3.axi3_conv_inst/USE_WRITE.write_addr_inst/USE_BURSTS.cmd_queue/inst/fifo_gen_inst/inst_fifo_gen/gconvfifo.rf/grf.rf/gntv_or_sync_fifo.gl0.wr/wpntr/gcc0.gc0.count_reg[0]/PRE
  -------------------------------------------------------------------    -------------------

                         (clock clk_fpga_0 rise edge)
                                                     20.000    20.000 r  
    PS7_X0Y0             PS7                          0.000    20.000 r  design_1_i/processing_system7_0/inst/PS7_i/FCLKCLK[0]
                         net (fo=1, routed)           1.088    21.088    design_1_i/processing_system7_0/inst/FCLK_CLK_unbuffered[0]
    BUFGCTRL_X0Y16       BUFG (Prop_bufg_I_O)         0.091    21.179 r  design_1_i/processing_system7_0/inst/buffer_fclk_clk_0.FCLK_CLK_0_BUFG/O
                         net (fo=4892, routed)        1.573    22.753    design_1_i/axi_mem_intercon/m00_couplers/auto_pc/inst/gen_axi4_axi3.axi3_conv_inst/USE_WRITE.write_addr_inst/USE_BURSTS.cmd_queue/inst/fifo_gen_inst/inst_fifo_gen/gconvfifo.rf/grf.rf/gntv_or_sync_fifo.gl0.wr/wpntr/clk
    SLICE_X27Y48         FDPE                                         r  design_1_i/axi_mem_intercon/m00_couplers/auto_pc/inst/gen_axi4_axi3.axi3_conv_inst/USE_WRITE.write_addr_inst/USE_BURSTS.cmd_queue/inst/fifo_gen_inst/inst_fifo_gen/gconvfifo.rf/grf.rf/gntv_or_sync_fifo.gl0.wr/wpntr/gcc0.gc0.count_reg[0]/C
                         clock pessimism              0.115    22.867    
                         clock uncertainty           -0.302    22.565    
    SLICE_X27Y48         FDPE (Recov_fdpe_C_PRE)     -0.359    22.206    design_1_i/axi_mem_intercon/m00_couplers/auto_pc/inst/gen_axi4_axi3.axi3_conv_inst/USE_WRITE.write_addr_inst/USE_BURSTS.cmd_queue/inst/fifo_gen_inst/inst_fifo_gen/gconvfifo.rf/grf.rf/gntv_or_sync_fifo.gl0.wr/wpntr/gcc0.gc0.count_reg[0]
  -------------------------------------------------------------------
                         required time                         22.206    
                         arrival time                          -5.658    
  -------------------------------------------------------------------
                         slack                                 16.549    

Slack (MET) :             16.589ns  (required time - arrival time)
  Source:                 design_1_i/axi_mem_intercon/m00_couplers/auto_pc/inst/gen_axi4_axi3.axi3_conv_inst/USE_WRITE.write_addr_inst/USE_BURSTS.cmd_queue/inst/fifo_gen_inst/inst_fifo_gen/gconvfifo.rf/grf.rf/rstblk/ngwrdrst.grst.g7serrst.gnsckt_wrst.gcc_rst.sckt_wr_rst_cc_reg[1]/C
                            (rising edge-triggered cell FDRE clocked by clk_fpga_0  {rise@0.000ns fall@10.000ns period=20.000ns})
  Destination:            design_1_i/axi_mem_intercon/m00_couplers/auto_pc/inst/gen_axi4_axi3.axi3_conv_inst/USE_WRITE.write_addr_inst/USE_BURSTS.cmd_queue/inst/fifo_gen_inst/inst_fifo_gen/gconvfifo.rf/grf.rf/gntv_or_sync_fifo.gl0.rd/gr1.gr1_int.rfwft/gpregsm1.curr_fwft_state_reg[0]/CLR
                            (recovery check against rising-edge clock clk_fpga_0  {rise@0.000ns fall@10.000ns period=20.000ns})
  Path Group:             **async_default**
  Path Type:              Recovery (Max at Slow Process Corner)
  Requirement:            20.000ns  (clk_fpga_0 rise@20.000ns - clk_fpga_0 rise@0.000ns)
  Data Path Delay:        2.664ns  (logic 0.580ns (21.775%)  route 2.084ns (78.225%))
  Logic Levels:           1  (LUT3=1)
  Clock Path Skew:        -0.127ns (DCD - SCD + CPR)
    Destination Clock Delay (DCD):    2.752ns = ( 22.753 - 20.000 ) 
    Source Clock Delay      (SCD):    2.994ns
    Clock Pessimism Removal (CPR):    0.115ns
  Clock Uncertainty:      0.302ns  ((TSJ^2 + TIJ^2)^1/2 + DJ) / 2 + PE
    Total System Jitter     (TSJ):    0.071ns
    Total Input Jitter      (TIJ):    0.600ns
    Discrete Jitter          (DJ):    0.000ns
    Phase Error              (PE):    0.000ns

    Location             Delay type                Incr(ns)  Path(ns)    Netlist Resource(s)
  -------------------------------------------------------------------    -------------------
                         (clock clk_fpga_0 rise edge)
                                                      0.000     0.000 r  
    PS7_X0Y0             PS7                          0.000     0.000 r  design_1_i/processing_system7_0/inst/PS7_i/FCLKCLK[0]
                         net (fo=1, routed)           1.193     1.193    design_1_i/processing_system7_0/inst/FCLK_CLK_unbuffered[0]
    BUFGCTRL_X0Y16       BUFG (Prop_bufg_I_O)         0.101     1.294 r  design_1_i/processing_system7_0/inst/buffer_fclk_clk_0.FCLK_CLK_0_BUFG/O
                         net (fo=4892, routed)        1.700     2.994    design_1_i/axi_mem_intercon/m00_couplers/auto_pc/inst/gen_axi4_axi3.axi3_conv_inst/USE_WRITE.write_addr_inst/USE_BURSTS.cmd_queue/inst/fifo_gen_inst/inst_fifo_gen/gconvfifo.rf/grf.rf/rstblk/clk
    SLICE_X29Y50         FDRE                                         r  design_1_i/axi_mem_intercon/m00_couplers/auto_pc/inst/gen_axi4_axi3.axi3_conv_inst/USE_WRITE.write_addr_inst/USE_BURSTS.cmd_queue/inst/fifo_gen_inst/inst_fifo_gen/gconvfifo.rf/grf.rf/rstblk/ngwrdrst.grst.g7serrst.gnsckt_wrst.gcc_rst.sckt_wr_rst_cc_reg[1]/C
  -------------------------------------------------------------------    -------------------
    SLICE_X29Y50         FDRE (Prop_fdre_C_Q)         0.456     3.450 f  design_1_i/axi_mem_intercon/m00_couplers/auto_pc/inst/gen_axi4_axi3.axi3_conv_inst/USE_WRITE.write_addr_inst/USE_BURSTS.cmd_queue/inst/fifo_gen_inst/inst_fifo_gen/gconvfifo.rf/grf.rf/rstblk/ngwrdrst.grst.g7serrst.gnsckt_wrst.gcc_rst.sckt_wr_rst_cc_reg[1]/Q
                         net (fo=2, routed)           1.150     4.600    design_1_i/axi_mem_intercon/m00_couplers/auto_pc/inst/gen_axi4_axi3.axi3_conv_inst/USE_WRITE.write_addr_inst/USE_BURSTS.cmd_queue/inst/fifo_gen_inst/inst_fifo_gen/gconvfifo.rf/grf.rf/rstblk/sckt_wr_rst_cc[1]
    SLICE_X28Y49         LUT3 (Prop_lut3_I0_O)        0.124     4.724 f  design_1_i/axi_mem_intercon/m00_couplers/auto_pc/inst/gen_axi4_axi3.axi3_conv_inst/USE_WRITE.write_addr_inst/USE_BURSTS.cmd_queue/inst/fifo_gen_inst/inst_fifo_gen/gconvfifo.rf/grf.rf/rstblk/gpregsm1.curr_fwft_state[1]_i_2/O
                         net (fo=32, routed)          0.933     5.658    design_1_i/axi_mem_intercon/m00_couplers/auto_pc/inst/gen_axi4_axi3.axi3_conv_inst/USE_WRITE.write_addr_inst/USE_BURSTS.cmd_queue/inst/fifo_gen_inst/inst_fifo_gen/gconvfifo.rf/grf.rf/gntv_or_sync_fifo.gl0.rd/gr1.gr1_int.rfwft/gpregsm1.user_valid_reg_0
    SLICE_X26Y48         FDCE                                         f  design_1_i/axi_mem_intercon/m00_couplers/auto_pc/inst/gen_axi4_axi3.axi3_conv_inst/USE_WRITE.write_addr_inst/USE_BURSTS.cmd_queue/inst/fifo_gen_inst/inst_fifo_gen/gconvfifo.rf/grf.rf/gntv_or_sync_fifo.gl0.rd/gr1.gr1_int.rfwft/gpregsm1.curr_fwft_state_reg[0]/CLR
  -------------------------------------------------------------------    -------------------

                         (clock clk_fpga_0 rise edge)
                                                     20.000    20.000 r  
    PS7_X0Y0             PS7                          0.000    20.000 r  design_1_i/processing_system7_0/inst/PS7_i/FCLKCLK[0]
                         net (fo=1, routed)           1.088    21.088    design_1_i/processing_system7_0/inst/FCLK_CLK_unbuffered[0]
    BUFGCTRL_X0Y16       BUFG (Prop_bufg_I_O)         0.091    21.179 r  design_1_i/processing_system7_0/inst/buffer_fclk_clk_0.FCLK_CLK_0_BUFG/O
                         net (fo=4892, routed)        1.573    22.753    design_1_i/axi_mem_intercon/m00_couplers/auto_pc/inst/gen_axi4_axi3.axi3_conv_inst/USE_WRITE.write_addr_inst/USE_BURSTS.cmd_queue/inst/fifo_gen_inst/inst_fifo_gen/gconvfifo.rf/grf.rf/gntv_or_sync_fifo.gl0.rd/gr1.gr1_int.rfwft/clk
    SLICE_X26Y48         FDCE                                         r  design_1_i/axi_mem_intercon/m00_couplers/auto_pc/inst/gen_axi4_axi3.axi3_conv_inst/USE_WRITE.write_addr_inst/USE_BURSTS.cmd_queue/inst/fifo_gen_inst/inst_fifo_gen/gconvfifo.rf/grf.rf/gntv_or_sync_fifo.gl0.rd/gr1.gr1_int.rfwft/gpregsm1.curr_fwft_state_reg[0]/C
                         clock pessimism              0.115    22.867    
                         clock uncertainty           -0.302    22.565    
    SLICE_X26Y48         FDCE (Recov_fdce_C_CLR)     -0.319    22.246    design_1_i/axi_mem_intercon/m00_couplers/auto_pc/inst/gen_axi4_axi3.axi3_conv_inst/USE_WRITE.write_addr_inst/USE_BURSTS.cmd_queue/inst/fifo_gen_inst/inst_fifo_gen/gconvfifo.rf/grf.rf/gntv_or_sync_fifo.gl0.rd/gr1.gr1_int.rfwft/gpregsm1.curr_fwft_state_reg[0]
  -------------------------------------------------------------------
                         required time                         22.246    
                         arrival time                          -5.658    
  -------------------------------------------------------------------
                         slack                                 16.589    

Slack (MET) :             16.589ns  (required time - arrival time)
  Source:                 design_1_i/axi_mem_intercon/m00_couplers/auto_pc/inst/gen_axi4_axi3.axi3_conv_inst/USE_WRITE.write_addr_inst/USE_BURSTS.cmd_queue/inst/fifo_gen_inst/inst_fifo_gen/gconvfifo.rf/grf.rf/rstblk/ngwrdrst.grst.g7serrst.gnsckt_wrst.gcc_rst.sckt_wr_rst_cc_reg[1]/C
                            (rising edge-triggered cell FDRE clocked by clk_fpga_0  {rise@0.000ns fall@10.000ns period=20.000ns})
  Destination:            design_1_i/axi_mem_intercon/m00_couplers/auto_pc/inst/gen_axi4_axi3.axi3_conv_inst/USE_WRITE.write_addr_inst/USE_BURSTS.cmd_queue/inst/fifo_gen_inst/inst_fifo_gen/gconvfifo.rf/grf.rf/gntv_or_sync_fifo.gl0.wr/gwss.wsts/ram_full_fb_i_reg/CLR
                            (recovery check against rising-edge clock clk_fpga_0  {rise@0.000ns fall@10.000ns period=20.000ns})
  Path Group:             **async_default**
  Path Type:              Recovery (Max at Slow Process Corner)
  Requirement:            20.000ns  (clk_fpga_0 rise@20.000ns - clk_fpga_0 rise@0.000ns)
  Data Path Delay:        2.664ns  (logic 0.580ns (21.775%)  route 2.084ns (78.225%))
  Logic Levels:           1  (LUT3=1)
  Clock Path Skew:        -0.127ns (DCD - SCD + CPR)
    Destination Clock Delay (DCD):    2.752ns = ( 22.753 - 20.000 ) 
    Source Clock Delay      (SCD):    2.994ns
    Clock Pessimism Removal (CPR):    0.115ns
  Clock Uncertainty:      0.302ns  ((TSJ^2 + TIJ^2)^1/2 + DJ) / 2 + PE
    Total System Jitter     (TSJ):    0.071ns
    Total Input Jitter      (TIJ):    0.600ns
    Discrete Jitter          (DJ):    0.000ns
    Phase Error              (PE):    0.000ns

    Location             Delay type                Incr(ns)  Path(ns)    Netlist Resource(s)
  -------------------------------------------------------------------    -------------------
                         (clock clk_fpga_0 rise edge)
                                                      0.000     0.000 r  
    PS7_X0Y0             PS7                          0.000     0.000 r  design_1_i/processing_system7_0/inst/PS7_i/FCLKCLK[0]
                         net (fo=1, routed)           1.193     1.193    design_1_i/processing_system7_0/inst/FCLK_CLK_unbuffered[0]
    BUFGCTRL_X0Y16       BUFG (Prop_bufg_I_O)         0.101     1.294 r  design_1_i/processing_system7_0/inst/buffer_fclk_clk_0.FCLK_CLK_0_BUFG/O
                         net (fo=4892, routed)        1.700     2.994    design_1_i/axi_mem_intercon/m00_couplers/auto_pc/inst/gen_axi4_axi3.axi3_conv_inst/USE_WRITE.write_addr_inst/USE_BURSTS.cmd_queue/inst/fifo_gen_inst/inst_fifo_gen/gconvfifo.rf/grf.rf/rstblk/clk
    SLICE_X29Y50         FDRE                                         r  design_1_i/axi_mem_intercon/m00_couplers/auto_pc/inst/gen_axi4_axi3.axi3_conv_inst/USE_WRITE.write_addr_inst/USE_BURSTS.cmd_queue/inst/fifo_gen_inst/inst_fifo_gen/gconvfifo.rf/grf.rf/rstblk/ngwrdrst.grst.g7serrst.gnsckt_wrst.gcc_rst.sckt_wr_rst_cc_reg[1]/C
  -------------------------------------------------------------------    -------------------
    SLICE_X29Y50         FDRE (Prop_fdre_C_Q)         0.456     3.450 f  design_1_i/axi_mem_intercon/m00_couplers/auto_pc/inst/gen_axi4_axi3.axi3_conv_inst/USE_WRITE.write_addr_inst/USE_BURSTS.cmd_queue/inst/fifo_gen_inst/inst_fifo_gen/gconvfifo.rf/grf.rf/rstblk/ngwrdrst.grst.g7serrst.gnsckt_wrst.gcc_rst.sckt_wr_rst_cc_reg[1]/Q
                         net (fo=2, routed)           1.150     4.600    design_1_i/axi_mem_intercon/m00_couplers/auto_pc/inst/gen_axi4_axi3.axi3_conv_inst/USE_WRITE.write_addr_inst/USE_BURSTS.cmd_queue/inst/fifo_gen_inst/inst_fifo_gen/gconvfifo.rf/grf.rf/rstblk/sckt_wr_rst_cc[1]
    SLICE_X28Y49         LUT3 (Prop_lut3_I0_O)        0.124     4.724 f  design_1_i/axi_mem_intercon/m00_couplers/auto_pc/inst/gen_axi4_axi3.axi3_conv_inst/USE_WRITE.write_addr_inst/USE_BURSTS.cmd_queue/inst/fifo_gen_inst/inst_fifo_gen/gconvfifo.rf/grf.rf/rstblk/gpregsm1.curr_fwft_state[1]_i_2/O
                         net (fo=32, routed)          0.933     5.658    design_1_i/axi_mem_intercon/m00_couplers/auto_pc/inst/gen_axi4_axi3.axi3_conv_inst/USE_WRITE.write_addr_inst/USE_BURSTS.cmd_queue/inst/fifo_gen_inst/inst_fifo_gen/gconvfifo.rf/grf.rf/gntv_or_sync_fifo.gl0.wr/gwss.wsts/AR[0]
    SLICE_X26Y48         FDCE                                         f  design_1_i/axi_mem_intercon/m00_couplers/auto_pc/inst/gen_axi4_axi3.axi3_conv_inst/USE_WRITE.write_addr_inst/USE_BURSTS.cmd_queue/inst/fifo_gen_inst/inst_fifo_gen/gconvfifo.rf/grf.rf/gntv_or_sync_fifo.gl0.wr/gwss.wsts/ram_full_fb_i_reg/CLR
  -------------------------------------------------------------------    -------------------

                         (clock clk_fpga_0 rise edge)
                                                     20.000    20.000 r  
    PS7_X0Y0             PS7                          0.000    20.000 r  design_1_i/processing_system7_0/inst/PS7_i/FCLKCLK[0]
                         net (fo=1, routed)           1.088    21.088    design_1_i/processing_system7_0/inst/FCLK_CLK_unbuffered[0]
    BUFGCTRL_X0Y16       BUFG (Prop_bufg_I_O)         0.091    21.179 r  design_1_i/processing_system7_0/inst/buffer_fclk_clk_0.FCLK_CLK_0_BUFG/O
                         net (fo=4892, routed)        1.573    22.753    design_1_i/axi_mem_intercon/m00_couplers/auto_pc/inst/gen_axi4_axi3.axi3_conv_inst/USE_WRITE.write_addr_inst/USE_BURSTS.cmd_queue/inst/fifo_gen_inst/inst_fifo_gen/gconvfifo.rf/grf.rf/gntv_or_sync_fifo.gl0.wr/gwss.wsts/clk
    SLICE_X26Y48         FDCE                                         r  design_1_i/axi_mem_intercon/m00_couplers/auto_pc/inst/gen_axi4_axi3.axi3_conv_inst/USE_WRITE.write_addr_inst/USE_BURSTS.cmd_queue/inst/fifo_gen_inst/inst_fifo_gen/gconvfifo.rf/grf.rf/gntv_or_sync_fifo.gl0.wr/gwss.wsts/ram_full_fb_i_reg/C
                         clock pessimism              0.115    22.867    
                         clock uncertainty           -0.302    22.565    
    SLICE_X26Y48         FDCE (Recov_fdce_C_CLR)     -0.319    22.246    design_1_i/axi_mem_intercon/m00_couplers/auto_pc/inst/gen_axi4_axi3.axi3_conv_inst/USE_WRITE.write_addr_inst/USE_BURSTS.cmd_queue/inst/fifo_gen_inst/inst_fifo_gen/gconvfifo.rf/grf.rf/gntv_or_sync_fifo.gl0.wr/gwss.wsts/ram_full_fb_i_reg
  -------------------------------------------------------------------
                         required time                         22.246    
                         arrival time                          -5.658    
  -------------------------------------------------------------------
                         slack                                 16.589    

Slack (MET) :             16.589ns  (required time - arrival time)
  Source:                 design_1_i/axi_mem_intercon/m00_couplers/auto_pc/inst/gen_axi4_axi3.axi3_conv_inst/USE_WRITE.write_addr_inst/USE_BURSTS.cmd_queue/inst/fifo_gen_inst/inst_fifo_gen/gconvfifo.rf/grf.rf/rstblk/ngwrdrst.grst.g7serrst.gnsckt_wrst.gcc_rst.sckt_wr_rst_cc_reg[1]/C
                            (rising edge-triggered cell FDRE clocked by clk_fpga_0  {rise@0.000ns fall@10.000ns period=20.000ns})
  Destination:            design_1_i/axi_mem_intercon/m00_couplers/auto_pc/inst/gen_axi4_axi3.axi3_conv_inst/USE_WRITE.write_addr_inst/USE_BURSTS.cmd_queue/inst/fifo_gen_inst/inst_fifo_gen/gconvfifo.rf/grf.rf/gntv_or_sync_fifo.gl0.wr/gwss.wsts/ram_full_i_reg/CLR
                            (recovery check against rising-edge clock clk_fpga_0  {rise@0.000ns fall@10.000ns period=20.000ns})
  Path Group:             **async_default**
  Path Type:              Recovery (Max at Slow Process Corner)
  Requirement:            20.000ns  (clk_fpga_0 rise@20.000ns - clk_fpga_0 rise@0.000ns)
  Data Path Delay:        2.664ns  (logic 0.580ns (21.775%)  route 2.084ns (78.225%))
  Logic Levels:           1  (LUT3=1)
  Clock Path Skew:        -0.127ns (DCD - SCD + CPR)
    Destination Clock Delay (DCD):    2.752ns = ( 22.753 - 20.000 ) 
    Source Clock Delay      (SCD):    2.994ns
    Clock Pessimism Removal (CPR):    0.115ns
  Clock Uncertainty:      0.302ns  ((TSJ^2 + TIJ^2)^1/2 + DJ) / 2 + PE
    Total System Jitter     (TSJ):    0.071ns
    Total Input Jitter      (TIJ):    0.600ns
    Discrete Jitter          (DJ):    0.000ns
    Phase Error              (PE):    0.000ns

    Location             Delay type                Incr(ns)  Path(ns)    Netlist Resource(s)
  -------------------------------------------------------------------    -------------------
                         (clock clk_fpga_0 rise edge)
                                                      0.000     0.000 r  
    PS7_X0Y0             PS7                          0.000     0.000 r  design_1_i/processing_system7_0/inst/PS7_i/FCLKCLK[0]
                         net (fo=1, routed)           1.193     1.193    design_1_i/processing_system7_0/inst/FCLK_CLK_unbuffered[0]
    BUFGCTRL_X0Y16       BUFG (Prop_bufg_I_O)         0.101     1.294 r  design_1_i/processing_system7_0/inst/buffer_fclk_clk_0.FCLK_CLK_0_BUFG/O
                         net (fo=4892, routed)        1.700     2.994    design_1_i/axi_mem_intercon/m00_couplers/auto_pc/inst/gen_axi4_axi3.axi3_conv_inst/USE_WRITE.write_addr_inst/USE_BURSTS.cmd_queue/inst/fifo_gen_inst/inst_fifo_gen/gconvfifo.rf/grf.rf/rstblk/clk
    SLICE_X29Y50         FDRE                                         r  design_1_i/axi_mem_intercon/m00_couplers/auto_pc/inst/gen_axi4_axi3.axi3_conv_inst/USE_WRITE.write_addr_inst/USE_BURSTS.cmd_queue/inst/fifo_gen_inst/inst_fifo_gen/gconvfifo.rf/grf.rf/rstblk/ngwrdrst.grst.g7serrst.gnsckt_wrst.gcc_rst.sckt_wr_rst_cc_reg[1]/C
  -------------------------------------------------------------------    -------------------
    SLICE_X29Y50         FDRE (Prop_fdre_C_Q)         0.456     3.450 f  design_1_i/axi_mem_intercon/m00_couplers/auto_pc/inst/gen_axi4_axi3.axi3_conv_inst/USE_WRITE.write_addr_inst/USE_BURSTS.cmd_queue/inst/fifo_gen_inst/inst_fifo_gen/gconvfifo.rf/grf.rf/rstblk/ngwrdrst.grst.g7serrst.gnsckt_wrst.gcc_rst.sckt_wr_rst_cc_reg[1]/Q
                         net (fo=2, routed)           1.150     4.600    design_1_i/axi_mem_intercon/m00_couplers/auto_pc/inst/gen_axi4_axi3.axi3_conv_inst/USE_WRITE.write_addr_inst/USE_BURSTS.cmd_queue/inst/fifo_gen_inst/inst_fifo_gen/gconvfifo.rf/grf.rf/rstblk/sckt_wr_rst_cc[1]
    SLICE_X28Y49         LUT3 (Prop_lut3_I0_O)        0.124     4.724 f  design_1_i/axi_mem_intercon/m00_couplers/auto_pc/inst/gen_axi4_axi3.axi3_conv_inst/USE_WRITE.write_addr_inst/USE_BURSTS.cmd_queue/inst/fifo_gen_inst/inst_fifo_gen/gconvfifo.rf/grf.rf/rstblk/gpregsm1.curr_fwft_state[1]_i_2/O
                         net (fo=32, routed)          0.933     5.658    design_1_i/axi_mem_intercon/m00_couplers/auto_pc/inst/gen_axi4_axi3.axi3_conv_inst/USE_WRITE.write_addr_inst/USE_BURSTS.cmd_queue/inst/fifo_gen_inst/inst_fifo_gen/gconvfifo.rf/grf.rf/gntv_or_sync_fifo.gl0.wr/gwss.wsts/AR[0]
    SLICE_X26Y48         FDCE                                         f  design_1_i/axi_mem_intercon/m00_couplers/auto_pc/inst/gen_axi4_axi3.axi3_conv_inst/USE_WRITE.write_addr_inst/USE_BURSTS.cmd_queue/inst/fifo_gen_inst/inst_fifo_gen/gconvfifo.rf/grf.rf/gntv_or_sync_fifo.gl0.wr/gwss.wsts/ram_full_i_reg/CLR
  -------------------------------------------------------------------    -------------------

                         (clock clk_fpga_0 rise edge)
                                                     20.000    20.000 r  
    PS7_X0Y0             PS7                          0.000    20.000 r  design_1_i/processing_system7_0/inst/PS7_i/FCLKCLK[0]
                         net (fo=1, routed)           1.088    21.088    design_1_i/processing_system7_0/inst/FCLK_CLK_unbuffered[0]
    BUFGCTRL_X0Y16       BUFG (Prop_bufg_I_O)         0.091    21.179 r  design_1_i/processing_system7_0/inst/buffer_fclk_clk_0.FCLK_CLK_0_BUFG/O
                         net (fo=4892, routed)        1.573    22.753    design_1_i/axi_mem_intercon/m00_couplers/auto_pc/inst/gen_axi4_axi3.axi3_conv_inst/USE_WRITE.write_addr_inst/USE_BURSTS.cmd_queue/inst/fifo_gen_inst/inst_fifo_gen/gconvfifo.rf/grf.rf/gntv_or_sync_fifo.gl0.wr/gwss.wsts/clk
    SLICE_X26Y48         FDCE                                         r  design_1_i/axi_mem_intercon/m00_couplers/auto_pc/inst/gen_axi4_axi3.axi3_conv_inst/USE_WRITE.write_addr_inst/USE_BURSTS.cmd_queue/inst/fifo_gen_inst/inst_fifo_gen/gconvfifo.rf/grf.rf/gntv_or_sync_fifo.gl0.wr/gwss.wsts/ram_full_i_reg/C
                         clock pessimism              0.115    22.867    
                         clock uncertainty           -0.302    22.565    
    SLICE_X26Y48         FDCE (Recov_fdce_C_CLR)     -0.319    22.246    design_1_i/axi_mem_intercon/m00_couplers/auto_pc/inst/gen_axi4_axi3.axi3_conv_inst/USE_WRITE.write_addr_inst/USE_BURSTS.cmd_queue/inst/fifo_gen_inst/inst_fifo_gen/gconvfifo.rf/grf.rf/gntv_or_sync_fifo.gl0.wr/gwss.wsts/ram_full_i_reg
  -------------------------------------------------------------------
                         required time                         22.246    
                         arrival time                          -5.658    
  -------------------------------------------------------------------
                         slack                                 16.589    

Slack (MET) :             16.726ns  (required time - arrival time)
  Source:                 design_1_i/axi_mem_intercon/m00_couplers/auto_pc/inst/gen_axi4_axi3.axi3_conv_inst/USE_WRITE.write_addr_inst/USE_BURSTS.cmd_queue/inst/fifo_gen_inst/inst_fifo_gen/gconvfifo.rf/grf.rf/rstblk/ngwrdrst.grst.g7serrst.gnsckt_wrst.gcc_rst.sckt_wr_rst_cc_reg[1]/C
                            (rising edge-triggered cell FDRE clocked by clk_fpga_0  {rise@0.000ns fall@10.000ns period=20.000ns})
  Destination:            design_1_i/axi_mem_intercon/m00_couplers/auto_pc/inst/gen_axi4_axi3.axi3_conv_inst/USE_WRITE.write_addr_inst/USE_BURSTS.cmd_queue/inst/fifo_gen_inst/inst_fifo_gen/gconvfifo.rf/grf.rf/gntv_or_sync_fifo.gl0.rd/rpntr/gc0.count_d1_reg[2]/CLR
                            (recovery check against rising-edge clock clk_fpga_0  {rise@0.000ns fall@10.000ns period=20.000ns})
  Path Group:             **async_default**
  Path Type:              Recovery (Max at Slow Process Corner)
  Requirement:            20.000ns  (clk_fpga_0 rise@20.000ns - clk_fpga_0 rise@0.000ns)
  Data Path Delay:        2.440ns  (logic 0.580ns (23.768%)  route 1.860ns (76.232%))
  Logic Levels:           1  (LUT3=1)
  Clock Path Skew:        -0.127ns (DCD - SCD + CPR)
    Destination Clock Delay (DCD):    2.752ns = ( 22.753 - 20.000 ) 
    Source Clock Delay      (SCD):    2.994ns
    Clock Pessimism Removal (CPR):    0.115ns
  Clock Uncertainty:      0.302ns  ((TSJ^2 + TIJ^2)^1/2 + DJ) / 2 + PE
    Total System Jitter     (TSJ):    0.071ns
    Total Input Jitter      (TIJ):    0.600ns
    Discrete Jitter          (DJ):    0.000ns
    Phase Error              (PE):    0.000ns

    Location             Delay type                Incr(ns)  Path(ns)    Netlist Resource(s)
  -------------------------------------------------------------------    -------------------
                         (clock clk_fpga_0 rise edge)
                                                      0.000     0.000 r  
    PS7_X0Y0             PS7                          0.000     0.000 r  design_1_i/processing_system7_0/inst/PS7_i/FCLKCLK[0]
                         net (fo=1, routed)           1.193     1.193    design_1_i/processing_system7_0/inst/FCLK_CLK_unbuffered[0]
    BUFGCTRL_X0Y16       BUFG (Prop_bufg_I_O)         0.101     1.294 r  design_1_i/processing_system7_0/inst/buffer_fclk_clk_0.FCLK_CLK_0_BUFG/O
                         net (fo=4892, routed)        1.700     2.994    design_1_i/axi_mem_intercon/m00_couplers/auto_pc/inst/gen_axi4_axi3.axi3_conv_inst/USE_WRITE.write_addr_inst/USE_BURSTS.cmd_queue/inst/fifo_gen_inst/inst_fifo_gen/gconvfifo.rf/grf.rf/rstblk/clk
    SLICE_X29Y50         FDRE                                         r  design_1_i/axi_mem_intercon/m00_couplers/auto_pc/inst/gen_axi4_axi3.axi3_conv_inst/USE_WRITE.write_addr_inst/USE_BURSTS.cmd_queue/inst/fifo_gen_inst/inst_fifo_gen/gconvfifo.rf/grf.rf/rstblk/ngwrdrst.grst.g7serrst.gnsckt_wrst.gcc_rst.sckt_wr_rst_cc_reg[1]/C
  -------------------------------------------------------------------    -------------------
    SLICE_X29Y50         FDRE (Prop_fdre_C_Q)         0.456     3.450 f  design_1_i/axi_mem_intercon/m00_couplers/auto_pc/inst/gen_axi4_axi3.axi3_conv_inst/USE_WRITE.write_addr_inst/USE_BURSTS.cmd_queue/inst/fifo_gen_inst/inst_fifo_gen/gconvfifo.rf/grf.rf/rstblk/ngwrdrst.grst.g7serrst.gnsckt_wrst.gcc_rst.sckt_wr_rst_cc_reg[1]/Q
                         net (fo=2, routed)           1.150     4.600    design_1_i/axi_mem_intercon/m00_couplers/auto_pc/inst/gen_axi4_axi3.axi3_conv_inst/USE_WRITE.write_addr_inst/USE_BURSTS.cmd_queue/inst/fifo_gen_inst/inst_fifo_gen/gconvfifo.rf/grf.rf/rstblk/sckt_wr_rst_cc[1]
    SLICE_X28Y49         LUT3 (Prop_lut3_I0_O)        0.124     4.724 f  design_1_i/axi_mem_intercon/m00_couplers/auto_pc/inst/gen_axi4_axi3.axi3_conv_inst/USE_WRITE.write_addr_inst/USE_BURSTS.cmd_queue/inst/fifo_gen_inst/inst_fifo_gen/gconvfifo.rf/grf.rf/rstblk/gpregsm1.curr_fwft_state[1]_i_2/O
                         net (fo=32, routed)          0.710     5.434    design_1_i/axi_mem_intercon/m00_couplers/auto_pc/inst/gen_axi4_axi3.axi3_conv_inst/USE_WRITE.write_addr_inst/USE_BURSTS.cmd_queue/inst/fifo_gen_inst/inst_fifo_gen/gconvfifo.rf/grf.rf/gntv_or_sync_fifo.gl0.rd/rpntr/gc0.count_d1_reg[4]_1
    SLICE_X25Y49         FDCE                                         f  design_1_i/axi_mem_intercon/m00_couplers/auto_pc/inst/gen_axi4_axi3.axi3_conv_inst/USE_WRITE.write_addr_inst/USE_BURSTS.cmd_queue/inst/fifo_gen_inst/inst_fifo_gen/gconvfifo.rf/grf.rf/gntv_or_sync_fifo.gl0.rd/rpntr/gc0.count_d1_reg[2]/CLR
  -------------------------------------------------------------------    -------------------

                         (clock clk_fpga_0 rise edge)
                                                     20.000    20.000 r  
    PS7_X0Y0             PS7                          0.000    20.000 r  design_1_i/processing_system7_0/inst/PS7_i/FCLKCLK[0]
                         net (fo=1, routed)           1.088    21.088    design_1_i/processing_system7_0/inst/FCLK_CLK_unbuffered[0]
    BUFGCTRL_X0Y16       BUFG (Prop_bufg_I_O)         0.091    21.179 r  design_1_i/processing_system7_0/inst/buffer_fclk_clk_0.FCLK_CLK_0_BUFG/O
                         net (fo=4892, routed)        1.573    22.753    design_1_i/axi_mem_intercon/m00_couplers/auto_pc/inst/gen_axi4_axi3.axi3_conv_inst/USE_WRITE.write_addr_inst/USE_BURSTS.cmd_queue/inst/fifo_gen_inst/inst_fifo_gen/gconvfifo.rf/grf.rf/gntv_or_sync_fifo.gl0.rd/rpntr/clk
    SLICE_X25Y49         FDCE                                         r  design_1_i/axi_mem_intercon/m00_couplers/auto_pc/inst/gen_axi4_axi3.axi3_conv_inst/USE_WRITE.write_addr_inst/USE_BURSTS.cmd_queue/inst/fifo_gen_inst/inst_fifo_gen/gconvfifo.rf/grf.rf/gntv_or_sync_fifo.gl0.rd/rpntr/gc0.count_d1_reg[2]/C
                         clock pessimism              0.115    22.867    
                         clock uncertainty           -0.302    22.565    
    SLICE_X25Y49         FDCE (Recov_fdce_C_CLR)     -0.405    22.160    design_1_i/axi_mem_intercon/m00_couplers/auto_pc/inst/gen_axi4_axi3.axi3_conv_inst/USE_WRITE.write_addr_inst/USE_BURSTS.cmd_queue/inst/fifo_gen_inst/inst_fifo_gen/gconvfifo.rf/grf.rf/gntv_or_sync_fifo.gl0.rd/rpntr/gc0.count_d1_reg[2]
  -------------------------------------------------------------------
                         required time                         22.160    
                         arrival time                          -5.434    
  -------------------------------------------------------------------
                         slack                                 16.726    





Min Delay Paths
--------------------------------------------------------------------------------------
Slack (MET) :             0.461ns  (arrival time - required time)
  Source:                 design_1_i/axi_mem_intercon/m00_couplers/auto_pc/inst/gen_axi4_axi3.axi3_conv_inst/USE_WRITE.write_addr_inst/USE_BURSTS.cmd_queue/inst/fifo_gen_inst/inst_fifo_gen/gconvfifo.rf/grf.rf/rstblk/ngwrdrst.grst.g7serrst.gnsckt_wrst.gcc_rst.sckt_wr_rst_cc_reg[0]/C
                            (rising edge-triggered cell FDRE clocked by clk_fpga_0  {rise@0.000ns fall@10.000ns period=20.000ns})
  Destination:            design_1_i/axi_mem_intercon/m00_couplers/auto_pc/inst/gen_axi4_axi3.axi3_conv_inst/USE_WRITE.write_addr_inst/USE_BURSTS.cmd_queue/inst/fifo_gen_inst/inst_fifo_gen/gconvfifo.rf/grf.rf/gntv_or_sync_fifo.gl0.rd/gr1.gr1_int.rfwft/gpregsm1.user_valid_reg/CLR
                            (removal check against rising-edge clock clk_fpga_0  {rise@0.000ns fall@10.000ns period=20.000ns})
  Path Group:             **async_default**
  Path Type:              Removal (Min at Fast Process Corner)
  Requirement:            0.000ns  (clk_fpga_0 rise@0.000ns - clk_fpga_0 rise@0.000ns)
  Data Path Delay:        0.651ns  (logic 0.186ns (28.553%)  route 0.465ns (71.447%))
  Logic Levels:           1  (LUT3=1)
  Clock Path Skew:        0.282ns (DCD - SCD - CPR)
    Destination Clock Delay (DCD):    1.225ns
    Source Clock Delay      (SCD):    0.913ns
    Clock Pessimism Removal (CPR):    0.030ns

    Location             Delay type                Incr(ns)  Path(ns)    Netlist Resource(s)
  -------------------------------------------------------------------    -------------------
                         (clock clk_fpga_0 rise edge)
                                                      0.000     0.000 r  
    PS7_X0Y0             PS7                          0.000     0.000 r  design_1_i/processing_system7_0/inst/PS7_i/FCLKCLK[0]
                         net (fo=1, routed)           0.310     0.310    design_1_i/processing_system7_0/inst/FCLK_CLK_unbuffered[0]
    BUFGCTRL_X0Y16       BUFG (Prop_bufg_I_O)         0.026     0.336 r  design_1_i/processing_system7_0/inst/buffer_fclk_clk_0.FCLK_CLK_0_BUFG/O
                         net (fo=4892, routed)        0.577     0.913    design_1_i/axi_mem_intercon/m00_couplers/auto_pc/inst/gen_axi4_axi3.axi3_conv_inst/USE_WRITE.write_addr_inst/USE_BURSTS.cmd_queue/inst/fifo_gen_inst/inst_fifo_gen/gconvfifo.rf/grf.rf/rstblk/clk
    SLICE_X29Y50         FDRE                                         r  design_1_i/axi_mem_intercon/m00_couplers/auto_pc/inst/gen_axi4_axi3.axi3_conv_inst/USE_WRITE.write_addr_inst/USE_BURSTS.cmd_queue/inst/fifo_gen_inst/inst_fifo_gen/gconvfifo.rf/grf.rf/rstblk/ngwrdrst.grst.g7serrst.gnsckt_wrst.gcc_rst.sckt_wr_rst_cc_reg[0]/C
  -------------------------------------------------------------------    -------------------
    SLICE_X29Y50         FDRE (Prop_fdre_C_Q)         0.141     1.054 f  design_1_i/axi_mem_intercon/m00_couplers/auto_pc/inst/gen_axi4_axi3.axi3_conv_inst/USE_WRITE.write_addr_inst/USE_BURSTS.cmd_queue/inst/fifo_gen_inst/inst_fifo_gen/gconvfifo.rf/grf.rf/rstblk/ngwrdrst.grst.g7serrst.gnsckt_wrst.gcc_rst.sckt_wr_rst_cc_reg[0]/Q
                         net (fo=3, routed)           0.243     1.297    design_1_i/axi_mem_intercon/m00_couplers/auto_pc/inst/gen_axi4_axi3.axi3_conv_inst/USE_WRITE.write_addr_inst/USE_BURSTS.cmd_queue/inst/fifo_gen_inst/inst_fifo_gen/gconvfifo.rf/grf.rf/rstblk/sckt_wr_rst_cc[0]
    SLICE_X28Y49         LUT3 (Prop_lut3_I1_O)        0.045     1.342 f  design_1_i/axi_mem_intercon/m00_couplers/auto_pc/inst/gen_axi4_axi3.axi3_conv_inst/USE_WRITE.write_addr_inst/USE_BURSTS.cmd_queue/inst/fifo_gen_inst/inst_fifo_gen/gconvfifo.rf/grf.rf/rstblk/gpregsm1.curr_fwft_state[1]_i_2/O
                         net (fo=32, routed)          0.222     1.564    design_1_i/axi_mem_intercon/m00_couplers/auto_pc/inst/gen_axi4_axi3.axi3_conv_inst/USE_WRITE.write_addr_inst/USE_BURSTS.cmd_queue/inst/fifo_gen_inst/inst_fifo_gen/gconvfifo.rf/grf.rf/gntv_or_sync_fifo.gl0.rd/gr1.gr1_int.rfwft/gpregsm1.user_valid_reg_0
    SLICE_X28Y49         FDCE                                         f  design_1_i/axi_mem_intercon/m00_couplers/auto_pc/inst/gen_axi4_axi3.axi3_conv_inst/USE_WRITE.write_addr_inst/USE_BURSTS.cmd_queue/inst/fifo_gen_inst/inst_fifo_gen/gconvfifo.rf/grf.rf/gntv_or_sync_fifo.gl0.rd/gr1.gr1_int.rfwft/gpregsm1.user_valid_reg/CLR
  -------------------------------------------------------------------    -------------------

                         (clock clk_fpga_0 rise edge)
                                                      0.000     0.000 r  
    PS7_X0Y0             PS7                          0.000     0.000 r  design_1_i/processing_system7_0/inst/PS7_i/FCLKCLK[0]
                         net (fo=1, routed)           0.337     0.337    design_1_i/processing_system7_0/inst/FCLK_CLK_unbuffered[0]
    BUFGCTRL_X0Y16       BUFG (Prop_bufg_I_O)         0.029     0.366 r  design_1_i/processing_system7_0/inst/buffer_fclk_clk_0.FCLK_CLK_0_BUFG/O
                         net (fo=4892, routed)        0.859     1.225    design_1_i/axi_mem_intercon/m00_couplers/auto_pc/inst/gen_axi4_axi3.axi3_conv_inst/USE_WRITE.write_addr_inst/USE_BURSTS.cmd_queue/inst/fifo_gen_inst/inst_fifo_gen/gconvfifo.rf/grf.rf/gntv_or_sync_fifo.gl0.rd/gr1.gr1_int.rfwft/clk
    SLICE_X28Y49         FDCE                                         r  design_1_i/axi_mem_intercon/m00_couplers/auto_pc/inst/gen_axi4_axi3.axi3_conv_inst/USE_WRITE.write_addr_inst/USE_BURSTS.cmd_queue/inst/fifo_gen_inst/inst_fifo_gen/gconvfifo.rf/grf.rf/gntv_or_sync_fifo.gl0.rd/gr1.gr1_int.rfwft/gpregsm1.user_valid_reg/C
                         clock pessimism             -0.030     1.195    
    SLICE_X28Y49         FDCE (Remov_fdce_C_CLR)     -0.092     1.103    design_1_i/axi_mem_intercon/m00_couplers/auto_pc/inst/gen_axi4_axi3.axi3_conv_inst/USE_WRITE.write_addr_inst/USE_BURSTS.cmd_queue/inst/fifo_gen_inst/inst_fifo_gen/gconvfifo.rf/grf.rf/gntv_or_sync_fifo.gl0.rd/gr1.gr1_int.rfwft/gpregsm1.user_valid_reg
  -------------------------------------------------------------------
                         required time                         -1.103    
                         arrival time                           1.564    
  -------------------------------------------------------------------
                         slack                                  0.461    

Slack (MET) :             0.464ns  (arrival time - required time)
  Source:                 design_1_i/axi_mem_intercon/m00_couplers/auto_pc/inst/gen_axi4_axi3.axi3_conv_inst/USE_WRITE.write_addr_inst/USE_BURSTS.cmd_queue/inst/fifo_gen_inst/inst_fifo_gen/gconvfifo.rf/grf.rf/rstblk/ngwrdrst.grst.g7serrst.gnsckt_wrst.gcc_rst.sckt_wr_rst_cc_reg[0]/C
                            (rising edge-triggered cell FDRE clocked by clk_fpga_0  {rise@0.000ns fall@10.000ns period=20.000ns})
  Destination:            design_1_i/axi_mem_intercon/m00_couplers/auto_pc/inst/gen_axi4_axi3.axi3_conv_inst/USE_WRITE.write_addr_inst/USE_BURSTS.cmd_queue/inst/fifo_gen_inst/inst_fifo_gen/gconvfifo.rf/grf.rf/gntv_or_sync_fifo.gl0.rd/gr1.gr1_int.rfwft/aempty_fwft_fb_i_reg/PRE
                            (removal check against rising-edge clock clk_fpga_0  {rise@0.000ns fall@10.000ns period=20.000ns})
  Path Group:             **async_default**
  Path Type:              Removal (Min at Fast Process Corner)
  Requirement:            0.000ns  (clk_fpga_0 rise@0.000ns - clk_fpga_0 rise@0.000ns)
  Data Path Delay:        0.651ns  (logic 0.186ns (28.553%)  route 0.465ns (71.447%))
  Logic Levels:           1  (LUT3=1)
  Clock Path Skew:        0.282ns (DCD - SCD - CPR)
    Destination Clock Delay (DCD):    1.225ns
    Source Clock Delay      (SCD):    0.913ns
    Clock Pessimism Removal (CPR):    0.030ns

    Location             Delay type                Incr(ns)  Path(ns)    Netlist Resource(s)
  -------------------------------------------------------------------    -------------------
                         (clock clk_fpga_0 rise edge)
                                                      0.000     0.000 r  
    PS7_X0Y0             PS7                          0.000     0.000 r  design_1_i/processing_system7_0/inst/PS7_i/FCLKCLK[0]
                         net (fo=1, routed)           0.310     0.310    design_1_i/processing_system7_0/inst/FCLK_CLK_unbuffered[0]
    BUFGCTRL_X0Y16       BUFG (Prop_bufg_I_O)         0.026     0.336 r  design_1_i/processing_system7_0/inst/buffer_fclk_clk_0.FCLK_CLK_0_BUFG/O
                         net (fo=4892, routed)        0.577     0.913    design_1_i/axi_mem_intercon/m00_couplers/auto_pc/inst/gen_axi4_axi3.axi3_conv_inst/USE_WRITE.write_addr_inst/USE_BURSTS.cmd_queue/inst/fifo_gen_inst/inst_fifo_gen/gconvfifo.rf/grf.rf/rstblk/clk
    SLICE_X29Y50         FDRE                                         r  design_1_i/axi_mem_intercon/m00_couplers/auto_pc/inst/gen_axi4_axi3.axi3_conv_inst/USE_WRITE.write_addr_inst/USE_BURSTS.cmd_queue/inst/fifo_gen_inst/inst_fifo_gen/gconvfifo.rf/grf.rf/rstblk/ngwrdrst.grst.g7serrst.gnsckt_wrst.gcc_rst.sckt_wr_rst_cc_reg[0]/C
  -------------------------------------------------------------------    -------------------
    SLICE_X29Y50         FDRE (Prop_fdre_C_Q)         0.141     1.054 f  design_1_i/axi_mem_intercon/m00_couplers/auto_pc/inst/gen_axi4_axi3.axi3_conv_inst/USE_WRITE.write_addr_inst/USE_BURSTS.cmd_queue/inst/fifo_gen_inst/inst_fifo_gen/gconvfifo.rf/grf.rf/rstblk/ngwrdrst.grst.g7serrst.gnsckt_wrst.gcc_rst.sckt_wr_rst_cc_reg[0]/Q
                         net (fo=3, routed)           0.243     1.297    design_1_i/axi_mem_intercon/m00_couplers/auto_pc/inst/gen_axi4_axi3.axi3_conv_inst/USE_WRITE.write_addr_inst/USE_BURSTS.cmd_queue/inst/fifo_gen_inst/inst_fifo_gen/gconvfifo.rf/grf.rf/rstblk/sckt_wr_rst_cc[0]
    SLICE_X28Y49         LUT3 (Prop_lut3_I1_O)        0.045     1.342 f  design_1_i/axi_mem_intercon/m00_couplers/auto_pc/inst/gen_axi4_axi3.axi3_conv_inst/USE_WRITE.write_addr_inst/USE_BURSTS.cmd_queue/inst/fifo_gen_inst/inst_fifo_gen/gconvfifo.rf/grf.rf/rstblk/gpregsm1.curr_fwft_state[1]_i_2/O
                         net (fo=32, routed)          0.222     1.564    design_1_i/axi_mem_intercon/m00_couplers/auto_pc/inst/gen_axi4_axi3.axi3_conv_inst/USE_WRITE.write_addr_inst/USE_BURSTS.cmd_queue/inst/fifo_gen_inst/inst_fifo_gen/gconvfifo.rf/grf.rf/gntv_or_sync_fifo.gl0.rd/gr1.gr1_int.rfwft/gpregsm1.user_valid_reg_0
    SLICE_X28Y49         FDPE                                         f  design_1_i/axi_mem_intercon/m00_couplers/auto_pc/inst/gen_axi4_axi3.axi3_conv_inst/USE_WRITE.write_addr_inst/USE_BURSTS.cmd_queue/inst/fifo_gen_inst/inst_fifo_gen/gconvfifo.rf/grf.rf/gntv_or_sync_fifo.gl0.rd/gr1.gr1_int.rfwft/aempty_fwft_fb_i_reg/PRE
  -------------------------------------------------------------------    -------------------

                         (clock clk_fpga_0 rise edge)
                                                      0.000     0.000 r  
    PS7_X0Y0             PS7                          0.000     0.000 r  design_1_i/processing_system7_0/inst/PS7_i/FCLKCLK[0]
                         net (fo=1, routed)           0.337     0.337    design_1_i/processing_system7_0/inst/FCLK_CLK_unbuffered[0]
    BUFGCTRL_X0Y16       BUFG (Prop_bufg_I_O)         0.029     0.366 r  design_1_i/processing_system7_0/inst/buffer_fclk_clk_0.FCLK_CLK_0_BUFG/O
                         net (fo=4892, routed)        0.859     1.225    design_1_i/axi_mem_intercon/m00_couplers/auto_pc/inst/gen_axi4_axi3.axi3_conv_inst/USE_WRITE.write_addr_inst/USE_BURSTS.cmd_queue/inst/fifo_gen_inst/inst_fifo_gen/gconvfifo.rf/grf.rf/gntv_or_sync_fifo.gl0.rd/gr1.gr1_int.rfwft/clk
    SLICE_X28Y49         FDPE                                         r  design_1_i/axi_mem_intercon/m00_couplers/auto_pc/inst/gen_axi4_axi3.axi3_conv_inst/USE_WRITE.write_addr_inst/USE_BURSTS.cmd_queue/inst/fifo_gen_inst/inst_fifo_gen/gconvfifo.rf/grf.rf/gntv_or_sync_fifo.gl0.rd/gr1.gr1_int.rfwft/aempty_fwft_fb_i_reg/C
                         clock pessimism             -0.030     1.195    
    SLICE_X28Y49         FDPE (Remov_fdpe_C_PRE)     -0.095     1.100    design_1_i/axi_mem_intercon/m00_couplers/auto_pc/inst/gen_axi4_axi3.axi3_conv_inst/USE_WRITE.write_addr_inst/USE_BURSTS.cmd_queue/inst/fifo_gen_inst/inst_fifo_gen/gconvfifo.rf/grf.rf/gntv_or_sync_fifo.gl0.rd/gr1.gr1_int.rfwft/aempty_fwft_fb_i_reg
  -------------------------------------------------------------------
                         required time                         -1.100    
                         arrival time                           1.564    
  -------------------------------------------------------------------
                         slack                                  0.464    

Slack (MET) :             0.464ns  (arrival time - required time)
  Source:                 design_1_i/axi_mem_intercon/m00_couplers/auto_pc/inst/gen_axi4_axi3.axi3_conv_inst/USE_WRITE.write_addr_inst/USE_BURSTS.cmd_queue/inst/fifo_gen_inst/inst_fifo_gen/gconvfifo.rf/grf.rf/rstblk/ngwrdrst.grst.g7serrst.gnsckt_wrst.gcc_rst.sckt_wr_rst_cc_reg[0]/C
                            (rising edge-triggered cell FDRE clocked by clk_fpga_0  {rise@0.000ns fall@10.000ns period=20.000ns})
  Destination:            design_1_i/axi_mem_intercon/m00_couplers/auto_pc/inst/gen_axi4_axi3.axi3_conv_inst/USE_WRITE.write_addr_inst/USE_BURSTS.cmd_queue/inst/fifo_gen_inst/inst_fifo_gen/gconvfifo.rf/grf.rf/gntv_or_sync_fifo.gl0.rd/gr1.gr1_int.rfwft/aempty_fwft_i_reg/PRE
                            (removal check against rising-edge clock clk_fpga_0  {rise@0.000ns fall@10.000ns period=20.000ns})
  Path Group:             **async_default**
  Path Type:              Removal (Min at Fast Process Corner)
  Requirement:            0.000ns  (clk_fpga_0 rise@0.000ns - clk_fpga_0 rise@0.000ns)
  Data Path Delay:        0.651ns  (logic 0.186ns (28.553%)  route 0.465ns (71.447%))
  Logic Levels:           1  (LUT3=1)
  Clock Path Skew:        0.282ns (DCD - SCD - CPR)
    Destination Clock Delay (DCD):    1.225ns
    Source Clock Delay      (SCD):    0.913ns
    Clock Pessimism Removal (CPR):    0.030ns

    Location             Delay type                Incr(ns)  Path(ns)    Netlist Resource(s)
  -------------------------------------------------------------------    -------------------
                         (clock clk_fpga_0 rise edge)
                                                      0.000     0.000 r  
    PS7_X0Y0             PS7                          0.000     0.000 r  design_1_i/processing_system7_0/inst/PS7_i/FCLKCLK[0]
                         net (fo=1, routed)           0.310     0.310    design_1_i/processing_system7_0/inst/FCLK_CLK_unbuffered[0]
    BUFGCTRL_X0Y16       BUFG (Prop_bufg_I_O)         0.026     0.336 r  design_1_i/processing_system7_0/inst/buffer_fclk_clk_0.FCLK_CLK_0_BUFG/O
                         net (fo=4892, routed)        0.577     0.913    design_1_i/axi_mem_intercon/m00_couplers/auto_pc/inst/gen_axi4_axi3.axi3_conv_inst/USE_WRITE.write_addr_inst/USE_BURSTS.cmd_queue/inst/fifo_gen_inst/inst_fifo_gen/gconvfifo.rf/grf.rf/rstblk/clk
    SLICE_X29Y50         FDRE                                         r  design_1_i/axi_mem_intercon/m00_couplers/auto_pc/inst/gen_axi4_axi3.axi3_conv_inst/USE_WRITE.write_addr_inst/USE_BURSTS.cmd_queue/inst/fifo_gen_inst/inst_fifo_gen/gconvfifo.rf/grf.rf/rstblk/ngwrdrst.grst.g7serrst.gnsckt_wrst.gcc_rst.sckt_wr_rst_cc_reg[0]/C
  -------------------------------------------------------------------    -------------------
    SLICE_X29Y50         FDRE (Prop_fdre_C_Q)         0.141     1.054 f  design_1_i/axi_mem_intercon/m00_couplers/auto_pc/inst/gen_axi4_axi3.axi3_conv_inst/USE_WRITE.write_addr_inst/USE_BURSTS.cmd_queue/inst/fifo_gen_inst/inst_fifo_gen/gconvfifo.rf/grf.rf/rstblk/ngwrdrst.grst.g7serrst.gnsckt_wrst.gcc_rst.sckt_wr_rst_cc_reg[0]/Q
                         net (fo=3, routed)           0.243     1.297    design_1_i/axi_mem_intercon/m00_couplers/auto_pc/inst/gen_axi4_axi3.axi3_conv_inst/USE_WRITE.write_addr_inst/USE_BURSTS.cmd_queue/inst/fifo_gen_inst/inst_fifo_gen/gconvfifo.rf/grf.rf/rstblk/sckt_wr_rst_cc[0]
    SLICE_X28Y49         LUT3 (Prop_lut3_I1_O)        0.045     1.342 f  design_1_i/axi_mem_intercon/m00_couplers/auto_pc/inst/gen_axi4_axi3.axi3_conv_inst/USE_WRITE.write_addr_inst/USE_BURSTS.cmd_queue/inst/fifo_gen_inst/inst_fifo_gen/gconvfifo.rf/grf.rf/rstblk/gpregsm1.curr_fwft_state[1]_i_2/O
                         net (fo=32, routed)          0.222     1.564    design_1_i/axi_mem_intercon/m00_couplers/auto_pc/inst/gen_axi4_axi3.axi3_conv_inst/USE_WRITE.write_addr_inst/USE_BURSTS.cmd_queue/inst/fifo_gen_inst/inst_fifo_gen/gconvfifo.rf/grf.rf/gntv_or_sync_fifo.gl0.rd/gr1.gr1_int.rfwft/gpregsm1.user_valid_reg_0
    SLICE_X28Y49         FDPE                                         f  design_1_i/axi_mem_intercon/m00_couplers/auto_pc/inst/gen_axi4_axi3.axi3_conv_inst/USE_WRITE.write_addr_inst/USE_BURSTS.cmd_queue/inst/fifo_gen_inst/inst_fifo_gen/gconvfifo.rf/grf.rf/gntv_or_sync_fifo.gl0.rd/gr1.gr1_int.rfwft/aempty_fwft_i_reg/PRE
  -------------------------------------------------------------------    -------------------

                         (clock clk_fpga_0 rise edge)
                                                      0.000     0.000 r  
    PS7_X0Y0             PS7                          0.000     0.000 r  design_1_i/processing_system7_0/inst/PS7_i/FCLKCLK[0]
                         net (fo=1, routed)           0.337     0.337    design_1_i/processing_system7_0/inst/FCLK_CLK_unbuffered[0]
    BUFGCTRL_X0Y16       BUFG (Prop_bufg_I_O)         0.029     0.366 r  design_1_i/processing_system7_0/inst/buffer_fclk_clk_0.FCLK_CLK_0_BUFG/O
                         net (fo=4892, routed)        0.859     1.225    design_1_i/axi_mem_intercon/m00_couplers/auto_pc/inst/gen_axi4_axi3.axi3_conv_inst/USE_WRITE.write_addr_inst/USE_BURSTS.cmd_queue/inst/fifo_gen_inst/inst_fifo_gen/gconvfifo.rf/grf.rf/gntv_or_sync_fifo.gl0.rd/gr1.gr1_int.rfwft/clk
    SLICE_X28Y49         FDPE                                         r  design_1_i/axi_mem_intercon/m00_couplers/auto_pc/inst/gen_axi4_axi3.axi3_conv_inst/USE_WRITE.write_addr_inst/USE_BURSTS.cmd_queue/inst/fifo_gen_inst/inst_fifo_gen/gconvfifo.rf/grf.rf/gntv_or_sync_fifo.gl0.rd/gr1.gr1_int.rfwft/aempty_fwft_i_reg/C
                         clock pessimism             -0.030     1.195    
    SLICE_X28Y49         FDPE (Remov_fdpe_C_PRE)     -0.095     1.100    design_1_i/axi_mem_intercon/m00_couplers/auto_pc/inst/gen_axi4_axi3.axi3_conv_inst/USE_WRITE.write_addr_inst/USE_BURSTS.cmd_queue/inst/fifo_gen_inst/inst_fifo_gen/gconvfifo.rf/grf.rf/gntv_or_sync_fifo.gl0.rd/gr1.gr1_int.rfwft/aempty_fwft_i_reg
  -------------------------------------------------------------------
                         required time                         -1.100    
                         arrival time                           1.564    
  -------------------------------------------------------------------
                         slack                                  0.464    

Slack (MET) :             0.464ns  (arrival time - required time)
  Source:                 design_1_i/axi_mem_intercon/m00_couplers/auto_pc/inst/gen_axi4_axi3.axi3_conv_inst/USE_WRITE.write_addr_inst/USE_BURSTS.cmd_queue/inst/fifo_gen_inst/inst_fifo_gen/gconvfifo.rf/grf.rf/rstblk/ngwrdrst.grst.g7serrst.gnsckt_wrst.gcc_rst.sckt_wr_rst_cc_reg[0]/C
                            (rising edge-triggered cell FDRE clocked by clk_fpga_0  {rise@0.000ns fall@10.000ns period=20.000ns})
  Destination:            design_1_i/axi_mem_intercon/m00_couplers/auto_pc/inst/gen_axi4_axi3.axi3_conv_inst/USE_WRITE.write_addr_inst/USE_BURSTS.cmd_queue/inst/fifo_gen_inst/inst_fifo_gen/gconvfifo.rf/grf.rf/gntv_or_sync_fifo.gl0.rd/gr1.gr1_int.rfwft/empty_fwft_fb_i_reg/PRE
                            (removal check against rising-edge clock clk_fpga_0  {rise@0.000ns fall@10.000ns period=20.000ns})
  Path Group:             **async_default**
  Path Type:              Removal (Min at Fast Process Corner)
  Requirement:            0.000ns  (clk_fpga_0 rise@0.000ns - clk_fpga_0 rise@0.000ns)
  Data Path Delay:        0.651ns  (logic 0.186ns (28.553%)  route 0.465ns (71.447%))
  Logic Levels:           1  (LUT3=1)
  Clock Path Skew:        0.282ns (DCD - SCD - CPR)
    Destination Clock Delay (DCD):    1.225ns
    Source Clock Delay      (SCD):    0.913ns
    Clock Pessimism Removal (CPR):    0.030ns

    Location             Delay type                Incr(ns)  Path(ns)    Netlist Resource(s)
  -------------------------------------------------------------------    -------------------
                         (clock clk_fpga_0 rise edge)
                                                      0.000     0.000 r  
    PS7_X0Y0             PS7                          0.000     0.000 r  design_1_i/processing_system7_0/inst/PS7_i/FCLKCLK[0]
                         net (fo=1, routed)           0.310     0.310    design_1_i/processing_system7_0/inst/FCLK_CLK_unbuffered[0]
    BUFGCTRL_X0Y16       BUFG (Prop_bufg_I_O)         0.026     0.336 r  design_1_i/processing_system7_0/inst/buffer_fclk_clk_0.FCLK_CLK_0_BUFG/O
                         net (fo=4892, routed)        0.577     0.913    design_1_i/axi_mem_intercon/m00_couplers/auto_pc/inst/gen_axi4_axi3.axi3_conv_inst/USE_WRITE.write_addr_inst/USE_BURSTS.cmd_queue/inst/fifo_gen_inst/inst_fifo_gen/gconvfifo.rf/grf.rf/rstblk/clk
    SLICE_X29Y50         FDRE                                         r  design_1_i/axi_mem_intercon/m00_couplers/auto_pc/inst/gen_axi4_axi3.axi3_conv_inst/USE_WRITE.write_addr_inst/USE_BURSTS.cmd_queue/inst/fifo_gen_inst/inst_fifo_gen/gconvfifo.rf/grf.rf/rstblk/ngwrdrst.grst.g7serrst.gnsckt_wrst.gcc_rst.sckt_wr_rst_cc_reg[0]/C
  -------------------------------------------------------------------    -------------------
    SLICE_X29Y50         FDRE (Prop_fdre_C_Q)         0.141     1.054 f  design_1_i/axi_mem_intercon/m00_couplers/auto_pc/inst/gen_axi4_axi3.axi3_conv_inst/USE_WRITE.write_addr_inst/USE_BURSTS.cmd_queue/inst/fifo_gen_inst/inst_fifo_gen/gconvfifo.rf/grf.rf/rstblk/ngwrdrst.grst.g7serrst.gnsckt_wrst.gcc_rst.sckt_wr_rst_cc_reg[0]/Q
                         net (fo=3, routed)           0.243     1.297    design_1_i/axi_mem_intercon/m00_couplers/auto_pc/inst/gen_axi4_axi3.axi3_conv_inst/USE_WRITE.write_addr_inst/USE_BURSTS.cmd_queue/inst/fifo_gen_inst/inst_fifo_gen/gconvfifo.rf/grf.rf/rstblk/sckt_wr_rst_cc[0]
    SLICE_X28Y49         LUT3 (Prop_lut3_I1_O)        0.045     1.342 f  design_1_i/axi_mem_intercon/m00_couplers/auto_pc/inst/gen_axi4_axi3.axi3_conv_inst/USE_WRITE.write_addr_inst/USE_BURSTS.cmd_queue/inst/fifo_gen_inst/inst_fifo_gen/gconvfifo.rf/grf.rf/rstblk/gpregsm1.curr_fwft_state[1]_i_2/O
                         net (fo=32, routed)          0.222     1.564    design_1_i/axi_mem_intercon/m00_couplers/auto_pc/inst/gen_axi4_axi3.axi3_conv_inst/USE_WRITE.write_addr_inst/USE_BURSTS.cmd_queue/inst/fifo_gen_inst/inst_fifo_gen/gconvfifo.rf/grf.rf/gntv_or_sync_fifo.gl0.rd/gr1.gr1_int.rfwft/gpregsm1.user_valid_reg_0
    SLICE_X28Y49         FDPE                                         f  design_1_i/axi_mem_intercon/m00_couplers/auto_pc/inst/gen_axi4_axi3.axi3_conv_inst/USE_WRITE.write_addr_inst/USE_BURSTS.cmd_queue/inst/fifo_gen_inst/inst_fifo_gen/gconvfifo.rf/grf.rf/gntv_or_sync_fifo.gl0.rd/gr1.gr1_int.rfwft/empty_fwft_fb_i_reg/PRE
  -------------------------------------------------------------------    -------------------

                         (clock clk_fpga_0 rise edge)
                                                      0.000     0.000 r  
    PS7_X0Y0             PS7                          0.000     0.000 r  design_1_i/processing_system7_0/inst/PS7_i/FCLKCLK[0]
                         net (fo=1, routed)           0.337     0.337    design_1_i/processing_system7_0/inst/FCLK_CLK_unbuffered[0]
    BUFGCTRL_X0Y16       BUFG (Prop_bufg_I_O)         0.029     0.366 r  design_1_i/processing_system7_0/inst/buffer_fclk_clk_0.FCLK_CLK_0_BUFG/O
                         net (fo=4892, routed)        0.859     1.225    design_1_i/axi_mem_intercon/m00_couplers/auto_pc/inst/gen_axi4_axi3.axi3_conv_inst/USE_WRITE.write_addr_inst/USE_BURSTS.cmd_queue/inst/fifo_gen_inst/inst_fifo_gen/gconvfifo.rf/grf.rf/gntv_or_sync_fifo.gl0.rd/gr1.gr1_int.rfwft/clk
    SLICE_X28Y49         FDPE                                         r  design_1_i/axi_mem_intercon/m00_couplers/auto_pc/inst/gen_axi4_axi3.axi3_conv_inst/USE_WRITE.write_addr_inst/USE_BURSTS.cmd_queue/inst/fifo_gen_inst/inst_fifo_gen/gconvfifo.rf/grf.rf/gntv_or_sync_fifo.gl0.rd/gr1.gr1_int.rfwft/empty_fwft_fb_i_reg/C
                         clock pessimism             -0.030     1.195    
    SLICE_X28Y49         FDPE (Remov_fdpe_C_PRE)     -0.095     1.100    design_1_i/axi_mem_intercon/m00_couplers/auto_pc/inst/gen_axi4_axi3.axi3_conv_inst/USE_WRITE.write_addr_inst/USE_BURSTS.cmd_queue/inst/fifo_gen_inst/inst_fifo_gen/gconvfifo.rf/grf.rf/gntv_or_sync_fifo.gl0.rd/gr1.gr1_int.rfwft/empty_fwft_fb_i_reg
  -------------------------------------------------------------------
                         required time                         -1.100    
                         arrival time                           1.564    
  -------------------------------------------------------------------
                         slack                                  0.464    

Slack (MET) :             0.464ns  (arrival time - required time)
  Source:                 design_1_i/axi_mem_intercon/m00_couplers/auto_pc/inst/gen_axi4_axi3.axi3_conv_inst/USE_WRITE.write_addr_inst/USE_BURSTS.cmd_queue/inst/fifo_gen_inst/inst_fifo_gen/gconvfifo.rf/grf.rf/rstblk/ngwrdrst.grst.g7serrst.gnsckt_wrst.gcc_rst.sckt_wr_rst_cc_reg[0]/C
                            (rising edge-triggered cell FDRE clocked by clk_fpga_0  {rise@0.000ns fall@10.000ns period=20.000ns})
  Destination:            design_1_i/axi_mem_intercon/m00_couplers/auto_pc/inst/gen_axi4_axi3.axi3_conv_inst/USE_WRITE.write_addr_inst/USE_BURSTS.cmd_queue/inst/fifo_gen_inst/inst_fifo_gen/gconvfifo.rf/grf.rf/gntv_or_sync_fifo.gl0.rd/gr1.gr1_int.rfwft/empty_fwft_fb_o_i_reg/PRE
                            (removal check against rising-edge clock clk_fpga_0  {rise@0.000ns fall@10.000ns period=20.000ns})
  Path Group:             **async_default**
  Path Type:              Removal (Min at Fast Process Corner)
  Requirement:            0.000ns  (clk_fpga_0 rise@0.000ns - clk_fpga_0 rise@0.000ns)
  Data Path Delay:        0.651ns  (logic 0.186ns (28.553%)  route 0.465ns (71.447%))
  Logic Levels:           1  (LUT3=1)
  Clock Path Skew:        0.282ns (DCD - SCD - CPR)
    Destination Clock Delay (DCD):    1.225ns
    Source Clock Delay      (SCD):    0.913ns
    Clock Pessimism Removal (CPR):    0.030ns

    Location             Delay type                Incr(ns)  Path(ns)    Netlist Resource(s)
  -------------------------------------------------------------------    -------------------
                         (clock clk_fpga_0 rise edge)
                                                      0.000     0.000 r  
    PS7_X0Y0             PS7                          0.000     0.000 r  design_1_i/processing_system7_0/inst/PS7_i/FCLKCLK[0]
                         net (fo=1, routed)           0.310     0.310    design_1_i/processing_system7_0/inst/FCLK_CLK_unbuffered[0]
    BUFGCTRL_X0Y16       BUFG (Prop_bufg_I_O)         0.026     0.336 r  design_1_i/processing_system7_0/inst/buffer_fclk_clk_0.FCLK_CLK_0_BUFG/O
                         net (fo=4892, routed)        0.577     0.913    design_1_i/axi_mem_intercon/m00_couplers/auto_pc/inst/gen_axi4_axi3.axi3_conv_inst/USE_WRITE.write_addr_inst/USE_BURSTS.cmd_queue/inst/fifo_gen_inst/inst_fifo_gen/gconvfifo.rf/grf.rf/rstblk/clk
    SLICE_X29Y50         FDRE                                         r  design_1_i/axi_mem_intercon/m00_couplers/auto_pc/inst/gen_axi4_axi3.axi3_conv_inst/USE_WRITE.write_addr_inst/USE_BURSTS.cmd_queue/inst/fifo_gen_inst/inst_fifo_gen/gconvfifo.rf/grf.rf/rstblk/ngwrdrst.grst.g7serrst.gnsckt_wrst.gcc_rst.sckt_wr_rst_cc_reg[0]/C
  -------------------------------------------------------------------    -------------------
    SLICE_X29Y50         FDRE (Prop_fdre_C_Q)         0.141     1.054 f  design_1_i/axi_mem_intercon/m00_couplers/auto_pc/inst/gen_axi4_axi3.axi3_conv_inst/USE_WRITE.write_addr_inst/USE_BURSTS.cmd_queue/inst/fifo_gen_inst/inst_fifo_gen/gconvfifo.rf/grf.rf/rstblk/ngwrdrst.grst.g7serrst.gnsckt_wrst.gcc_rst.sckt_wr_rst_cc_reg[0]/Q
                         net (fo=3, routed)           0.243     1.297    design_1_i/axi_mem_intercon/m00_couplers/auto_pc/inst/gen_axi4_axi3.axi3_conv_inst/USE_WRITE.write_addr_inst/USE_BURSTS.cmd_queue/inst/fifo_gen_inst/inst_fifo_gen/gconvfifo.rf/grf.rf/rstblk/sckt_wr_rst_cc[0]
    SLICE_X28Y49         LUT3 (Prop_lut3_I1_O)        0.045     1.342 f  design_1_i/axi_mem_intercon/m00_couplers/auto_pc/inst/gen_axi4_axi3.axi3_conv_inst/USE_WRITE.write_addr_inst/USE_BURSTS.cmd_queue/inst/fifo_gen_inst/inst_fifo_gen/gconvfifo.rf/grf.rf/rstblk/gpregsm1.curr_fwft_state[1]_i_2/O
                         net (fo=32, routed)          0.222     1.564    design_1_i/axi_mem_intercon/m00_couplers/auto_pc/inst/gen_axi4_axi3.axi3_conv_inst/USE_WRITE.write_addr_inst/USE_BURSTS.cmd_queue/inst/fifo_gen_inst/inst_fifo_gen/gconvfifo.rf/grf.rf/gntv_or_sync_fifo.gl0.rd/gr1.gr1_int.rfwft/gpregsm1.user_valid_reg_0
    SLICE_X28Y49         FDPE                                         f  design_1_i/axi_mem_intercon/m00_couplers/auto_pc/inst/gen_axi4_axi3.axi3_conv_inst/USE_WRITE.write_addr_inst/USE_BURSTS.cmd_queue/inst/fifo_gen_inst/inst_fifo_gen/gconvfifo.rf/grf.rf/gntv_or_sync_fifo.gl0.rd/gr1.gr1_int.rfwft/empty_fwft_fb_o_i_reg/PRE
  -------------------------------------------------------------------    -------------------

                         (clock clk_fpga_0 rise edge)
                                                      0.000     0.000 r  
    PS7_X0Y0             PS7                          0.000     0.000 r  design_1_i/processing_system7_0/inst/PS7_i/FCLKCLK[0]
                         net (fo=1, routed)           0.337     0.337    design_1_i/processing_system7_0/inst/FCLK_CLK_unbuffered[0]
    BUFGCTRL_X0Y16       BUFG (Prop_bufg_I_O)         0.029     0.366 r  design_1_i/processing_system7_0/inst/buffer_fclk_clk_0.FCLK_CLK_0_BUFG/O
                         net (fo=4892, routed)        0.859     1.225    design_1_i/axi_mem_intercon/m00_couplers/auto_pc/inst/gen_axi4_axi3.axi3_conv_inst/USE_WRITE.write_addr_inst/USE_BURSTS.cmd_queue/inst/fifo_gen_inst/inst_fifo_gen/gconvfifo.rf/grf.rf/gntv_or_sync_fifo.gl0.rd/gr1.gr1_int.rfwft/clk
    SLICE_X28Y49         FDPE                                         r  design_1_i/axi_mem_intercon/m00_couplers/auto_pc/inst/gen_axi4_axi3.axi3_conv_inst/USE_WRITE.write_addr_inst/USE_BURSTS.cmd_queue/inst/fifo_gen_inst/inst_fifo_gen/gconvfifo.rf/grf.rf/gntv_or_sync_fifo.gl0.rd/gr1.gr1_int.rfwft/empty_fwft_fb_o_i_reg/C
                         clock pessimism             -0.030     1.195    
    SLICE_X28Y49         FDPE (Remov_fdpe_C_PRE)     -0.095     1.100    design_1_i/axi_mem_intercon/m00_couplers/auto_pc/inst/gen_axi4_axi3.axi3_conv_inst/USE_WRITE.write_addr_inst/USE_BURSTS.cmd_queue/inst/fifo_gen_inst/inst_fifo_gen/gconvfifo.rf/grf.rf/gntv_or_sync_fifo.gl0.rd/gr1.gr1_int.rfwft/empty_fwft_fb_o_i_reg
  -------------------------------------------------------------------
                         required time                         -1.100    
                         arrival time                           1.564    
  -------------------------------------------------------------------
                         slack                                  0.464    

Slack (MET) :             0.464ns  (arrival time - required time)
  Source:                 design_1_i/axi_mem_intercon/m00_couplers/auto_pc/inst/gen_axi4_axi3.axi3_conv_inst/USE_WRITE.write_addr_inst/USE_BURSTS.cmd_queue/inst/fifo_gen_inst/inst_fifo_gen/gconvfifo.rf/grf.rf/rstblk/ngwrdrst.grst.g7serrst.gnsckt_wrst.gcc_rst.sckt_wr_rst_cc_reg[0]/C
                            (rising edge-triggered cell FDRE clocked by clk_fpga_0  {rise@0.000ns fall@10.000ns period=20.000ns})
  Destination:            design_1_i/axi_mem_intercon/m00_couplers/auto_pc/inst/gen_axi4_axi3.axi3_conv_inst/USE_WRITE.write_addr_inst/USE_BURSTS.cmd_queue/inst/fifo_gen_inst/inst_fifo_gen/gconvfifo.rf/grf.rf/gntv_or_sync_fifo.gl0.rd/gr1.gr1_int.rfwft/empty_fwft_i_reg/PRE
                            (removal check against rising-edge clock clk_fpga_0  {rise@0.000ns fall@10.000ns period=20.000ns})
  Path Group:             **async_default**
  Path Type:              Removal (Min at Fast Process Corner)
  Requirement:            0.000ns  (clk_fpga_0 rise@0.000ns - clk_fpga_0 rise@0.000ns)
  Data Path Delay:        0.651ns  (logic 0.186ns (28.553%)  route 0.465ns (71.447%))
  Logic Levels:           1  (LUT3=1)
  Clock Path Skew:        0.282ns (DCD - SCD - CPR)
    Destination Clock Delay (DCD):    1.225ns
    Source Clock Delay      (SCD):    0.913ns
    Clock Pessimism Removal (CPR):    0.030ns

    Location             Delay type                Incr(ns)  Path(ns)    Netlist Resource(s)
  -------------------------------------------------------------------    -------------------
                         (clock clk_fpga_0 rise edge)
                                                      0.000     0.000 r  
    PS7_X0Y0             PS7                          0.000     0.000 r  design_1_i/processing_system7_0/inst/PS7_i/FCLKCLK[0]
                         net (fo=1, routed)           0.310     0.310    design_1_i/processing_system7_0/inst/FCLK_CLK_unbuffered[0]
    BUFGCTRL_X0Y16       BUFG (Prop_bufg_I_O)         0.026     0.336 r  design_1_i/processing_system7_0/inst/buffer_fclk_clk_0.FCLK_CLK_0_BUFG/O
                         net (fo=4892, routed)        0.577     0.913    design_1_i/axi_mem_intercon/m00_couplers/auto_pc/inst/gen_axi4_axi3.axi3_conv_inst/USE_WRITE.write_addr_inst/USE_BURSTS.cmd_queue/inst/fifo_gen_inst/inst_fifo_gen/gconvfifo.rf/grf.rf/rstblk/clk
    SLICE_X29Y50         FDRE                                         r  design_1_i/axi_mem_intercon/m00_couplers/auto_pc/inst/gen_axi4_axi3.axi3_conv_inst/USE_WRITE.write_addr_inst/USE_BURSTS.cmd_queue/inst/fifo_gen_inst/inst_fifo_gen/gconvfifo.rf/grf.rf/rstblk/ngwrdrst.grst.g7serrst.gnsckt_wrst.gcc_rst.sckt_wr_rst_cc_reg[0]/C
  -------------------------------------------------------------------    -------------------
    SLICE_X29Y50         FDRE (Prop_fdre_C_Q)         0.141     1.054 f  design_1_i/axi_mem_intercon/m00_couplers/auto_pc/inst/gen_axi4_axi3.axi3_conv_inst/USE_WRITE.write_addr_inst/USE_BURSTS.cmd_queue/inst/fifo_gen_inst/inst_fifo_gen/gconvfifo.rf/grf.rf/rstblk/ngwrdrst.grst.g7serrst.gnsckt_wrst.gcc_rst.sckt_wr_rst_cc_reg[0]/Q
                         net (fo=3, routed)           0.243     1.297    design_1_i/axi_mem_intercon/m00_couplers/auto_pc/inst/gen_axi4_axi3.axi3_conv_inst/USE_WRITE.write_addr_inst/USE_BURSTS.cmd_queue/inst/fifo_gen_inst/inst_fifo_gen/gconvfifo.rf/grf.rf/rstblk/sckt_wr_rst_cc[0]
    SLICE_X28Y49         LUT3 (Prop_lut3_I1_O)        0.045     1.342 f  design_1_i/axi_mem_intercon/m00_couplers/auto_pc/inst/gen_axi4_axi3.axi3_conv_inst/USE_WRITE.write_addr_inst/USE_BURSTS.cmd_queue/inst/fifo_gen_inst/inst_fifo_gen/gconvfifo.rf/grf.rf/rstblk/gpregsm1.curr_fwft_state[1]_i_2/O
                         net (fo=32, routed)          0.222     1.564    design_1_i/axi_mem_intercon/m00_couplers/auto_pc/inst/gen_axi4_axi3.axi3_conv_inst/USE_WRITE.write_addr_inst/USE_BURSTS.cmd_queue/inst/fifo_gen_inst/inst_fifo_gen/gconvfifo.rf/grf.rf/gntv_or_sync_fifo.gl0.rd/gr1.gr1_int.rfwft/gpregsm1.user_valid_reg_0
    SLICE_X28Y49         FDPE                                         f  design_1_i/axi_mem_intercon/m00_couplers/auto_pc/inst/gen_axi4_axi3.axi3_conv_inst/USE_WRITE.write_addr_inst/USE_BURSTS.cmd_queue/inst/fifo_gen_inst/inst_fifo_gen/gconvfifo.rf/grf.rf/gntv_or_sync_fifo.gl0.rd/gr1.gr1_int.rfwft/empty_fwft_i_reg/PRE
  -------------------------------------------------------------------    -------------------

                         (clock clk_fpga_0 rise edge)
                                                      0.000     0.000 r  
    PS7_X0Y0             PS7                          0.000     0.000 r  design_1_i/processing_system7_0/inst/PS7_i/FCLKCLK[0]
                         net (fo=1, routed)           0.337     0.337    design_1_i/processing_system7_0/inst/FCLK_CLK_unbuffered[0]
    BUFGCTRL_X0Y16       BUFG (Prop_bufg_I_O)         0.029     0.366 r  design_1_i/processing_system7_0/inst/buffer_fclk_clk_0.FCLK_CLK_0_BUFG/O
                         net (fo=4892, routed)        0.859     1.225    design_1_i/axi_mem_intercon/m00_couplers/auto_pc/inst/gen_axi4_axi3.axi3_conv_inst/USE_WRITE.write_addr_inst/USE_BURSTS.cmd_queue/inst/fifo_gen_inst/inst_fifo_gen/gconvfifo.rf/grf.rf/gntv_or_sync_fifo.gl0.rd/gr1.gr1_int.rfwft/clk
    SLICE_X28Y49         FDPE                                         r  design_1_i/axi_mem_intercon/m00_couplers/auto_pc/inst/gen_axi4_axi3.axi3_conv_inst/USE_WRITE.write_addr_inst/USE_BURSTS.cmd_queue/inst/fifo_gen_inst/inst_fifo_gen/gconvfifo.rf/grf.rf/gntv_or_sync_fifo.gl0.rd/gr1.gr1_int.rfwft/empty_fwft_i_reg/C
                         clock pessimism             -0.030     1.195    
    SLICE_X28Y49         FDPE (Remov_fdpe_C_PRE)     -0.095     1.100    design_1_i/axi_mem_intercon/m00_couplers/auto_pc/inst/gen_axi4_axi3.axi3_conv_inst/USE_WRITE.write_addr_inst/USE_BURSTS.cmd_queue/inst/fifo_gen_inst/inst_fifo_gen/gconvfifo.rf/grf.rf/gntv_or_sync_fifo.gl0.rd/gr1.gr1_int.rfwft/empty_fwft_i_reg
  -------------------------------------------------------------------
                         required time                         -1.100    
                         arrival time                           1.564    
  -------------------------------------------------------------------
                         slack                                  0.464    

Slack (MET) :             0.464ns  (arrival time - required time)
  Source:                 design_1_i/axi_mem_intercon/m00_couplers/auto_pc/inst/gen_axi4_axi3.axi3_conv_inst/USE_WRITE.write_addr_inst/USE_BURSTS.cmd_queue/inst/fifo_gen_inst/inst_fifo_gen/gconvfifo.rf/grf.rf/rstblk/ngwrdrst.grst.g7serrst.gnsckt_wrst.gcc_rst.sckt_wr_rst_cc_reg[0]/C
                            (rising edge-triggered cell FDRE clocked by clk_fpga_0  {rise@0.000ns fall@10.000ns period=20.000ns})
  Destination:            design_1_i/axi_mem_intercon/m00_couplers/auto_pc/inst/gen_axi4_axi3.axi3_conv_inst/USE_WRITE.write_addr_inst/USE_BURSTS.cmd_queue/inst/fifo_gen_inst/inst_fifo_gen/gconvfifo.rf/grf.rf/gntv_or_sync_fifo.gl0.rd/grss.rsts/ram_empty_fb_i_reg/PRE
                            (removal check against rising-edge clock clk_fpga_0  {rise@0.000ns fall@10.000ns period=20.000ns})
  Path Group:             **async_default**
  Path Type:              Removal (Min at Fast Process Corner)
  Requirement:            0.000ns  (clk_fpga_0 rise@0.000ns - clk_fpga_0 rise@0.000ns)
  Data Path Delay:        0.651ns  (logic 0.186ns (28.553%)  route 0.465ns (71.447%))
  Logic Levels:           1  (LUT3=1)
  Clock Path Skew:        0.282ns (DCD - SCD - CPR)
    Destination Clock Delay (DCD):    1.225ns
    Source Clock Delay      (SCD):    0.913ns
    Clock Pessimism Removal (CPR):    0.030ns

    Location             Delay type                Incr(ns)  Path(ns)    Netlist Resource(s)
  -------------------------------------------------------------------    -------------------
                         (clock clk_fpga_0 rise edge)
                                                      0.000     0.000 r  
    PS7_X0Y0             PS7                          0.000     0.000 r  design_1_i/processing_system7_0/inst/PS7_i/FCLKCLK[0]
                         net (fo=1, routed)           0.310     0.310    design_1_i/processing_system7_0/inst/FCLK_CLK_unbuffered[0]
    BUFGCTRL_X0Y16       BUFG (Prop_bufg_I_O)         0.026     0.336 r  design_1_i/processing_system7_0/inst/buffer_fclk_clk_0.FCLK_CLK_0_BUFG/O
                         net (fo=4892, routed)        0.577     0.913    design_1_i/axi_mem_intercon/m00_couplers/auto_pc/inst/gen_axi4_axi3.axi3_conv_inst/USE_WRITE.write_addr_inst/USE_BURSTS.cmd_queue/inst/fifo_gen_inst/inst_fifo_gen/gconvfifo.rf/grf.rf/rstblk/clk
    SLICE_X29Y50         FDRE                                         r  design_1_i/axi_mem_intercon/m00_couplers/auto_pc/inst/gen_axi4_axi3.axi3_conv_inst/USE_WRITE.write_addr_inst/USE_BURSTS.cmd_queue/inst/fifo_gen_inst/inst_fifo_gen/gconvfifo.rf/grf.rf/rstblk/ngwrdrst.grst.g7serrst.gnsckt_wrst.gcc_rst.sckt_wr_rst_cc_reg[0]/C
  -------------------------------------------------------------------    -------------------
    SLICE_X29Y50         FDRE (Prop_fdre_C_Q)         0.141     1.054 f  design_1_i/axi_mem_intercon/m00_couplers/auto_pc/inst/gen_axi4_axi3.axi3_conv_inst/USE_WRITE.write_addr_inst/USE_BURSTS.cmd_queue/inst/fifo_gen_inst/inst_fifo_gen/gconvfifo.rf/grf.rf/rstblk/ngwrdrst.grst.g7serrst.gnsckt_wrst.gcc_rst.sckt_wr_rst_cc_reg[0]/Q
                         net (fo=3, routed)           0.243     1.297    design_1_i/axi_mem_intercon/m00_couplers/auto_pc/inst/gen_axi4_axi3.axi3_conv_inst/USE_WRITE.write_addr_inst/USE_BURSTS.cmd_queue/inst/fifo_gen_inst/inst_fifo_gen/gconvfifo.rf/grf.rf/rstblk/sckt_wr_rst_cc[0]
    SLICE_X28Y49         LUT3 (Prop_lut3_I1_O)        0.045     1.342 f  design_1_i/axi_mem_intercon/m00_couplers/auto_pc/inst/gen_axi4_axi3.axi3_conv_inst/USE_WRITE.write_addr_inst/USE_BURSTS.cmd_queue/inst/fifo_gen_inst/inst_fifo_gen/gconvfifo.rf/grf.rf/rstblk/gpregsm1.curr_fwft_state[1]_i_2/O
                         net (fo=32, routed)          0.222     1.564    design_1_i/axi_mem_intercon/m00_couplers/auto_pc/inst/gen_axi4_axi3.axi3_conv_inst/USE_WRITE.write_addr_inst/USE_BURSTS.cmd_queue/inst/fifo_gen_inst/inst_fifo_gen/gconvfifo.rf/grf.rf/gntv_or_sync_fifo.gl0.rd/grss.rsts/ram_empty_i_reg_1
    SLICE_X28Y49         FDPE                                         f  design_1_i/axi_mem_intercon/m00_couplers/auto_pc/inst/gen_axi4_axi3.axi3_conv_inst/USE_WRITE.write_addr_inst/USE_BURSTS.cmd_queue/inst/fifo_gen_inst/inst_fifo_gen/gconvfifo.rf/grf.rf/gntv_or_sync_fifo.gl0.rd/grss.rsts/ram_empty_fb_i_reg/PRE
  -------------------------------------------------------------------    -------------------

                         (clock clk_fpga_0 rise edge)
                                                      0.000     0.000 r  
    PS7_X0Y0             PS7                          0.000     0.000 r  design_1_i/processing_system7_0/inst/PS7_i/FCLKCLK[0]
                         net (fo=1, routed)           0.337     0.337    design_1_i/processing_system7_0/inst/FCLK_CLK_unbuffered[0]
    BUFGCTRL_X0Y16       BUFG (Prop_bufg_I_O)         0.029     0.366 r  design_1_i/processing_system7_0/inst/buffer_fclk_clk_0.FCLK_CLK_0_BUFG/O
                         net (fo=4892, routed)        0.859     1.225    design_1_i/axi_mem_intercon/m00_couplers/auto_pc/inst/gen_axi4_axi3.axi3_conv_inst/USE_WRITE.write_addr_inst/USE_BURSTS.cmd_queue/inst/fifo_gen_inst/inst_fifo_gen/gconvfifo.rf/grf.rf/gntv_or_sync_fifo.gl0.rd/grss.rsts/clk
    SLICE_X28Y49         FDPE                                         r  design_1_i/axi_mem_intercon/m00_couplers/auto_pc/inst/gen_axi4_axi3.axi3_conv_inst/USE_WRITE.write_addr_inst/USE_BURSTS.cmd_queue/inst/fifo_gen_inst/inst_fifo_gen/gconvfifo.rf/grf.rf/gntv_or_sync_fifo.gl0.rd/grss.rsts/ram_empty_fb_i_reg/C
                         clock pessimism             -0.030     1.195    
    SLICE_X28Y49         FDPE (Remov_fdpe_C_PRE)     -0.095     1.100    design_1_i/axi_mem_intercon/m00_couplers/auto_pc/inst/gen_axi4_axi3.axi3_conv_inst/USE_WRITE.write_addr_inst/USE_BURSTS.cmd_queue/inst/fifo_gen_inst/inst_fifo_gen/gconvfifo.rf/grf.rf/gntv_or_sync_fifo.gl0.rd/grss.rsts/ram_empty_fb_i_reg
  -------------------------------------------------------------------
                         required time                         -1.100    
                         arrival time                           1.564    
  -------------------------------------------------------------------
                         slack                                  0.464    

Slack (MET) :             0.464ns  (arrival time - required time)
  Source:                 design_1_i/axi_mem_intercon/m00_couplers/auto_pc/inst/gen_axi4_axi3.axi3_conv_inst/USE_WRITE.write_addr_inst/USE_BURSTS.cmd_queue/inst/fifo_gen_inst/inst_fifo_gen/gconvfifo.rf/grf.rf/rstblk/ngwrdrst.grst.g7serrst.gnsckt_wrst.gcc_rst.sckt_wr_rst_cc_reg[0]/C
                            (rising edge-triggered cell FDRE clocked by clk_fpga_0  {rise@0.000ns fall@10.000ns period=20.000ns})
  Destination:            design_1_i/axi_mem_intercon/m00_couplers/auto_pc/inst/gen_axi4_axi3.axi3_conv_inst/USE_WRITE.write_addr_inst/USE_BURSTS.cmd_queue/inst/fifo_gen_inst/inst_fifo_gen/gconvfifo.rf/grf.rf/gntv_or_sync_fifo.gl0.rd/grss.rsts/ram_empty_i_reg/PRE
                            (removal check against rising-edge clock clk_fpga_0  {rise@0.000ns fall@10.000ns period=20.000ns})
  Path Group:             **async_default**
  Path Type:              Removal (Min at Fast Process Corner)
  Requirement:            0.000ns  (clk_fpga_0 rise@0.000ns - clk_fpga_0 rise@0.000ns)
  Data Path Delay:        0.651ns  (logic 0.186ns (28.553%)  route 0.465ns (71.447%))
  Logic Levels:           1  (LUT3=1)
  Clock Path Skew:        0.282ns (DCD - SCD - CPR)
    Destination Clock Delay (DCD):    1.225ns
    Source Clock Delay      (SCD):    0.913ns
    Clock Pessimism Removal (CPR):    0.030ns

    Location             Delay type                Incr(ns)  Path(ns)    Netlist Resource(s)
  -------------------------------------------------------------------    -------------------
                         (clock clk_fpga_0 rise edge)
                                                      0.000     0.000 r  
    PS7_X0Y0             PS7                          0.000     0.000 r  design_1_i/processing_system7_0/inst/PS7_i/FCLKCLK[0]
                         net (fo=1, routed)           0.310     0.310    design_1_i/processing_system7_0/inst/FCLK_CLK_unbuffered[0]
    BUFGCTRL_X0Y16       BUFG (Prop_bufg_I_O)         0.026     0.336 r  design_1_i/processing_system7_0/inst/buffer_fclk_clk_0.FCLK_CLK_0_BUFG/O
                         net (fo=4892, routed)        0.577     0.913    design_1_i/axi_mem_intercon/m00_couplers/auto_pc/inst/gen_axi4_axi3.axi3_conv_inst/USE_WRITE.write_addr_inst/USE_BURSTS.cmd_queue/inst/fifo_gen_inst/inst_fifo_gen/gconvfifo.rf/grf.rf/rstblk/clk
    SLICE_X29Y50         FDRE                                         r  design_1_i/axi_mem_intercon/m00_couplers/auto_pc/inst/gen_axi4_axi3.axi3_conv_inst/USE_WRITE.write_addr_inst/USE_BURSTS.cmd_queue/inst/fifo_gen_inst/inst_fifo_gen/gconvfifo.rf/grf.rf/rstblk/ngwrdrst.grst.g7serrst.gnsckt_wrst.gcc_rst.sckt_wr_rst_cc_reg[0]/C
  -------------------------------------------------------------------    -------------------
    SLICE_X29Y50         FDRE (Prop_fdre_C_Q)         0.141     1.054 f  design_1_i/axi_mem_intercon/m00_couplers/auto_pc/inst/gen_axi4_axi3.axi3_conv_inst/USE_WRITE.write_addr_inst/USE_BURSTS.cmd_queue/inst/fifo_gen_inst/inst_fifo_gen/gconvfifo.rf/grf.rf/rstblk/ngwrdrst.grst.g7serrst.gnsckt_wrst.gcc_rst.sckt_wr_rst_cc_reg[0]/Q
                         net (fo=3, routed)           0.243     1.297    design_1_i/axi_mem_intercon/m00_couplers/auto_pc/inst/gen_axi4_axi3.axi3_conv_inst/USE_WRITE.write_addr_inst/USE_BURSTS.cmd_queue/inst/fifo_gen_inst/inst_fifo_gen/gconvfifo.rf/grf.rf/rstblk/sckt_wr_rst_cc[0]
    SLICE_X28Y49         LUT3 (Prop_lut3_I1_O)        0.045     1.342 f  design_1_i/axi_mem_intercon/m00_couplers/auto_pc/inst/gen_axi4_axi3.axi3_conv_inst/USE_WRITE.write_addr_inst/USE_BURSTS.cmd_queue/inst/fifo_gen_inst/inst_fifo_gen/gconvfifo.rf/grf.rf/rstblk/gpregsm1.curr_fwft_state[1]_i_2/O
                         net (fo=32, routed)          0.222     1.564    design_1_i/axi_mem_intercon/m00_couplers/auto_pc/inst/gen_axi4_axi3.axi3_conv_inst/USE_WRITE.write_addr_inst/USE_BURSTS.cmd_queue/inst/fifo_gen_inst/inst_fifo_gen/gconvfifo.rf/grf.rf/gntv_or_sync_fifo.gl0.rd/grss.rsts/ram_empty_i_reg_1
    SLICE_X28Y49         FDPE                                         f  design_1_i/axi_mem_intercon/m00_couplers/auto_pc/inst/gen_axi4_axi3.axi3_conv_inst/USE_WRITE.write_addr_inst/USE_BURSTS.cmd_queue/inst/fifo_gen_inst/inst_fifo_gen/gconvfifo.rf/grf.rf/gntv_or_sync_fifo.gl0.rd/grss.rsts/ram_empty_i_reg/PRE
  -------------------------------------------------------------------    -------------------

                         (clock clk_fpga_0 rise edge)
                                                      0.000     0.000 r  
    PS7_X0Y0             PS7                          0.000     0.000 r  design_1_i/processing_system7_0/inst/PS7_i/FCLKCLK[0]
                         net (fo=1, routed)           0.337     0.337    design_1_i/processing_system7_0/inst/FCLK_CLK_unbuffered[0]
    BUFGCTRL_X0Y16       BUFG (Prop_bufg_I_O)         0.029     0.366 r  design_1_i/processing_system7_0/inst/buffer_fclk_clk_0.FCLK_CLK_0_BUFG/O
                         net (fo=4892, routed)        0.859     1.225    design_1_i/axi_mem_intercon/m00_couplers/auto_pc/inst/gen_axi4_axi3.axi3_conv_inst/USE_WRITE.write_addr_inst/USE_BURSTS.cmd_queue/inst/fifo_gen_inst/inst_fifo_gen/gconvfifo.rf/grf.rf/gntv_or_sync_fifo.gl0.rd/grss.rsts/clk
    SLICE_X28Y49         FDPE                                         r  design_1_i/axi_mem_intercon/m00_couplers/auto_pc/inst/gen_axi4_axi3.axi3_conv_inst/USE_WRITE.write_addr_inst/USE_BURSTS.cmd_queue/inst/fifo_gen_inst/inst_fifo_gen/gconvfifo.rf/grf.rf/gntv_or_sync_fifo.gl0.rd/grss.rsts/ram_empty_i_reg/C
                         clock pessimism             -0.030     1.195    
    SLICE_X28Y49         FDPE (Remov_fdpe_C_PRE)     -0.095     1.100    design_1_i/axi_mem_intercon/m00_couplers/auto_pc/inst/gen_axi4_axi3.axi3_conv_inst/USE_WRITE.write_addr_inst/USE_BURSTS.cmd_queue/inst/fifo_gen_inst/inst_fifo_gen/gconvfifo.rf/grf.rf/gntv_or_sync_fifo.gl0.rd/grss.rsts/ram_empty_i_reg
  -------------------------------------------------------------------
                         required time                         -1.100    
                         arrival time                           1.564    
  -------------------------------------------------------------------
                         slack                                  0.464    

Slack (MET) :             0.501ns  (arrival time - required time)
  Source:                 design_1_i/axi_mem_intercon/m00_couplers/auto_pc/inst/gen_axi4_axi3.axi3_conv_inst/USE_WRITE.write_addr_inst/USE_BURSTS.cmd_queue/inst/fifo_gen_inst/inst_fifo_gen/gconvfifo.rf/grf.rf/rstblk/ngwrdrst.grst.g7serrst.gnsckt_wrst.gcc_rst.sckt_wr_rst_cc_reg[0]/C
                            (rising edge-triggered cell FDRE clocked by clk_fpga_0  {rise@0.000ns fall@10.000ns period=20.000ns})
  Destination:            design_1_i/axi_mem_intercon/m00_couplers/auto_pc/inst/gen_axi4_axi3.axi3_conv_inst/USE_WRITE.write_addr_inst/USE_BURSTS.cmd_queue/inst/fifo_gen_inst/inst_fifo_gen/gconvfifo.rf/grf.rf/gntv_or_sync_fifo.gl0.rd/rpntr/gc0.count_d1_reg[2]/CLR
                            (removal check against rising-edge clock clk_fpga_0  {rise@0.000ns fall@10.000ns period=20.000ns})
  Path Group:             **async_default**
  Path Type:              Removal (Min at Fast Process Corner)
  Requirement:            0.000ns  (clk_fpga_0 rise@0.000ns - clk_fpga_0 rise@0.000ns)
  Data Path Delay:        0.693ns  (logic 0.186ns (26.854%)  route 0.507ns (73.146%))
  Logic Levels:           1  (LUT3=1)
  Clock Path Skew:        0.283ns (DCD - SCD - CPR)
    Destination Clock Delay (DCD):    1.226ns
    Source Clock Delay      (SCD):    0.913ns
    Clock Pessimism Removal (CPR):    0.030ns

    Location             Delay type                Incr(ns)  Path(ns)    Netlist Resource(s)
  -------------------------------------------------------------------    -------------------
                         (clock clk_fpga_0 rise edge)
                                                      0.000     0.000 r  
    PS7_X0Y0             PS7                          0.000     0.000 r  design_1_i/processing_system7_0/inst/PS7_i/FCLKCLK[0]
                         net (fo=1, routed)           0.310     0.310    design_1_i/processing_system7_0/inst/FCLK_CLK_unbuffered[0]
    BUFGCTRL_X0Y16       BUFG (Prop_bufg_I_O)         0.026     0.336 r  design_1_i/processing_system7_0/inst/buffer_fclk_clk_0.FCLK_CLK_0_BUFG/O
                         net (fo=4892, routed)        0.577     0.913    design_1_i/axi_mem_intercon/m00_couplers/auto_pc/inst/gen_axi4_axi3.axi3_conv_inst/USE_WRITE.write_addr_inst/USE_BURSTS.cmd_queue/inst/fifo_gen_inst/inst_fifo_gen/gconvfifo.rf/grf.rf/rstblk/clk
    SLICE_X29Y50         FDRE                                         r  design_1_i/axi_mem_intercon/m00_couplers/auto_pc/inst/gen_axi4_axi3.axi3_conv_inst/USE_WRITE.write_addr_inst/USE_BURSTS.cmd_queue/inst/fifo_gen_inst/inst_fifo_gen/gconvfifo.rf/grf.rf/rstblk/ngwrdrst.grst.g7serrst.gnsckt_wrst.gcc_rst.sckt_wr_rst_cc_reg[0]/C
  -------------------------------------------------------------------    -------------------
    SLICE_X29Y50         FDRE (Prop_fdre_C_Q)         0.141     1.054 f  design_1_i/axi_mem_intercon/m00_couplers/auto_pc/inst/gen_axi4_axi3.axi3_conv_inst/USE_WRITE.write_addr_inst/USE_BURSTS.cmd_queue/inst/fifo_gen_inst/inst_fifo_gen/gconvfifo.rf/grf.rf/rstblk/ngwrdrst.grst.g7serrst.gnsckt_wrst.gcc_rst.sckt_wr_rst_cc_reg[0]/Q
                         net (fo=3, routed)           0.243     1.297    design_1_i/axi_mem_intercon/m00_couplers/auto_pc/inst/gen_axi4_axi3.axi3_conv_inst/USE_WRITE.write_addr_inst/USE_BURSTS.cmd_queue/inst/fifo_gen_inst/inst_fifo_gen/gconvfifo.rf/grf.rf/rstblk/sckt_wr_rst_cc[0]
    SLICE_X28Y49         LUT3 (Prop_lut3_I1_O)        0.045     1.342 f  design_1_i/axi_mem_intercon/m00_couplers/auto_pc/inst/gen_axi4_axi3.axi3_conv_inst/USE_WRITE.write_addr_inst/USE_BURSTS.cmd_queue/inst/fifo_gen_inst/inst_fifo_gen/gconvfifo.rf/grf.rf/rstblk/gpregsm1.curr_fwft_state[1]_i_2/O
                         net (fo=32, routed)          0.263     1.605    design_1_i/axi_mem_intercon/m00_couplers/auto_pc/inst/gen_axi4_axi3.axi3_conv_inst/USE_WRITE.write_addr_inst/USE_BURSTS.cmd_queue/inst/fifo_gen_inst/inst_fifo_gen/gconvfifo.rf/grf.rf/gntv_or_sync_fifo.gl0.rd/rpntr/gc0.count_d1_reg[4]_1
    SLICE_X25Y49         FDCE                                         f  design_1_i/axi_mem_intercon/m00_couplers/auto_pc/inst/gen_axi4_axi3.axi3_conv_inst/USE_WRITE.write_addr_inst/USE_BURSTS.cmd_queue/inst/fifo_gen_inst/inst_fifo_gen/gconvfifo.rf/grf.rf/gntv_or_sync_fifo.gl0.rd/rpntr/gc0.count_d1_reg[2]/CLR
  -------------------------------------------------------------------    -------------------

                         (clock clk_fpga_0 rise edge)
                                                      0.000     0.000 r  
    PS7_X0Y0             PS7                          0.000     0.000 r  design_1_i/processing_system7_0/inst/PS7_i/FCLKCLK[0]
                         net (fo=1, routed)           0.337     0.337    design_1_i/processing_system7_0/inst/FCLK_CLK_unbuffered[0]
    BUFGCTRL_X0Y16       BUFG (Prop_bufg_I_O)         0.029     0.366 r  design_1_i/processing_system7_0/inst/buffer_fclk_clk_0.FCLK_CLK_0_BUFG/O
                         net (fo=4892, routed)        0.860     1.226    design_1_i/axi_mem_intercon/m00_couplers/auto_pc/inst/gen_axi4_axi3.axi3_conv_inst/USE_WRITE.write_addr_inst/USE_BURSTS.cmd_queue/inst/fifo_gen_inst/inst_fifo_gen/gconvfifo.rf/grf.rf/gntv_or_sync_fifo.gl0.rd/rpntr/clk
    SLICE_X25Y49         FDCE                                         r  design_1_i/axi_mem_intercon/m00_couplers/auto_pc/inst/gen_axi4_axi3.axi3_conv_inst/USE_WRITE.write_addr_inst/USE_BURSTS.cmd_queue/inst/fifo_gen_inst/inst_fifo_gen/gconvfifo.rf/grf.rf/gntv_or_sync_fifo.gl0.rd/rpntr/gc0.count_d1_reg[2]/C
                         clock pessimism             -0.030     1.196    
    SLICE_X25Y49         FDCE (Remov_fdce_C_CLR)     -0.092     1.104    design_1_i/axi_mem_intercon/m00_couplers/auto_pc/inst/gen_axi4_axi3.axi3_conv_inst/USE_WRITE.write_addr_inst/USE_BURSTS.cmd_queue/inst/fifo_gen_inst/inst_fifo_gen/gconvfifo.rf/grf.rf/gntv_or_sync_fifo.gl0.rd/rpntr/gc0.count_d1_reg[2]
  -------------------------------------------------------------------
                         required time                         -1.104    
                         arrival time                           1.605    
  -------------------------------------------------------------------
                         slack                                  0.501    

Slack (MET) :             0.501ns  (arrival time - required time)
  Source:                 design_1_i/axi_mem_intercon/m00_couplers/auto_pc/inst/gen_axi4_axi3.axi3_conv_inst/USE_WRITE.write_addr_inst/USE_BURSTS.cmd_queue/inst/fifo_gen_inst/inst_fifo_gen/gconvfifo.rf/grf.rf/rstblk/ngwrdrst.grst.g7serrst.gnsckt_wrst.gcc_rst.sckt_wr_rst_cc_reg[0]/C
                            (rising edge-triggered cell FDRE clocked by clk_fpga_0  {rise@0.000ns fall@10.000ns period=20.000ns})
  Destination:            design_1_i/axi_mem_intercon/m00_couplers/auto_pc/inst/gen_axi4_axi3.axi3_conv_inst/USE_WRITE.write_addr_inst/USE_BURSTS.cmd_queue/inst/fifo_gen_inst/inst_fifo_gen/gconvfifo.rf/grf.rf/gntv_or_sync_fifo.gl0.rd/rpntr/gc0.count_d1_reg[3]/CLR
                            (removal check against rising-edge clock clk_fpga_0  {rise@0.000ns fall@10.000ns period=20.000ns})
  Path Group:             **async_default**
  Path Type:              Removal (Min at Fast Process Corner)
  Requirement:            0.000ns  (clk_fpga_0 rise@0.000ns - clk_fpga_0 rise@0.000ns)
  Data Path Delay:        0.693ns  (logic 0.186ns (26.854%)  route 0.507ns (73.146%))
  Logic Levels:           1  (LUT3=1)
  Clock Path Skew:        0.283ns (DCD - SCD - CPR)
    Destination Clock Delay (DCD):    1.226ns
    Source Clock Delay      (SCD):    0.913ns
    Clock Pessimism Removal (CPR):    0.030ns

    Location             Delay type                Incr(ns)  Path(ns)    Netlist Resource(s)
  -------------------------------------------------------------------    -------------------
                         (clock clk_fpga_0 rise edge)
                                                      0.000     0.000 r  
    PS7_X0Y0             PS7                          0.000     0.000 r  design_1_i/processing_system7_0/inst/PS7_i/FCLKCLK[0]
                         net (fo=1, routed)           0.310     0.310    design_1_i/processing_system7_0/inst/FCLK_CLK_unbuffered[0]
    BUFGCTRL_X0Y16       BUFG (Prop_bufg_I_O)         0.026     0.336 r  design_1_i/processing_system7_0/inst/buffer_fclk_clk_0.FCLK_CLK_0_BUFG/O
                         net (fo=4892, routed)        0.577     0.913    design_1_i/axi_mem_intercon/m00_couplers/auto_pc/inst/gen_axi4_axi3.axi3_conv_inst/USE_WRITE.write_addr_inst/USE_BURSTS.cmd_queue/inst/fifo_gen_inst/inst_fifo_gen/gconvfifo.rf/grf.rf/rstblk/clk
    SLICE_X29Y50         FDRE                                         r  design_1_i/axi_mem_intercon/m00_couplers/auto_pc/inst/gen_axi4_axi3.axi3_conv_inst/USE_WRITE.write_addr_inst/USE_BURSTS.cmd_queue/inst/fifo_gen_inst/inst_fifo_gen/gconvfifo.rf/grf.rf/rstblk/ngwrdrst.grst.g7serrst.gnsckt_wrst.gcc_rst.sckt_wr_rst_cc_reg[0]/C
  -------------------------------------------------------------------    -------------------
    SLICE_X29Y50         FDRE (Prop_fdre_C_Q)         0.141     1.054 f  design_1_i/axi_mem_intercon/m00_couplers/auto_pc/inst/gen_axi4_axi3.axi3_conv_inst/USE_WRITE.write_addr_inst/USE_BURSTS.cmd_queue/inst/fifo_gen_inst/inst_fifo_gen/gconvfifo.rf/grf.rf/rstblk/ngwrdrst.grst.g7serrst.gnsckt_wrst.gcc_rst.sckt_wr_rst_cc_reg[0]/Q
                         net (fo=3, routed)           0.243     1.297    design_1_i/axi_mem_intercon/m00_couplers/auto_pc/inst/gen_axi4_axi3.axi3_conv_inst/USE_WRITE.write_addr_inst/USE_BURSTS.cmd_queue/inst/fifo_gen_inst/inst_fifo_gen/gconvfifo.rf/grf.rf/rstblk/sckt_wr_rst_cc[0]
    SLICE_X28Y49         LUT3 (Prop_lut3_I1_O)        0.045     1.342 f  design_1_i/axi_mem_intercon/m00_couplers/auto_pc/inst/gen_axi4_axi3.axi3_conv_inst/USE_WRITE.write_addr_inst/USE_BURSTS.cmd_queue/inst/fifo_gen_inst/inst_fifo_gen/gconvfifo.rf/grf.rf/rstblk/gpregsm1.curr_fwft_state[1]_i_2/O
                         net (fo=32, routed)          0.263     1.605    design_1_i/axi_mem_intercon/m00_couplers/auto_pc/inst/gen_axi4_axi3.axi3_conv_inst/USE_WRITE.write_addr_inst/USE_BURSTS.cmd_queue/inst/fifo_gen_inst/inst_fifo_gen/gconvfifo.rf/grf.rf/gntv_or_sync_fifo.gl0.rd/rpntr/gc0.count_d1_reg[4]_1
    SLICE_X25Y49         FDCE                                         f  design_1_i/axi_mem_intercon/m00_couplers/auto_pc/inst/gen_axi4_axi3.axi3_conv_inst/USE_WRITE.write_addr_inst/USE_BURSTS.cmd_queue/inst/fifo_gen_inst/inst_fifo_gen/gconvfifo.rf/grf.rf/gntv_or_sync_fifo.gl0.rd/rpntr/gc0.count_d1_reg[3]/CLR
  -------------------------------------------------------------------    -------------------

                         (clock clk_fpga_0 rise edge)
                                                      0.000     0.000 r  
    PS7_X0Y0             PS7                          0.000     0.000 r  design_1_i/processing_system7_0/inst/PS7_i/FCLKCLK[0]
                         net (fo=1, routed)           0.337     0.337    design_1_i/processing_system7_0/inst/FCLK_CLK_unbuffered[0]
    BUFGCTRL_X0Y16       BUFG (Prop_bufg_I_O)         0.029     0.366 r  design_1_i/processing_system7_0/inst/buffer_fclk_clk_0.FCLK_CLK_0_BUFG/O
                         net (fo=4892, routed)        0.860     1.226    design_1_i/axi_mem_intercon/m00_couplers/auto_pc/inst/gen_axi4_axi3.axi3_conv_inst/USE_WRITE.write_addr_inst/USE_BURSTS.cmd_queue/inst/fifo_gen_inst/inst_fifo_gen/gconvfifo.rf/grf.rf/gntv_or_sync_fifo.gl0.rd/rpntr/clk
    SLICE_X25Y49         FDCE                                         r  design_1_i/axi_mem_intercon/m00_couplers/auto_pc/inst/gen_axi4_axi3.axi3_conv_inst/USE_WRITE.write_addr_inst/USE_BURSTS.cmd_queue/inst/fifo_gen_inst/inst_fifo_gen/gconvfifo.rf/grf.rf/gntv_or_sync_fifo.gl0.rd/rpntr/gc0.count_d1_reg[3]/C
                         clock pessimism             -0.030     1.196    
    SLICE_X25Y49         FDCE (Remov_fdce_C_CLR)     -0.092     1.104    design_1_i/axi_mem_intercon/m00_couplers/auto_pc/inst/gen_axi4_axi3.axi3_conv_inst/USE_WRITE.write_addr_inst/USE_BURSTS.cmd_queue/inst/fifo_gen_inst/inst_fifo_gen/gconvfifo.rf/grf.rf/gntv_or_sync_fifo.gl0.rd/rpntr/gc0.count_d1_reg[3]
  -------------------------------------------------------------------
                         required time                         -1.104    
                         arrival time                           1.605    
  -------------------------------------------------------------------
                         slack                                  0.501    





--------------------------------------------------------------------------------------
Path Group:  (none)
From Clock:  
  To Clock:  clk_fpga_0

Max Delay             1 Endpoint
Min Delay             1 Endpoint
--------------------------------------------------------------------------------------


Max Delay Paths
--------------------------------------------------------------------------------------
Slack:                    inf
  Source:                 design_1_i/processing_system7_0/inst/PS7_i/FCLKRESETN[0]
                            (internal pin)
  Destination:            design_1_i/rst_ps7_0_50M/U0/EXT_LPF/ACTIVE_LOW_EXT.ACT_LO_EXT/GENERATE_LEVEL_P_S_CDC.SINGLE_BIT.CROSS_PLEVEL_IN2SCNDRY_IN_cdc_to/D
                            (rising edge-triggered cell FDRE clocked by clk_fpga_0  {rise@0.000ns fall@10.000ns period=20.000ns})
  Path Group:             (none)
  Path Type:              Setup (Max at Slow Process Corner)
  Data Path Delay:        4.108ns  (logic 0.149ns (3.627%)  route 3.959ns (96.373%))
  Logic Levels:           1  (LUT1=1)
  Clock Uncertainty:      0.301ns  ((TSJ^2 + TIJ^2)^1/2 + DJ) / 2 + PE
    Total System Jitter     (TSJ):    0.050ns
    Total Input Jitter      (TIJ):    0.600ns
    Discrete Jitter          (DJ):    0.000ns
    Phase Error              (PE):    0.000ns
  Timing Exception:       False Path

    Location             Delay type                Incr(ns)  Path(ns)    Netlist Resource(s)
  -------------------------------------------------------------------    -------------------
    PS7_X0Y0             PS7                          0.000     0.000 f  design_1_i/processing_system7_0/inst/PS7_i/FCLKRESETN[0]
                         net (fo=2, routed)           3.267     3.267    design_1_i/rst_ps7_0_50M/U0/EXT_LPF/ACTIVE_LOW_EXT.ACT_LO_EXT/ext_reset_in
    SLICE_X51Y40         LUT1 (Prop_lut1_I0_O)        0.149     3.416 r  design_1_i/rst_ps7_0_50M/U0/EXT_LPF/ACTIVE_LOW_EXT.ACT_LO_EXT/GENERATE_LEVEL_P_S_CDC.SINGLE_BIT.CROSS_PLEVEL_IN2SCNDRY_IN_cdc_to_i_1/O
                         net (fo=1, routed)           0.692     4.108    design_1_i/rst_ps7_0_50M/U0/EXT_LPF/ACTIVE_LOW_EXT.ACT_LO_EXT/exr_d1
    SLICE_X52Y34         FDRE                                         r  design_1_i/rst_ps7_0_50M/U0/EXT_LPF/ACTIVE_LOW_EXT.ACT_LO_EXT/GENERATE_LEVEL_P_S_CDC.SINGLE_BIT.CROSS_PLEVEL_IN2SCNDRY_IN_cdc_to/D
  -------------------------------------------------------------------    -------------------

                         (clock clk_fpga_0 rise edge)
                                                      0.000     0.000 r  
    PS7_X0Y0             PS7                          0.000     0.000 r  design_1_i/processing_system7_0/inst/PS7_i/FCLKCLK[0]
                         net (fo=1, routed)           1.088     1.088    design_1_i/processing_system7_0/inst/FCLK_CLK_unbuffered[0]
    BUFGCTRL_X0Y16       BUFG (Prop_bufg_I_O)         0.091     1.179 r  design_1_i/processing_system7_0/inst/buffer_fclk_clk_0.FCLK_CLK_0_BUFG/O
                         net (fo=4892, routed)        1.476     2.655    design_1_i/rst_ps7_0_50M/U0/EXT_LPF/ACTIVE_LOW_EXT.ACT_LO_EXT/slowest_sync_clk
    SLICE_X52Y34         FDRE                                         r  design_1_i/rst_ps7_0_50M/U0/EXT_LPF/ACTIVE_LOW_EXT.ACT_LO_EXT/GENERATE_LEVEL_P_S_CDC.SINGLE_BIT.CROSS_PLEVEL_IN2SCNDRY_IN_cdc_to/C





Min Delay Paths
--------------------------------------------------------------------------------------
Slack:                    inf
  Source:                 design_1_i/processing_system7_0/inst/PS7_i/FCLKRESETN[0]
                            (internal pin)
  Destination:            design_1_i/rst_ps7_0_50M/U0/EXT_LPF/ACTIVE_LOW_EXT.ACT_LO_EXT/GENERATE_LEVEL_P_S_CDC.SINGLE_BIT.CROSS_PLEVEL_IN2SCNDRY_IN_cdc_to/D
                            (rising edge-triggered cell FDRE clocked by clk_fpga_0  {rise@0.000ns fall@10.000ns period=20.000ns})
  Path Group:             (none)
  Path Type:              Hold (Min at Fast Process Corner)
  Data Path Delay:        1.661ns  (logic 0.042ns (2.529%)  route 1.619ns (97.471%))
  Logic Levels:           1  (LUT1=1)
  Clock Uncertainty:      0.301ns  ((TSJ^2 + TIJ^2)^1/2 + DJ) / 2 + PE
    Total System Jitter     (TSJ):    0.050ns
    Total Input Jitter      (TIJ):    0.600ns
    Discrete Jitter          (DJ):    0.000ns
    Phase Error              (PE):    0.000ns
  Timing Exception:       False Path

    Location             Delay type                Incr(ns)  Path(ns)    Netlist Resource(s)
  -------------------------------------------------------------------    -------------------
    PS7_X0Y0             PS7                          0.000     0.000 f  design_1_i/processing_system7_0/inst/PS7_i/FCLKRESETN[0]
                         net (fo=2, routed)           1.364     1.364    design_1_i/rst_ps7_0_50M/U0/EXT_LPF/ACTIVE_LOW_EXT.ACT_LO_EXT/ext_reset_in
    SLICE_X51Y40         LUT1 (Prop_lut1_I0_O)        0.042     1.406 r  design_1_i/rst_ps7_0_50M/U0/EXT_LPF/ACTIVE_LOW_EXT.ACT_LO_EXT/GENERATE_LEVEL_P_S_CDC.SINGLE_BIT.CROSS_PLEVEL_IN2SCNDRY_IN_cdc_to_i_1/O
                         net (fo=1, routed)           0.255     1.661    design_1_i/rst_ps7_0_50M/U0/EXT_LPF/ACTIVE_LOW_EXT.ACT_LO_EXT/exr_d1
    SLICE_X52Y34         FDRE                                         r  design_1_i/rst_ps7_0_50M/U0/EXT_LPF/ACTIVE_LOW_EXT.ACT_LO_EXT/GENERATE_LEVEL_P_S_CDC.SINGLE_BIT.CROSS_PLEVEL_IN2SCNDRY_IN_cdc_to/D
  -------------------------------------------------------------------    -------------------

                         (clock clk_fpga_0 rise edge)
                                                      0.000     0.000 r  
    PS7_X0Y0             PS7                          0.000     0.000 r  design_1_i/processing_system7_0/inst/PS7_i/FCLKCLK[0]
                         net (fo=1, routed)           0.337     0.337    design_1_i/processing_system7_0/inst/FCLK_CLK_unbuffered[0]
    BUFGCTRL_X0Y16       BUFG (Prop_bufg_I_O)         0.029     0.366 r  design_1_i/processing_system7_0/inst/buffer_fclk_clk_0.FCLK_CLK_0_BUFG/O
                         net (fo=4892, routed)        0.819     1.185    design_1_i/rst_ps7_0_50M/U0/EXT_LPF/ACTIVE_LOW_EXT.ACT_LO_EXT/slowest_sync_clk
    SLICE_X52Y34         FDRE                                         r  design_1_i/rst_ps7_0_50M/U0/EXT_LPF/ACTIVE_LOW_EXT.ACT_LO_EXT/GENERATE_LEVEL_P_S_CDC.SINGLE_BIT.CROSS_PLEVEL_IN2SCNDRY_IN_cdc_to/C





--------------------------------------------------------------------------------------
Path Group:  (none)
From Clock:  clk_fpga_0
  To Clock:  clk_fpga_0

Max Delay            94 Endpoints
Min Delay            94 Endpoints
--------------------------------------------------------------------------------------


Max Delay Paths
--------------------------------------------------------------------------------------
Slack:                    inf
  Source:                 design_1_i/rst_ps7_0_50M/U0/ACTIVE_LOW_PR_OUT_DFF[0].FDRE_PER_N/C
                            (rising edge-triggered cell FDRE clocked by clk_fpga_0  {rise@0.000ns fall@10.000ns period=20.000ns})
  Destination:            design_1_i/axi_mem_intercon/m00_couplers/auto_pc/inst/gen_axi4_axi3.axi3_conv_inst/USE_WRITE.write_addr_inst/USE_BURSTS.cmd_queue/inst/fifo_gen_inst/inst_fifo_gen/gconvfifo.rf/grf.rf/rstblk/ngwrdrst.grst.g7serrst.gnsckt_wrst.rst_wr_reg2_inst/arststages_ff_reg[0]/PRE
                            (recovery check against rising-edge clock clk_fpga_0  {rise@0.000ns fall@10.000ns period=20.000ns})
  Path Group:             (none)
  Path Type:              Recovery (Max at Slow Process Corner)
  Data Path Delay:        6.396ns  (logic 0.606ns (9.475%)  route 5.790ns (90.525%))
  Logic Levels:           1  (LUT1=1)
  Clock Path Skew:        -0.194ns (DCD - SCD + CPR)
    Destination Clock Delay (DCD):    2.751ns
    Source Clock Delay      (SCD):    2.946ns
    Clock Pessimism Removal (CPR):    0.000ns
  Clock Uncertainty:      0.302ns  ((TSJ^2 + TIJ^2)^1/2 + DJ) / 2 + PE
    Total System Jitter     (TSJ):    0.071ns
    Total Input Jitter      (TIJ):    0.600ns
    Discrete Jitter          (DJ):    0.000ns
    Phase Error              (PE):    0.000ns
  Timing Exception:       False Path

    Location             Delay type                Incr(ns)  Path(ns)    Netlist Resource(s)
  -------------------------------------------------------------------    -------------------
                         (clock clk_fpga_0 rise edge)
                                                      0.000     0.000 r  
    PS7_X0Y0             PS7                          0.000     0.000 r  design_1_i/processing_system7_0/inst/PS7_i/FCLKCLK[0]
                         net (fo=1, routed)           1.193     1.193    design_1_i/processing_system7_0/inst/FCLK_CLK_unbuffered[0]
    BUFGCTRL_X0Y16       BUFG (Prop_bufg_I_O)         0.101     1.294 r  design_1_i/processing_system7_0/inst/buffer_fclk_clk_0.FCLK_CLK_0_BUFG/O
                         net (fo=4892, routed)        1.652     2.946    design_1_i/rst_ps7_0_50M/U0/slowest_sync_clk
    SLICE_X51Y37         FDRE                                         r  design_1_i/rst_ps7_0_50M/U0/ACTIVE_LOW_PR_OUT_DFF[0].FDRE_PER_N/C
  -------------------------------------------------------------------    -------------------
    SLICE_X51Y37         FDRE (Prop_fdre_C_Q)         0.456     3.402 r  design_1_i/rst_ps7_0_50M/U0/ACTIVE_LOW_PR_OUT_DFF[0].FDRE_PER_N/Q
                         net (fo=24, routed)          3.244     6.646    design_1_i/axi_mem_intercon/m00_couplers/auto_pc/inst/gen_axi4_axi3.axi3_conv_inst/USE_WRITE.write_addr_inst/USE_BURSTS.cmd_queue/inst/aresetn
    SLICE_X11Y49         LUT1 (Prop_lut1_I0_O)        0.150     6.796 f  design_1_i/axi_mem_intercon/m00_couplers/auto_pc/inst/gen_axi4_axi3.axi3_conv_inst/USE_WRITE.write_addr_inst/USE_BURSTS.cmd_queue/inst/S_AXI_AREADY_I_i_1/O
                         net (fo=183, routed)         2.546     9.342    design_1_i/axi_mem_intercon/m00_couplers/auto_pc/inst/gen_axi4_axi3.axi3_conv_inst/USE_WRITE.write_addr_inst/USE_BURSTS.cmd_queue/inst/fifo_gen_inst/inst_fifo_gen/gconvfifo.rf/grf.rf/rstblk/ngwrdrst.grst.g7serrst.gnsckt_wrst.rst_wr_reg2_inst/src_arst
    SLICE_X29Y49         FDPE                                         f  design_1_i/axi_mem_intercon/m00_couplers/auto_pc/inst/gen_axi4_axi3.axi3_conv_inst/USE_WRITE.write_addr_inst/USE_BURSTS.cmd_queue/inst/fifo_gen_inst/inst_fifo_gen/gconvfifo.rf/grf.rf/rstblk/ngwrdrst.grst.g7serrst.gnsckt_wrst.rst_wr_reg2_inst/arststages_ff_reg[0]/PRE
  -------------------------------------------------------------------    -------------------

                         (clock clk_fpga_0 rise edge)
                                                      0.000     0.000 r  
    PS7_X0Y0             PS7                          0.000     0.000 r  design_1_i/processing_system7_0/inst/PS7_i/FCLKCLK[0]
                         net (fo=1, routed)           1.088     1.088    design_1_i/processing_system7_0/inst/FCLK_CLK_unbuffered[0]
    BUFGCTRL_X0Y16       BUFG (Prop_bufg_I_O)         0.091     1.179 r  design_1_i/processing_system7_0/inst/buffer_fclk_clk_0.FCLK_CLK_0_BUFG/O
                         net (fo=4892, routed)        1.572     2.751    design_1_i/axi_mem_intercon/m00_couplers/auto_pc/inst/gen_axi4_axi3.axi3_conv_inst/USE_WRITE.write_addr_inst/USE_BURSTS.cmd_queue/inst/fifo_gen_inst/inst_fifo_gen/gconvfifo.rf/grf.rf/rstblk/ngwrdrst.grst.g7serrst.gnsckt_wrst.rst_wr_reg2_inst/dest_clk
    SLICE_X29Y49         FDPE                                         r  design_1_i/axi_mem_intercon/m00_couplers/auto_pc/inst/gen_axi4_axi3.axi3_conv_inst/USE_WRITE.write_addr_inst/USE_BURSTS.cmd_queue/inst/fifo_gen_inst/inst_fifo_gen/gconvfifo.rf/grf.rf/rstblk/ngwrdrst.grst.g7serrst.gnsckt_wrst.rst_wr_reg2_inst/arststages_ff_reg[0]/C

Slack:                    inf
  Source:                 design_1_i/rst_ps7_0_50M/U0/ACTIVE_LOW_PR_OUT_DFF[0].FDRE_PER_N/C
                            (rising edge-triggered cell FDRE clocked by clk_fpga_0  {rise@0.000ns fall@10.000ns period=20.000ns})
  Destination:            design_1_i/axi_mem_intercon/m00_couplers/auto_pc/inst/gen_axi4_axi3.axi3_conv_inst/USE_WRITE.write_addr_inst/USE_BURSTS.cmd_queue/inst/fifo_gen_inst/inst_fifo_gen/gconvfifo.rf/grf.rf/rstblk/ngwrdrst.grst.g7serrst.gnsckt_wrst.rst_wr_reg2_inst/arststages_ff_reg[1]/PRE
                            (recovery check against rising-edge clock clk_fpga_0  {rise@0.000ns fall@10.000ns period=20.000ns})
  Path Group:             (none)
  Path Type:              Recovery (Max at Slow Process Corner)
  Data Path Delay:        6.396ns  (logic 0.606ns (9.475%)  route 5.790ns (90.525%))
  Logic Levels:           1  (LUT1=1)
  Clock Path Skew:        -0.194ns (DCD - SCD + CPR)
    Destination Clock Delay (DCD):    2.751ns
    Source Clock Delay      (SCD):    2.946ns
    Clock Pessimism Removal (CPR):    0.000ns
  Clock Uncertainty:      0.302ns  ((TSJ^2 + TIJ^2)^1/2 + DJ) / 2 + PE
    Total System Jitter     (TSJ):    0.071ns
    Total Input Jitter      (TIJ):    0.600ns
    Discrete Jitter          (DJ):    0.000ns
    Phase Error              (PE):    0.000ns
  Timing Exception:       False Path

    Location             Delay type                Incr(ns)  Path(ns)    Netlist Resource(s)
  -------------------------------------------------------------------    -------------------
                         (clock clk_fpga_0 rise edge)
                                                      0.000     0.000 r  
    PS7_X0Y0             PS7                          0.000     0.000 r  design_1_i/processing_system7_0/inst/PS7_i/FCLKCLK[0]
                         net (fo=1, routed)           1.193     1.193    design_1_i/processing_system7_0/inst/FCLK_CLK_unbuffered[0]
    BUFGCTRL_X0Y16       BUFG (Prop_bufg_I_O)         0.101     1.294 r  design_1_i/processing_system7_0/inst/buffer_fclk_clk_0.FCLK_CLK_0_BUFG/O
                         net (fo=4892, routed)        1.652     2.946    design_1_i/rst_ps7_0_50M/U0/slowest_sync_clk
    SLICE_X51Y37         FDRE                                         r  design_1_i/rst_ps7_0_50M/U0/ACTIVE_LOW_PR_OUT_DFF[0].FDRE_PER_N/C
  -------------------------------------------------------------------    -------------------
    SLICE_X51Y37         FDRE (Prop_fdre_C_Q)         0.456     3.402 r  design_1_i/rst_ps7_0_50M/U0/ACTIVE_LOW_PR_OUT_DFF[0].FDRE_PER_N/Q
                         net (fo=24, routed)          3.244     6.646    design_1_i/axi_mem_intercon/m00_couplers/auto_pc/inst/gen_axi4_axi3.axi3_conv_inst/USE_WRITE.write_addr_inst/USE_BURSTS.cmd_queue/inst/aresetn
    SLICE_X11Y49         LUT1 (Prop_lut1_I0_O)        0.150     6.796 f  design_1_i/axi_mem_intercon/m00_couplers/auto_pc/inst/gen_axi4_axi3.axi3_conv_inst/USE_WRITE.write_addr_inst/USE_BURSTS.cmd_queue/inst/S_AXI_AREADY_I_i_1/O
                         net (fo=183, routed)         2.546     9.342    design_1_i/axi_mem_intercon/m00_couplers/auto_pc/inst/gen_axi4_axi3.axi3_conv_inst/USE_WRITE.write_addr_inst/USE_BURSTS.cmd_queue/inst/fifo_gen_inst/inst_fifo_gen/gconvfifo.rf/grf.rf/rstblk/ngwrdrst.grst.g7serrst.gnsckt_wrst.rst_wr_reg2_inst/src_arst
    SLICE_X29Y49         FDPE                                         f  design_1_i/axi_mem_intercon/m00_couplers/auto_pc/inst/gen_axi4_axi3.axi3_conv_inst/USE_WRITE.write_addr_inst/USE_BURSTS.cmd_queue/inst/fifo_gen_inst/inst_fifo_gen/gconvfifo.rf/grf.rf/rstblk/ngwrdrst.grst.g7serrst.gnsckt_wrst.rst_wr_reg2_inst/arststages_ff_reg[1]/PRE
  -------------------------------------------------------------------    -------------------

                         (clock clk_fpga_0 rise edge)
                                                      0.000     0.000 r  
    PS7_X0Y0             PS7                          0.000     0.000 r  design_1_i/processing_system7_0/inst/PS7_i/FCLKCLK[0]
                         net (fo=1, routed)           1.088     1.088    design_1_i/processing_system7_0/inst/FCLK_CLK_unbuffered[0]
    BUFGCTRL_X0Y16       BUFG (Prop_bufg_I_O)         0.091     1.179 r  design_1_i/processing_system7_0/inst/buffer_fclk_clk_0.FCLK_CLK_0_BUFG/O
                         net (fo=4892, routed)        1.572     2.751    design_1_i/axi_mem_intercon/m00_couplers/auto_pc/inst/gen_axi4_axi3.axi3_conv_inst/USE_WRITE.write_addr_inst/USE_BURSTS.cmd_queue/inst/fifo_gen_inst/inst_fifo_gen/gconvfifo.rf/grf.rf/rstblk/ngwrdrst.grst.g7serrst.gnsckt_wrst.rst_wr_reg2_inst/dest_clk
    SLICE_X29Y49         FDPE                                         r  design_1_i/axi_mem_intercon/m00_couplers/auto_pc/inst/gen_axi4_axi3.axi3_conv_inst/USE_WRITE.write_addr_inst/USE_BURSTS.cmd_queue/inst/fifo_gen_inst/inst_fifo_gen/gconvfifo.rf/grf.rf/rstblk/ngwrdrst.grst.g7serrst.gnsckt_wrst.rst_wr_reg2_inst/arststages_ff_reg[1]/C

Slack:                    inf
  Source:                 design_1_i/rst_ps7_0_50M/U0/ACTIVE_LOW_PR_OUT_DFF[0].FDRE_PER_N/C
                            (rising edge-triggered cell FDRE clocked by clk_fpga_0  {rise@0.000ns fall@10.000ns period=20.000ns})
  Destination:            design_1_i/axi_mem_intercon/m00_couplers/auto_pc/inst/gen_axi4_axi3.axi3_conv_inst/USE_READ.USE_SPLIT_R.read_addr_inst/USE_R_CHANNEL.cmd_queue/inst/fifo_gen_inst/inst_fifo_gen/gconvfifo.rf/grf.rf/rstblk/ngwrdrst.grst.g7serrst.gnsckt_wrst.rst_wr_reg2_inst/arststages_ff_reg[0]/PRE
                            (recovery check against rising-edge clock clk_fpga_0  {rise@0.000ns fall@10.000ns period=20.000ns})
  Path Group:             (none)
  Path Type:              Recovery (Max at Slow Process Corner)
  Data Path Delay:        5.062ns  (logic 0.606ns (11.972%)  route 4.456ns (88.028%))
  Logic Levels:           1  (LUT1=1)
  Clock Path Skew:        -0.108ns (DCD - SCD + CPR)
    Destination Clock Delay (DCD):    2.838ns
    Source Clock Delay      (SCD):    2.946ns
    Clock Pessimism Removal (CPR):    0.000ns
  Clock Uncertainty:      0.302ns  ((TSJ^2 + TIJ^2)^1/2 + DJ) / 2 + PE
    Total System Jitter     (TSJ):    0.071ns
    Total Input Jitter      (TIJ):    0.600ns
    Discrete Jitter          (DJ):    0.000ns
    Phase Error              (PE):    0.000ns
  Timing Exception:       False Path

    Location             Delay type                Incr(ns)  Path(ns)    Netlist Resource(s)
  -------------------------------------------------------------------    -------------------
                         (clock clk_fpga_0 rise edge)
                                                      0.000     0.000 r  
    PS7_X0Y0             PS7                          0.000     0.000 r  design_1_i/processing_system7_0/inst/PS7_i/FCLKCLK[0]
                         net (fo=1, routed)           1.193     1.193    design_1_i/processing_system7_0/inst/FCLK_CLK_unbuffered[0]
    BUFGCTRL_X0Y16       BUFG (Prop_bufg_I_O)         0.101     1.294 r  design_1_i/processing_system7_0/inst/buffer_fclk_clk_0.FCLK_CLK_0_BUFG/O
                         net (fo=4892, routed)        1.652     2.946    design_1_i/rst_ps7_0_50M/U0/slowest_sync_clk
    SLICE_X51Y37         FDRE                                         r  design_1_i/rst_ps7_0_50M/U0/ACTIVE_LOW_PR_OUT_DFF[0].FDRE_PER_N/C
  -------------------------------------------------------------------    -------------------
    SLICE_X51Y37         FDRE (Prop_fdre_C_Q)         0.456     3.402 r  design_1_i/rst_ps7_0_50M/U0/ACTIVE_LOW_PR_OUT_DFF[0].FDRE_PER_N/Q
                         net (fo=24, routed)          3.244     6.646    design_1_i/axi_mem_intercon/m00_couplers/auto_pc/inst/gen_axi4_axi3.axi3_conv_inst/USE_WRITE.write_addr_inst/USE_BURSTS.cmd_queue/inst/aresetn
    SLICE_X11Y49         LUT1 (Prop_lut1_I0_O)        0.150     6.796 f  design_1_i/axi_mem_intercon/m00_couplers/auto_pc/inst/gen_axi4_axi3.axi3_conv_inst/USE_WRITE.write_addr_inst/USE_BURSTS.cmd_queue/inst/S_AXI_AREADY_I_i_1/O
                         net (fo=183, routed)         1.212     8.008    design_1_i/axi_mem_intercon/m00_couplers/auto_pc/inst/gen_axi4_axi3.axi3_conv_inst/USE_READ.USE_SPLIT_R.read_addr_inst/USE_R_CHANNEL.cmd_queue/inst/fifo_gen_inst/inst_fifo_gen/gconvfifo.rf/grf.rf/rstblk/ngwrdrst.grst.g7serrst.gnsckt_wrst.rst_wr_reg2_inst/src_arst
    SLICE_X5Y47          FDPE                                         f  design_1_i/axi_mem_intercon/m00_couplers/auto_pc/inst/gen_axi4_axi3.axi3_conv_inst/USE_READ.USE_SPLIT_R.read_addr_inst/USE_R_CHANNEL.cmd_queue/inst/fifo_gen_inst/inst_fifo_gen/gconvfifo.rf/grf.rf/rstblk/ngwrdrst.grst.g7serrst.gnsckt_wrst.rst_wr_reg2_inst/arststages_ff_reg[0]/PRE
  -------------------------------------------------------------------    -------------------

                         (clock clk_fpga_0 rise edge)
                                                      0.000     0.000 r  
    PS7_X0Y0             PS7                          0.000     0.000 r  design_1_i/processing_system7_0/inst/PS7_i/FCLKCLK[0]
                         net (fo=1, routed)           1.088     1.088    design_1_i/processing_system7_0/inst/FCLK_CLK_unbuffered[0]
    BUFGCTRL_X0Y16       BUFG (Prop_bufg_I_O)         0.091     1.179 r  design_1_i/processing_system7_0/inst/buffer_fclk_clk_0.FCLK_CLK_0_BUFG/O
                         net (fo=4892, routed)        1.659     2.839    design_1_i/axi_mem_intercon/m00_couplers/auto_pc/inst/gen_axi4_axi3.axi3_conv_inst/USE_READ.USE_SPLIT_R.read_addr_inst/USE_R_CHANNEL.cmd_queue/inst/fifo_gen_inst/inst_fifo_gen/gconvfifo.rf/grf.rf/rstblk/ngwrdrst.grst.g7serrst.gnsckt_wrst.rst_wr_reg2_inst/dest_clk
    SLICE_X5Y47          FDPE                                         r  design_1_i/axi_mem_intercon/m00_couplers/auto_pc/inst/gen_axi4_axi3.axi3_conv_inst/USE_READ.USE_SPLIT_R.read_addr_inst/USE_R_CHANNEL.cmd_queue/inst/fifo_gen_inst/inst_fifo_gen/gconvfifo.rf/grf.rf/rstblk/ngwrdrst.grst.g7serrst.gnsckt_wrst.rst_wr_reg2_inst/arststages_ff_reg[0]/C

Slack:                    inf
  Source:                 design_1_i/rst_ps7_0_50M/U0/ACTIVE_LOW_PR_OUT_DFF[0].FDRE_PER_N/C
                            (rising edge-triggered cell FDRE clocked by clk_fpga_0  {rise@0.000ns fall@10.000ns period=20.000ns})
  Destination:            design_1_i/axi_mem_intercon/m00_couplers/auto_pc/inst/gen_axi4_axi3.axi3_conv_inst/USE_READ.USE_SPLIT_R.read_addr_inst/USE_R_CHANNEL.cmd_queue/inst/fifo_gen_inst/inst_fifo_gen/gconvfifo.rf/grf.rf/rstblk/ngwrdrst.grst.g7serrst.gnsckt_wrst.rst_wr_reg2_inst/arststages_ff_reg[1]/PRE
                            (recovery check against rising-edge clock clk_fpga_0  {rise@0.000ns fall@10.000ns period=20.000ns})
  Path Group:             (none)
  Path Type:              Recovery (Max at Slow Process Corner)
  Data Path Delay:        5.062ns  (logic 0.606ns (11.972%)  route 4.456ns (88.028%))
  Logic Levels:           1  (LUT1=1)
  Clock Path Skew:        -0.108ns (DCD - SCD + CPR)
    Destination Clock Delay (DCD):    2.838ns
    Source Clock Delay      (SCD):    2.946ns
    Clock Pessimism Removal (CPR):    0.000ns
  Clock Uncertainty:      0.302ns  ((TSJ^2 + TIJ^2)^1/2 + DJ) / 2 + PE
    Total System Jitter     (TSJ):    0.071ns
    Total Input Jitter      (TIJ):    0.600ns
    Discrete Jitter          (DJ):    0.000ns
    Phase Error              (PE):    0.000ns
  Timing Exception:       False Path

    Location             Delay type                Incr(ns)  Path(ns)    Netlist Resource(s)
  -------------------------------------------------------------------    -------------------
                         (clock clk_fpga_0 rise edge)
                                                      0.000     0.000 r  
    PS7_X0Y0             PS7                          0.000     0.000 r  design_1_i/processing_system7_0/inst/PS7_i/FCLKCLK[0]
                         net (fo=1, routed)           1.193     1.193    design_1_i/processing_system7_0/inst/FCLK_CLK_unbuffered[0]
    BUFGCTRL_X0Y16       BUFG (Prop_bufg_I_O)         0.101     1.294 r  design_1_i/processing_system7_0/inst/buffer_fclk_clk_0.FCLK_CLK_0_BUFG/O
                         net (fo=4892, routed)        1.652     2.946    design_1_i/rst_ps7_0_50M/U0/slowest_sync_clk
    SLICE_X51Y37         FDRE                                         r  design_1_i/rst_ps7_0_50M/U0/ACTIVE_LOW_PR_OUT_DFF[0].FDRE_PER_N/C
  -------------------------------------------------------------------    -------------------
    SLICE_X51Y37         FDRE (Prop_fdre_C_Q)         0.456     3.402 r  design_1_i/rst_ps7_0_50M/U0/ACTIVE_LOW_PR_OUT_DFF[0].FDRE_PER_N/Q
                         net (fo=24, routed)          3.244     6.646    design_1_i/axi_mem_intercon/m00_couplers/auto_pc/inst/gen_axi4_axi3.axi3_conv_inst/USE_WRITE.write_addr_inst/USE_BURSTS.cmd_queue/inst/aresetn
    SLICE_X11Y49         LUT1 (Prop_lut1_I0_O)        0.150     6.796 f  design_1_i/axi_mem_intercon/m00_couplers/auto_pc/inst/gen_axi4_axi3.axi3_conv_inst/USE_WRITE.write_addr_inst/USE_BURSTS.cmd_queue/inst/S_AXI_AREADY_I_i_1/O
                         net (fo=183, routed)         1.212     8.008    design_1_i/axi_mem_intercon/m00_couplers/auto_pc/inst/gen_axi4_axi3.axi3_conv_inst/USE_READ.USE_SPLIT_R.read_addr_inst/USE_R_CHANNEL.cmd_queue/inst/fifo_gen_inst/inst_fifo_gen/gconvfifo.rf/grf.rf/rstblk/ngwrdrst.grst.g7serrst.gnsckt_wrst.rst_wr_reg2_inst/src_arst
    SLICE_X5Y47          FDPE                                         f  design_1_i/axi_mem_intercon/m00_couplers/auto_pc/inst/gen_axi4_axi3.axi3_conv_inst/USE_READ.USE_SPLIT_R.read_addr_inst/USE_R_CHANNEL.cmd_queue/inst/fifo_gen_inst/inst_fifo_gen/gconvfifo.rf/grf.rf/rstblk/ngwrdrst.grst.g7serrst.gnsckt_wrst.rst_wr_reg2_inst/arststages_ff_reg[1]/PRE
  -------------------------------------------------------------------    -------------------

                         (clock clk_fpga_0 rise edge)
                                                      0.000     0.000 r  
    PS7_X0Y0             PS7                          0.000     0.000 r  design_1_i/processing_system7_0/inst/PS7_i/FCLKCLK[0]
                         net (fo=1, routed)           1.088     1.088    design_1_i/processing_system7_0/inst/FCLK_CLK_unbuffered[0]
    BUFGCTRL_X0Y16       BUFG (Prop_bufg_I_O)         0.091     1.179 r  design_1_i/processing_system7_0/inst/buffer_fclk_clk_0.FCLK_CLK_0_BUFG/O
                         net (fo=4892, routed)        1.659     2.839    design_1_i/axi_mem_intercon/m00_couplers/auto_pc/inst/gen_axi4_axi3.axi3_conv_inst/USE_READ.USE_SPLIT_R.read_addr_inst/USE_R_CHANNEL.cmd_queue/inst/fifo_gen_inst/inst_fifo_gen/gconvfifo.rf/grf.rf/rstblk/ngwrdrst.grst.g7serrst.gnsckt_wrst.rst_wr_reg2_inst/dest_clk
    SLICE_X5Y47          FDPE                                         r  design_1_i/axi_mem_intercon/m00_couplers/auto_pc/inst/gen_axi4_axi3.axi3_conv_inst/USE_READ.USE_SPLIT_R.read_addr_inst/USE_R_CHANNEL.cmd_queue/inst/fifo_gen_inst/inst_fifo_gen/gconvfifo.rf/grf.rf/rstblk/ngwrdrst.grst.g7serrst.gnsckt_wrst.rst_wr_reg2_inst/arststages_ff_reg[1]/C

Slack:                    inf
  Source:                 design_1_i/rst_ps7_0_50M/U0/ACTIVE_LOW_PR_OUT_DFF[0].FDRE_PER_N/C
                            (rising edge-triggered cell FDRE clocked by clk_fpga_0  {rise@0.000ns fall@10.000ns period=20.000ns})
  Destination:            design_1_i/axi_mem_intercon/m00_couplers/auto_pc/inst/gen_axi4_axi3.axi3_conv_inst/USE_WRITE.write_addr_inst/USE_B_CHANNEL.cmd_b_queue/inst/fifo_gen_inst/inst_fifo_gen/gconvfifo.rf/grf.rf/rstblk/ngwrdrst.grst.g7serrst.gnsckt_wrst.rst_wr_reg2_inst/arststages_ff_reg[0]/PRE
                            (recovery check against rising-edge clock clk_fpga_0  {rise@0.000ns fall@10.000ns period=20.000ns})
  Path Group:             (none)
  Path Type:              Recovery (Max at Slow Process Corner)
  Data Path Delay:        5.062ns  (logic 0.606ns (11.972%)  route 4.456ns (88.028%))
  Logic Levels:           1  (LUT1=1)
  Clock Path Skew:        -0.108ns (DCD - SCD + CPR)
    Destination Clock Delay (DCD):    2.838ns
    Source Clock Delay      (SCD):    2.946ns
    Clock Pessimism Removal (CPR):    0.000ns
  Clock Uncertainty:      0.302ns  ((TSJ^2 + TIJ^2)^1/2 + DJ) / 2 + PE
    Total System Jitter     (TSJ):    0.071ns
    Total Input Jitter      (TIJ):    0.600ns
    Discrete Jitter          (DJ):    0.000ns
    Phase Error              (PE):    0.000ns
  Timing Exception:       False Path

    Location             Delay type                Incr(ns)  Path(ns)    Netlist Resource(s)
  -------------------------------------------------------------------    -------------------
                         (clock clk_fpga_0 rise edge)
                                                      0.000     0.000 r  
    PS7_X0Y0             PS7                          0.000     0.000 r  design_1_i/processing_system7_0/inst/PS7_i/FCLKCLK[0]
                         net (fo=1, routed)           1.193     1.193    design_1_i/processing_system7_0/inst/FCLK_CLK_unbuffered[0]
    BUFGCTRL_X0Y16       BUFG (Prop_bufg_I_O)         0.101     1.294 r  design_1_i/processing_system7_0/inst/buffer_fclk_clk_0.FCLK_CLK_0_BUFG/O
                         net (fo=4892, routed)        1.652     2.946    design_1_i/rst_ps7_0_50M/U0/slowest_sync_clk
    SLICE_X51Y37         FDRE                                         r  design_1_i/rst_ps7_0_50M/U0/ACTIVE_LOW_PR_OUT_DFF[0].FDRE_PER_N/C
  -------------------------------------------------------------------    -------------------
    SLICE_X51Y37         FDRE (Prop_fdre_C_Q)         0.456     3.402 r  design_1_i/rst_ps7_0_50M/U0/ACTIVE_LOW_PR_OUT_DFF[0].FDRE_PER_N/Q
                         net (fo=24, routed)          3.244     6.646    design_1_i/axi_mem_intercon/m00_couplers/auto_pc/inst/gen_axi4_axi3.axi3_conv_inst/USE_WRITE.write_addr_inst/USE_BURSTS.cmd_queue/inst/aresetn
    SLICE_X11Y49         LUT1 (Prop_lut1_I0_O)        0.150     6.796 f  design_1_i/axi_mem_intercon/m00_couplers/auto_pc/inst/gen_axi4_axi3.axi3_conv_inst/USE_WRITE.write_addr_inst/USE_BURSTS.cmd_queue/inst/S_AXI_AREADY_I_i_1/O
                         net (fo=183, routed)         1.212     8.008    design_1_i/axi_mem_intercon/m00_couplers/auto_pc/inst/gen_axi4_axi3.axi3_conv_inst/USE_WRITE.write_addr_inst/USE_B_CHANNEL.cmd_b_queue/inst/fifo_gen_inst/inst_fifo_gen/gconvfifo.rf/grf.rf/rstblk/ngwrdrst.grst.g7serrst.gnsckt_wrst.rst_wr_reg2_inst/src_arst
    SLICE_X5Y47          FDPE                                         f  design_1_i/axi_mem_intercon/m00_couplers/auto_pc/inst/gen_axi4_axi3.axi3_conv_inst/USE_WRITE.write_addr_inst/USE_B_CHANNEL.cmd_b_queue/inst/fifo_gen_inst/inst_fifo_gen/gconvfifo.rf/grf.rf/rstblk/ngwrdrst.grst.g7serrst.gnsckt_wrst.rst_wr_reg2_inst/arststages_ff_reg[0]/PRE
  -------------------------------------------------------------------    -------------------

                         (clock clk_fpga_0 rise edge)
                                                      0.000     0.000 r  
    PS7_X0Y0             PS7                          0.000     0.000 r  design_1_i/processing_system7_0/inst/PS7_i/FCLKCLK[0]
                         net (fo=1, routed)           1.088     1.088    design_1_i/processing_system7_0/inst/FCLK_CLK_unbuffered[0]
    BUFGCTRL_X0Y16       BUFG (Prop_bufg_I_O)         0.091     1.179 r  design_1_i/processing_system7_0/inst/buffer_fclk_clk_0.FCLK_CLK_0_BUFG/O
                         net (fo=4892, routed)        1.659     2.839    design_1_i/axi_mem_intercon/m00_couplers/auto_pc/inst/gen_axi4_axi3.axi3_conv_inst/USE_WRITE.write_addr_inst/USE_B_CHANNEL.cmd_b_queue/inst/fifo_gen_inst/inst_fifo_gen/gconvfifo.rf/grf.rf/rstblk/ngwrdrst.grst.g7serrst.gnsckt_wrst.rst_wr_reg2_inst/dest_clk
    SLICE_X5Y47          FDPE                                         r  design_1_i/axi_mem_intercon/m00_couplers/auto_pc/inst/gen_axi4_axi3.axi3_conv_inst/USE_WRITE.write_addr_inst/USE_B_CHANNEL.cmd_b_queue/inst/fifo_gen_inst/inst_fifo_gen/gconvfifo.rf/grf.rf/rstblk/ngwrdrst.grst.g7serrst.gnsckt_wrst.rst_wr_reg2_inst/arststages_ff_reg[0]/C

Slack:                    inf
  Source:                 design_1_i/rst_ps7_0_50M/U0/ACTIVE_LOW_PR_OUT_DFF[0].FDRE_PER_N/C
                            (rising edge-triggered cell FDRE clocked by clk_fpga_0  {rise@0.000ns fall@10.000ns period=20.000ns})
  Destination:            design_1_i/axi_mem_intercon/m00_couplers/auto_pc/inst/gen_axi4_axi3.axi3_conv_inst/USE_WRITE.write_addr_inst/USE_B_CHANNEL.cmd_b_queue/inst/fifo_gen_inst/inst_fifo_gen/gconvfifo.rf/grf.rf/rstblk/ngwrdrst.grst.g7serrst.gnsckt_wrst.rst_wr_reg2_inst/arststages_ff_reg[1]/PRE
                            (recovery check against rising-edge clock clk_fpga_0  {rise@0.000ns fall@10.000ns period=20.000ns})
  Path Group:             (none)
  Path Type:              Recovery (Max at Slow Process Corner)
  Data Path Delay:        5.062ns  (logic 0.606ns (11.972%)  route 4.456ns (88.028%))
  Logic Levels:           1  (LUT1=1)
  Clock Path Skew:        -0.108ns (DCD - SCD + CPR)
    Destination Clock Delay (DCD):    2.838ns
    Source Clock Delay      (SCD):    2.946ns
    Clock Pessimism Removal (CPR):    0.000ns
  Clock Uncertainty:      0.302ns  ((TSJ^2 + TIJ^2)^1/2 + DJ) / 2 + PE
    Total System Jitter     (TSJ):    0.071ns
    Total Input Jitter      (TIJ):    0.600ns
    Discrete Jitter          (DJ):    0.000ns
    Phase Error              (PE):    0.000ns
  Timing Exception:       False Path

    Location             Delay type                Incr(ns)  Path(ns)    Netlist Resource(s)
  -------------------------------------------------------------------    -------------------
                         (clock clk_fpga_0 rise edge)
                                                      0.000     0.000 r  
    PS7_X0Y0             PS7                          0.000     0.000 r  design_1_i/processing_system7_0/inst/PS7_i/FCLKCLK[0]
                         net (fo=1, routed)           1.193     1.193    design_1_i/processing_system7_0/inst/FCLK_CLK_unbuffered[0]
    BUFGCTRL_X0Y16       BUFG (Prop_bufg_I_O)         0.101     1.294 r  design_1_i/processing_system7_0/inst/buffer_fclk_clk_0.FCLK_CLK_0_BUFG/O
                         net (fo=4892, routed)        1.652     2.946    design_1_i/rst_ps7_0_50M/U0/slowest_sync_clk
    SLICE_X51Y37         FDRE                                         r  design_1_i/rst_ps7_0_50M/U0/ACTIVE_LOW_PR_OUT_DFF[0].FDRE_PER_N/C
  -------------------------------------------------------------------    -------------------
    SLICE_X51Y37         FDRE (Prop_fdre_C_Q)         0.456     3.402 r  design_1_i/rst_ps7_0_50M/U0/ACTIVE_LOW_PR_OUT_DFF[0].FDRE_PER_N/Q
                         net (fo=24, routed)          3.244     6.646    design_1_i/axi_mem_intercon/m00_couplers/auto_pc/inst/gen_axi4_axi3.axi3_conv_inst/USE_WRITE.write_addr_inst/USE_BURSTS.cmd_queue/inst/aresetn
    SLICE_X11Y49         LUT1 (Prop_lut1_I0_O)        0.150     6.796 f  design_1_i/axi_mem_intercon/m00_couplers/auto_pc/inst/gen_axi4_axi3.axi3_conv_inst/USE_WRITE.write_addr_inst/USE_BURSTS.cmd_queue/inst/S_AXI_AREADY_I_i_1/O
                         net (fo=183, routed)         1.212     8.008    design_1_i/axi_mem_intercon/m00_couplers/auto_pc/inst/gen_axi4_axi3.axi3_conv_inst/USE_WRITE.write_addr_inst/USE_B_CHANNEL.cmd_b_queue/inst/fifo_gen_inst/inst_fifo_gen/gconvfifo.rf/grf.rf/rstblk/ngwrdrst.grst.g7serrst.gnsckt_wrst.rst_wr_reg2_inst/src_arst
    SLICE_X5Y47          FDPE                                         f  design_1_i/axi_mem_intercon/m00_couplers/auto_pc/inst/gen_axi4_axi3.axi3_conv_inst/USE_WRITE.write_addr_inst/USE_B_CHANNEL.cmd_b_queue/inst/fifo_gen_inst/inst_fifo_gen/gconvfifo.rf/grf.rf/rstblk/ngwrdrst.grst.g7serrst.gnsckt_wrst.rst_wr_reg2_inst/arststages_ff_reg[1]/PRE
  -------------------------------------------------------------------    -------------------

                         (clock clk_fpga_0 rise edge)
                                                      0.000     0.000 r  
    PS7_X0Y0             PS7                          0.000     0.000 r  design_1_i/processing_system7_0/inst/PS7_i/FCLKCLK[0]
                         net (fo=1, routed)           1.088     1.088    design_1_i/processing_system7_0/inst/FCLK_CLK_unbuffered[0]
    BUFGCTRL_X0Y16       BUFG (Prop_bufg_I_O)         0.091     1.179 r  design_1_i/processing_system7_0/inst/buffer_fclk_clk_0.FCLK_CLK_0_BUFG/O
                         net (fo=4892, routed)        1.659     2.839    design_1_i/axi_mem_intercon/m00_couplers/auto_pc/inst/gen_axi4_axi3.axi3_conv_inst/USE_WRITE.write_addr_inst/USE_B_CHANNEL.cmd_b_queue/inst/fifo_gen_inst/inst_fifo_gen/gconvfifo.rf/grf.rf/rstblk/ngwrdrst.grst.g7serrst.gnsckt_wrst.rst_wr_reg2_inst/dest_clk
    SLICE_X5Y47          FDPE                                         r  design_1_i/axi_mem_intercon/m00_couplers/auto_pc/inst/gen_axi4_axi3.axi3_conv_inst/USE_WRITE.write_addr_inst/USE_B_CHANNEL.cmd_b_queue/inst/fifo_gen_inst/inst_fifo_gen/gconvfifo.rf/grf.rf/rstblk/ngwrdrst.grst.g7serrst.gnsckt_wrst.rst_wr_reg2_inst/arststages_ff_reg[1]/C

Slack:                    inf
  Source:                 design_1_i/processing_system7_0/inst/PS7_i/MAXIGP0ACLK
                            (rising edge-triggered cell PS7 clocked by clk_fpga_0  {rise@0.000ns fall@10.000ns period=20.000ns})
  Destination:            design_1_i/axi_dma_0/U0/I_AXI_DMA_REG_MODULE/GEN_AXI_LITE_IF.AXI_LITE_IF_I/GEN_ASYNC_WRITE.REG_WADDR_TO_IPCLK1/GENERATE_LEVEL_P_S_CDC.MULTI_BIT.FOR_IN_cdc_to[29].CROSS2_PLEVEL_IN2SCNDRY_IN_cdc_to/D
                            (rising edge-triggered cell FDRE clocked by clk_fpga_0  {rise@0.000ns fall@10.000ns period=20.000ns})
  Path Group:             (none)
  Path Type:              Setup (Max at Slow Process Corner)
  Data Path Delay:        3.989ns  (logic 1.450ns (36.353%)  route 2.539ns (63.647%))
  Logic Levels:           0  
  Clock Path Skew:        -0.384ns (DCD - SCD + CPR)
    Destination Clock Delay (DCD):    2.647ns
    Source Clock Delay      (SCD):    3.031ns
    Clock Pessimism Removal (CPR):    0.000ns
  Clock Uncertainty:      0.302ns  ((TSJ^2 + TIJ^2)^1/2 + DJ) / 2 + PE
    Total System Jitter     (TSJ):    0.071ns
    Total Input Jitter      (TIJ):    0.600ns
    Discrete Jitter          (DJ):    0.000ns
    Phase Error              (PE):    0.000ns
  Timing Exception:       False Path

    Location             Delay type                Incr(ns)  Path(ns)    Netlist Resource(s)
  -------------------------------------------------------------------    -------------------
                         (clock clk_fpga_0 rise edge)
                                                      0.000     0.000 r  
    PS7_X0Y0             PS7                          0.000     0.000 r  design_1_i/processing_system7_0/inst/PS7_i/FCLKCLK[0]
                         net (fo=1, routed)           1.193     1.193    design_1_i/processing_system7_0/inst/FCLK_CLK_unbuffered[0]
    BUFGCTRL_X0Y16       BUFG (Prop_bufg_I_O)         0.101     1.294 r  design_1_i/processing_system7_0/inst/buffer_fclk_clk_0.FCLK_CLK_0_BUFG/O
                         net (fo=4892, routed)        1.737     3.031    design_1_i/processing_system7_0/inst/M_AXI_GP0_ACLK
    PS7_X0Y0             PS7                                          r  design_1_i/processing_system7_0/inst/PS7_i/MAXIGP0ACLK
  -------------------------------------------------------------------    -------------------
    PS7_X0Y0             PS7 (Prop_ps7_MAXIGP0ACLK_MAXIGP0WDATA[29])
                                                      1.450     4.481 r  design_1_i/processing_system7_0/inst/PS7_i/MAXIGP0WDATA[29]
                         net (fo=2, routed)           2.539     7.020    design_1_i/axi_dma_0/U0/I_AXI_DMA_REG_MODULE/GEN_AXI_LITE_IF.AXI_LITE_IF_I/GEN_ASYNC_WRITE.REG_WADDR_TO_IPCLK1/s_axi_lite_wdata[27]
    SLICE_X42Y69         FDRE                                         r  design_1_i/axi_dma_0/U0/I_AXI_DMA_REG_MODULE/GEN_AXI_LITE_IF.AXI_LITE_IF_I/GEN_ASYNC_WRITE.REG_WADDR_TO_IPCLK1/GENERATE_LEVEL_P_S_CDC.MULTI_BIT.FOR_IN_cdc_to[29].CROSS2_PLEVEL_IN2SCNDRY_IN_cdc_to/D
  -------------------------------------------------------------------    -------------------

                         (clock clk_fpga_0 rise edge)
                                                      0.000     0.000 r  
    PS7_X0Y0             PS7                          0.000     0.000 r  design_1_i/processing_system7_0/inst/PS7_i/FCLKCLK[0]
                         net (fo=1, routed)           1.088     1.088    design_1_i/processing_system7_0/inst/FCLK_CLK_unbuffered[0]
    BUFGCTRL_X0Y16       BUFG (Prop_bufg_I_O)         0.091     1.179 r  design_1_i/processing_system7_0/inst/buffer_fclk_clk_0.FCLK_CLK_0_BUFG/O
                         net (fo=4892, routed)        1.468     2.647    design_1_i/axi_dma_0/U0/I_AXI_DMA_REG_MODULE/GEN_AXI_LITE_IF.AXI_LITE_IF_I/GEN_ASYNC_WRITE.REG_WADDR_TO_IPCLK1/m_axi_sg_aclk
    SLICE_X42Y69         FDRE                                         r  design_1_i/axi_dma_0/U0/I_AXI_DMA_REG_MODULE/GEN_AXI_LITE_IF.AXI_LITE_IF_I/GEN_ASYNC_WRITE.REG_WADDR_TO_IPCLK1/GENERATE_LEVEL_P_S_CDC.MULTI_BIT.FOR_IN_cdc_to[29].CROSS2_PLEVEL_IN2SCNDRY_IN_cdc_to/C

Slack:                    inf
  Source:                 design_1_i/processing_system7_0/inst/PS7_i/MAXIGP0ACLK
                            (rising edge-triggered cell PS7 clocked by clk_fpga_0  {rise@0.000ns fall@10.000ns period=20.000ns})
  Destination:            design_1_i/axi_dma_0/U0/I_AXI_DMA_REG_MODULE/GEN_AXI_LITE_IF.AXI_LITE_IF_I/GEN_ASYNC_WRITE.REG_WADDR_TO_IPCLK1/GENERATE_LEVEL_P_S_CDC.MULTI_BIT.FOR_IN_cdc_to[23].CROSS2_PLEVEL_IN2SCNDRY_IN_cdc_to/D
                            (rising edge-triggered cell FDRE clocked by clk_fpga_0  {rise@0.000ns fall@10.000ns period=20.000ns})
  Path Group:             (none)
  Path Type:              Setup (Max at Slow Process Corner)
  Data Path Delay:        3.844ns  (logic 1.450ns (37.721%)  route 2.394ns (62.279%))
  Logic Levels:           0  
  Clock Path Skew:        -0.384ns (DCD - SCD + CPR)
    Destination Clock Delay (DCD):    2.647ns
    Source Clock Delay      (SCD):    3.031ns
    Clock Pessimism Removal (CPR):    0.000ns
  Clock Uncertainty:      0.302ns  ((TSJ^2 + TIJ^2)^1/2 + DJ) / 2 + PE
    Total System Jitter     (TSJ):    0.071ns
    Total Input Jitter      (TIJ):    0.600ns
    Discrete Jitter          (DJ):    0.000ns
    Phase Error              (PE):    0.000ns
  Timing Exception:       False Path

    Location             Delay type                Incr(ns)  Path(ns)    Netlist Resource(s)
  -------------------------------------------------------------------    -------------------
                         (clock clk_fpga_0 rise edge)
                                                      0.000     0.000 r  
    PS7_X0Y0             PS7                          0.000     0.000 r  design_1_i/processing_system7_0/inst/PS7_i/FCLKCLK[0]
                         net (fo=1, routed)           1.193     1.193    design_1_i/processing_system7_0/inst/FCLK_CLK_unbuffered[0]
    BUFGCTRL_X0Y16       BUFG (Prop_bufg_I_O)         0.101     1.294 r  design_1_i/processing_system7_0/inst/buffer_fclk_clk_0.FCLK_CLK_0_BUFG/O
                         net (fo=4892, routed)        1.737     3.031    design_1_i/processing_system7_0/inst/M_AXI_GP0_ACLK
    PS7_X0Y0             PS7                                          r  design_1_i/processing_system7_0/inst/PS7_i/MAXIGP0ACLK
  -------------------------------------------------------------------    -------------------
    PS7_X0Y0             PS7 (Prop_ps7_MAXIGP0ACLK_MAXIGP0WDATA[23])
                                                      1.450     4.481 r  design_1_i/processing_system7_0/inst/PS7_i/MAXIGP0WDATA[23]
                         net (fo=2, routed)           2.394     6.875    design_1_i/axi_dma_0/U0/I_AXI_DMA_REG_MODULE/GEN_AXI_LITE_IF.AXI_LITE_IF_I/GEN_ASYNC_WRITE.REG_WADDR_TO_IPCLK1/s_axi_lite_wdata[21]
    SLICE_X38Y70         FDRE                                         r  design_1_i/axi_dma_0/U0/I_AXI_DMA_REG_MODULE/GEN_AXI_LITE_IF.AXI_LITE_IF_I/GEN_ASYNC_WRITE.REG_WADDR_TO_IPCLK1/GENERATE_LEVEL_P_S_CDC.MULTI_BIT.FOR_IN_cdc_to[23].CROSS2_PLEVEL_IN2SCNDRY_IN_cdc_to/D
  -------------------------------------------------------------------    -------------------

                         (clock clk_fpga_0 rise edge)
                                                      0.000     0.000 r  
    PS7_X0Y0             PS7                          0.000     0.000 r  design_1_i/processing_system7_0/inst/PS7_i/FCLKCLK[0]
                         net (fo=1, routed)           1.088     1.088    design_1_i/processing_system7_0/inst/FCLK_CLK_unbuffered[0]
    BUFGCTRL_X0Y16       BUFG (Prop_bufg_I_O)         0.091     1.179 r  design_1_i/processing_system7_0/inst/buffer_fclk_clk_0.FCLK_CLK_0_BUFG/O
                         net (fo=4892, routed)        1.468     2.647    design_1_i/axi_dma_0/U0/I_AXI_DMA_REG_MODULE/GEN_AXI_LITE_IF.AXI_LITE_IF_I/GEN_ASYNC_WRITE.REG_WADDR_TO_IPCLK1/m_axi_sg_aclk
    SLICE_X38Y70         FDRE                                         r  design_1_i/axi_dma_0/U0/I_AXI_DMA_REG_MODULE/GEN_AXI_LITE_IF.AXI_LITE_IF_I/GEN_ASYNC_WRITE.REG_WADDR_TO_IPCLK1/GENERATE_LEVEL_P_S_CDC.MULTI_BIT.FOR_IN_cdc_to[23].CROSS2_PLEVEL_IN2SCNDRY_IN_cdc_to/C

Slack:                    inf
  Source:                 design_1_i/processing_system7_0/inst/PS7_i/MAXIGP0ACLK
                            (rising edge-triggered cell PS7 clocked by clk_fpga_0  {rise@0.000ns fall@10.000ns period=20.000ns})
  Destination:            design_1_i/axi_dma_0/U0/I_AXI_DMA_REG_MODULE/GEN_AXI_LITE_IF.AXI_LITE_IF_I/GEN_ASYNC_WRITE.REG_WADDR_TO_IPCLK1/GENERATE_LEVEL_P_S_CDC.MULTI_BIT.FOR_IN_cdc_to[30].CROSS2_PLEVEL_IN2SCNDRY_IN_cdc_to/D
                            (rising edge-triggered cell FDRE clocked by clk_fpga_0  {rise@0.000ns fall@10.000ns period=20.000ns})
  Path Group:             (none)
  Path Type:              Setup (Max at Slow Process Corner)
  Data Path Delay:        3.837ns  (logic 1.450ns (37.793%)  route 2.387ns (62.207%))
  Logic Levels:           0  
  Clock Path Skew:        -0.385ns (DCD - SCD + CPR)
    Destination Clock Delay (DCD):    2.646ns
    Source Clock Delay      (SCD):    3.031ns
    Clock Pessimism Removal (CPR):    0.000ns
  Clock Uncertainty:      0.302ns  ((TSJ^2 + TIJ^2)^1/2 + DJ) / 2 + PE
    Total System Jitter     (TSJ):    0.071ns
    Total Input Jitter      (TIJ):    0.600ns
    Discrete Jitter          (DJ):    0.000ns
    Phase Error              (PE):    0.000ns
  Timing Exception:       False Path

    Location             Delay type                Incr(ns)  Path(ns)    Netlist Resource(s)
  -------------------------------------------------------------------    -------------------
                         (clock clk_fpga_0 rise edge)
                                                      0.000     0.000 r  
    PS7_X0Y0             PS7                          0.000     0.000 r  design_1_i/processing_system7_0/inst/PS7_i/FCLKCLK[0]
                         net (fo=1, routed)           1.193     1.193    design_1_i/processing_system7_0/inst/FCLK_CLK_unbuffered[0]
    BUFGCTRL_X0Y16       BUFG (Prop_bufg_I_O)         0.101     1.294 r  design_1_i/processing_system7_0/inst/buffer_fclk_clk_0.FCLK_CLK_0_BUFG/O
                         net (fo=4892, routed)        1.737     3.031    design_1_i/processing_system7_0/inst/M_AXI_GP0_ACLK
    PS7_X0Y0             PS7                                          r  design_1_i/processing_system7_0/inst/PS7_i/MAXIGP0ACLK
  -------------------------------------------------------------------    -------------------
    PS7_X0Y0             PS7 (Prop_ps7_MAXIGP0ACLK_MAXIGP0WDATA[30])
                                                      1.450     4.481 r  design_1_i/processing_system7_0/inst/PS7_i/MAXIGP0WDATA[30]
                         net (fo=2, routed)           2.387     6.868    design_1_i/axi_dma_0/U0/I_AXI_DMA_REG_MODULE/GEN_AXI_LITE_IF.AXI_LITE_IF_I/GEN_ASYNC_WRITE.REG_WADDR_TO_IPCLK1/s_axi_lite_wdata[28]
    SLICE_X41Y71         FDRE                                         r  design_1_i/axi_dma_0/U0/I_AXI_DMA_REG_MODULE/GEN_AXI_LITE_IF.AXI_LITE_IF_I/GEN_ASYNC_WRITE.REG_WADDR_TO_IPCLK1/GENERATE_LEVEL_P_S_CDC.MULTI_BIT.FOR_IN_cdc_to[30].CROSS2_PLEVEL_IN2SCNDRY_IN_cdc_to/D
  -------------------------------------------------------------------    -------------------

                         (clock clk_fpga_0 rise edge)
                                                      0.000     0.000 r  
    PS7_X0Y0             PS7                          0.000     0.000 r  design_1_i/processing_system7_0/inst/PS7_i/FCLKCLK[0]
                         net (fo=1, routed)           1.088     1.088    design_1_i/processing_system7_0/inst/FCLK_CLK_unbuffered[0]
    BUFGCTRL_X0Y16       BUFG (Prop_bufg_I_O)         0.091     1.179 r  design_1_i/processing_system7_0/inst/buffer_fclk_clk_0.FCLK_CLK_0_BUFG/O
                         net (fo=4892, routed)        1.467     2.646    design_1_i/axi_dma_0/U0/I_AXI_DMA_REG_MODULE/GEN_AXI_LITE_IF.AXI_LITE_IF_I/GEN_ASYNC_WRITE.REG_WADDR_TO_IPCLK1/m_axi_sg_aclk
    SLICE_X41Y71         FDRE                                         r  design_1_i/axi_dma_0/U0/I_AXI_DMA_REG_MODULE/GEN_AXI_LITE_IF.AXI_LITE_IF_I/GEN_ASYNC_WRITE.REG_WADDR_TO_IPCLK1/GENERATE_LEVEL_P_S_CDC.MULTI_BIT.FOR_IN_cdc_to[30].CROSS2_PLEVEL_IN2SCNDRY_IN_cdc_to/C

Slack:                    inf
  Source:                 design_1_i/processing_system7_0/inst/PS7_i/MAXIGP0ACLK
                            (rising edge-triggered cell PS7 clocked by clk_fpga_0  {rise@0.000ns fall@10.000ns period=20.000ns})
  Destination:            design_1_i/axi_dma_0/U0/I_AXI_DMA_REG_MODULE/GEN_AXI_LITE_IF.AXI_LITE_IF_I/GEN_ASYNC_WRITE.REG_WADDR_TO_IPCLK1/GENERATE_LEVEL_P_S_CDC.MULTI_BIT.FOR_IN_cdc_to[9].CROSS2_PLEVEL_IN2SCNDRY_IN_cdc_to/D
                            (rising edge-triggered cell FDRE clocked by clk_fpga_0  {rise@0.000ns fall@10.000ns period=20.000ns})
  Path Group:             (none)
  Path Type:              Setup (Max at Slow Process Corner)
  Data Path Delay:        3.833ns  (logic 1.450ns (37.829%)  route 2.383ns (62.171%))
  Logic Levels:           0  
  Clock Path Skew:        -0.377ns (DCD - SCD + CPR)
    Destination Clock Delay (DCD):    2.654ns
    Source Clock Delay      (SCD):    3.031ns
    Clock Pessimism Removal (CPR):    0.000ns
  Clock Uncertainty:      0.302ns  ((TSJ^2 + TIJ^2)^1/2 + DJ) / 2 + PE
    Total System Jitter     (TSJ):    0.071ns
    Total Input Jitter      (TIJ):    0.600ns
    Discrete Jitter          (DJ):    0.000ns
    Phase Error              (PE):    0.000ns
  Timing Exception:       False Path

    Location             Delay type                Incr(ns)  Path(ns)    Netlist Resource(s)
  -------------------------------------------------------------------    -------------------
                         (clock clk_fpga_0 rise edge)
                                                      0.000     0.000 r  
    PS7_X0Y0             PS7                          0.000     0.000 r  design_1_i/processing_system7_0/inst/PS7_i/FCLKCLK[0]
                         net (fo=1, routed)           1.193     1.193    design_1_i/processing_system7_0/inst/FCLK_CLK_unbuffered[0]
    BUFGCTRL_X0Y16       BUFG (Prop_bufg_I_O)         0.101     1.294 r  design_1_i/processing_system7_0/inst/buffer_fclk_clk_0.FCLK_CLK_0_BUFG/O
                         net (fo=4892, routed)        1.737     3.031    design_1_i/processing_system7_0/inst/M_AXI_GP0_ACLK
    PS7_X0Y0             PS7                                          r  design_1_i/processing_system7_0/inst/PS7_i/MAXIGP0ACLK
  -------------------------------------------------------------------    -------------------
    PS7_X0Y0             PS7 (Prop_ps7_MAXIGP0ACLK_MAXIGP0WDATA[9])
                                                      1.450     4.481 r  design_1_i/processing_system7_0/inst/PS7_i/MAXIGP0WDATA[9]
                         net (fo=2, routed)           2.383     6.864    design_1_i/axi_dma_0/U0/I_AXI_DMA_REG_MODULE/GEN_AXI_LITE_IF.AXI_LITE_IF_I/GEN_ASYNC_WRITE.REG_WADDR_TO_IPCLK1/s_axi_lite_wdata[7]
    SLICE_X33Y62         FDRE                                         r  design_1_i/axi_dma_0/U0/I_AXI_DMA_REG_MODULE/GEN_AXI_LITE_IF.AXI_LITE_IF_I/GEN_ASYNC_WRITE.REG_WADDR_TO_IPCLK1/GENERATE_LEVEL_P_S_CDC.MULTI_BIT.FOR_IN_cdc_to[9].CROSS2_PLEVEL_IN2SCNDRY_IN_cdc_to/D
  -------------------------------------------------------------------    -------------------

                         (clock clk_fpga_0 rise edge)
                                                      0.000     0.000 r  
    PS7_X0Y0             PS7                          0.000     0.000 r  design_1_i/processing_system7_0/inst/PS7_i/FCLKCLK[0]
                         net (fo=1, routed)           1.088     1.088    design_1_i/processing_system7_0/inst/FCLK_CLK_unbuffered[0]
    BUFGCTRL_X0Y16       BUFG (Prop_bufg_I_O)         0.091     1.179 r  design_1_i/processing_system7_0/inst/buffer_fclk_clk_0.FCLK_CLK_0_BUFG/O
                         net (fo=4892, routed)        1.475     2.654    design_1_i/axi_dma_0/U0/I_AXI_DMA_REG_MODULE/GEN_AXI_LITE_IF.AXI_LITE_IF_I/GEN_ASYNC_WRITE.REG_WADDR_TO_IPCLK1/m_axi_sg_aclk
    SLICE_X33Y62         FDRE                                         r  design_1_i/axi_dma_0/U0/I_AXI_DMA_REG_MODULE/GEN_AXI_LITE_IF.AXI_LITE_IF_I/GEN_ASYNC_WRITE.REG_WADDR_TO_IPCLK1/GENERATE_LEVEL_P_S_CDC.MULTI_BIT.FOR_IN_cdc_to[9].CROSS2_PLEVEL_IN2SCNDRY_IN_cdc_to/C





Min Delay Paths
--------------------------------------------------------------------------------------
Slack:                    inf
  Source:                 design_1_i/axi_dma_0/U0/I_RST_MODULE/GEN_RESET_FOR_S2MM.RESET_I/GEN_ASYNC_RESET.GEN_PRMRY_GRTR_EQL_SCNDRY.s_halt_reg/C
                            (rising edge-triggered cell FDRE clocked by clk_fpga_0  {rise@0.000ns fall@10.000ns period=20.000ns})
  Destination:            design_1_i/axi_dma_0/U0/I_RST_MODULE/GEN_RESET_FOR_S2MM.RESET_I/GEN_ASYNC_RESET.GEN_PRMRY_GRTR_EQL_SCNDRY.HALT_PROCESS/GENERATE_LEVEL_P_S_CDC.SINGLE_BIT.CROSS_PLEVEL_IN2SCNDRY_IN_cdc_to/D
                            (rising edge-triggered cell FDRE clocked by clk_fpga_0  {rise@0.000ns fall@10.000ns period=20.000ns})
  Path Group:             (none)
  Path Type:              Hold (Min at Fast Process Corner)
  Data Path Delay:        0.252ns  (logic 0.141ns (55.868%)  route 0.111ns (44.132%))
  Logic Levels:           0  
  Clock Path Skew:        0.298ns (DCD - SCD - CPR)
    Destination Clock Delay (DCD):    1.190ns
    Source Clock Delay      (SCD):    0.892ns
    Clock Pessimism Removal (CPR):    -0.000ns
  Clock Uncertainty:      0.302ns  ((TSJ^2 + TIJ^2)^1/2 + DJ) / 2 + PE
    Total System Jitter     (TSJ):    0.071ns
    Total Input Jitter      (TIJ):    0.600ns
    Discrete Jitter          (DJ):    0.000ns
    Phase Error              (PE):    0.000ns
  Timing Exception:       False Path

    Location             Delay type                Incr(ns)  Path(ns)    Netlist Resource(s)
  -------------------------------------------------------------------    -------------------
                         (clock clk_fpga_0 rise edge)
                                                      0.000     0.000 r  
    PS7_X0Y0             PS7                          0.000     0.000 r  design_1_i/processing_system7_0/inst/PS7_i/FCLKCLK[0]
                         net (fo=1, routed)           0.310     0.310    design_1_i/processing_system7_0/inst/FCLK_CLK_unbuffered[0]
    BUFGCTRL_X0Y16       BUFG (Prop_bufg_I_O)         0.026     0.336 r  design_1_i/processing_system7_0/inst/buffer_fclk_clk_0.FCLK_CLK_0_BUFG/O
                         net (fo=4892, routed)        0.556     0.892    design_1_i/axi_dma_0/U0/I_RST_MODULE/GEN_RESET_FOR_S2MM.RESET_I/m_axi_sg_aclk
    SLICE_X43Y53         FDRE                                         r  design_1_i/axi_dma_0/U0/I_RST_MODULE/GEN_RESET_FOR_S2MM.RESET_I/GEN_ASYNC_RESET.GEN_PRMRY_GRTR_EQL_SCNDRY.s_halt_reg/C
  -------------------------------------------------------------------    -------------------
    SLICE_X43Y53         FDRE (Prop_fdre_C_Q)         0.141     1.033 r  design_1_i/axi_dma_0/U0/I_RST_MODULE/GEN_RESET_FOR_S2MM.RESET_I/GEN_ASYNC_RESET.GEN_PRMRY_GRTR_EQL_SCNDRY.s_halt_reg/Q
                         net (fo=1, routed)           0.111     1.144    design_1_i/axi_dma_0/U0/I_RST_MODULE/GEN_RESET_FOR_S2MM.RESET_I/GEN_ASYNC_RESET.GEN_PRMRY_GRTR_EQL_SCNDRY.HALT_PROCESS/prmry_in
    SLICE_X43Y53         FDRE                                         r  design_1_i/axi_dma_0/U0/I_RST_MODULE/GEN_RESET_FOR_S2MM.RESET_I/GEN_ASYNC_RESET.GEN_PRMRY_GRTR_EQL_SCNDRY.HALT_PROCESS/GENERATE_LEVEL_P_S_CDC.SINGLE_BIT.CROSS_PLEVEL_IN2SCNDRY_IN_cdc_to/D
  -------------------------------------------------------------------    -------------------

                         (clock clk_fpga_0 rise edge)
                                                      0.000     0.000 r  
    PS7_X0Y0             PS7                          0.000     0.000 r  design_1_i/processing_system7_0/inst/PS7_i/FCLKCLK[0]
                         net (fo=1, routed)           0.337     0.337    design_1_i/processing_system7_0/inst/FCLK_CLK_unbuffered[0]
    BUFGCTRL_X0Y16       BUFG (Prop_bufg_I_O)         0.029     0.366 r  design_1_i/processing_system7_0/inst/buffer_fclk_clk_0.FCLK_CLK_0_BUFG/O
                         net (fo=4892, routed)        0.824     1.190    design_1_i/axi_dma_0/U0/I_RST_MODULE/GEN_RESET_FOR_S2MM.RESET_I/GEN_ASYNC_RESET.GEN_PRMRY_GRTR_EQL_SCNDRY.HALT_PROCESS/m_axi_s2mm_aclk
    SLICE_X43Y53         FDRE                                         r  design_1_i/axi_dma_0/U0/I_RST_MODULE/GEN_RESET_FOR_S2MM.RESET_I/GEN_ASYNC_RESET.GEN_PRMRY_GRTR_EQL_SCNDRY.HALT_PROCESS/GENERATE_LEVEL_P_S_CDC.SINGLE_BIT.CROSS_PLEVEL_IN2SCNDRY_IN_cdc_to/C

Slack:                    inf
  Source:                 design_1_i/axi_dma_0/U0/I_RST_MODULE/GEN_RESET_FOR_S2MM.RESET_I/GEN_ASYNC_RESET.scndry_resetn_i_reg/C
                            (rising edge-triggered cell FDRE clocked by clk_fpga_0  {rise@0.000ns fall@10.000ns period=20.000ns})
  Destination:            design_1_i/axi_dma_0/U0/I_RST_MODULE/GEN_RESET_FOR_S2MM.RESET_I/GEN_ASYNC_RESET.REG_RESET_OUT/GENERATE_LEVEL_P_S_CDC.SINGLE_BIT.CROSS_PLEVEL_IN2SCNDRY_IN_cdc_to/D
                            (rising edge-triggered cell FDRE clocked by clk_fpga_0  {rise@0.000ns fall@10.000ns period=20.000ns})
  Path Group:             (none)
  Path Type:              Hold (Min at Fast Process Corner)
  Data Path Delay:        0.252ns  (logic 0.141ns (55.868%)  route 0.111ns (44.132%))
  Logic Levels:           0  
  Clock Path Skew:        0.298ns (DCD - SCD - CPR)
    Destination Clock Delay (DCD):    1.190ns
    Source Clock Delay      (SCD):    0.892ns
    Clock Pessimism Removal (CPR):    -0.000ns
  Clock Uncertainty:      0.302ns  ((TSJ^2 + TIJ^2)^1/2 + DJ) / 2 + PE
    Total System Jitter     (TSJ):    0.071ns
    Total Input Jitter      (TIJ):    0.600ns
    Discrete Jitter          (DJ):    0.000ns
    Phase Error              (PE):    0.000ns
  Timing Exception:       False Path

    Location             Delay type                Incr(ns)  Path(ns)    Netlist Resource(s)
  -------------------------------------------------------------------    -------------------
                         (clock clk_fpga_0 rise edge)
                                                      0.000     0.000 r  
    PS7_X0Y0             PS7                          0.000     0.000 r  design_1_i/processing_system7_0/inst/PS7_i/FCLKCLK[0]
                         net (fo=1, routed)           0.310     0.310    design_1_i/processing_system7_0/inst/FCLK_CLK_unbuffered[0]
    BUFGCTRL_X0Y16       BUFG (Prop_bufg_I_O)         0.026     0.336 r  design_1_i/processing_system7_0/inst/buffer_fclk_clk_0.FCLK_CLK_0_BUFG/O
                         net (fo=4892, routed)        0.556     0.892    design_1_i/axi_dma_0/U0/I_RST_MODULE/GEN_RESET_FOR_S2MM.RESET_I/m_axi_sg_aclk
    SLICE_X47Y55         FDRE                                         r  design_1_i/axi_dma_0/U0/I_RST_MODULE/GEN_RESET_FOR_S2MM.RESET_I/GEN_ASYNC_RESET.scndry_resetn_i_reg/C
  -------------------------------------------------------------------    -------------------
    SLICE_X47Y55         FDRE (Prop_fdre_C_Q)         0.141     1.033 r  design_1_i/axi_dma_0/U0/I_RST_MODULE/GEN_RESET_FOR_S2MM.RESET_I/GEN_ASYNC_RESET.scndry_resetn_i_reg/Q
                         net (fo=1, routed)           0.111     1.144    design_1_i/axi_dma_0/U0/I_RST_MODULE/GEN_RESET_FOR_S2MM.RESET_I/GEN_ASYNC_RESET.REG_RESET_OUT/prmry_in
    SLICE_X47Y55         FDRE                                         r  design_1_i/axi_dma_0/U0/I_RST_MODULE/GEN_RESET_FOR_S2MM.RESET_I/GEN_ASYNC_RESET.REG_RESET_OUT/GENERATE_LEVEL_P_S_CDC.SINGLE_BIT.CROSS_PLEVEL_IN2SCNDRY_IN_cdc_to/D
  -------------------------------------------------------------------    -------------------

                         (clock clk_fpga_0 rise edge)
                                                      0.000     0.000 r  
    PS7_X0Y0             PS7                          0.000     0.000 r  design_1_i/processing_system7_0/inst/PS7_i/FCLKCLK[0]
                         net (fo=1, routed)           0.337     0.337    design_1_i/processing_system7_0/inst/FCLK_CLK_unbuffered[0]
    BUFGCTRL_X0Y16       BUFG (Prop_bufg_I_O)         0.029     0.366 r  design_1_i/processing_system7_0/inst/buffer_fclk_clk_0.FCLK_CLK_0_BUFG/O
                         net (fo=4892, routed)        0.824     1.190    design_1_i/axi_dma_0/U0/I_RST_MODULE/GEN_RESET_FOR_S2MM.RESET_I/GEN_ASYNC_RESET.REG_RESET_OUT/m_axi_s2mm_aclk
    SLICE_X47Y55         FDRE                                         r  design_1_i/axi_dma_0/U0/I_RST_MODULE/GEN_RESET_FOR_S2MM.RESET_I/GEN_ASYNC_RESET.REG_RESET_OUT/GENERATE_LEVEL_P_S_CDC.SINGLE_BIT.CROSS_PLEVEL_IN2SCNDRY_IN_cdc_to/C

Slack:                    inf
  Source:                 design_1_i/axi_dma_0/U0/I_AXI_DMA_REG_MODULE/GEN_AXI_LITE_IF.AXI_LITE_IF_I/GEN_ASYNC_WRITE.rdy_to2_cdc_from_reg/C
                            (rising edge-triggered cell FDRE clocked by clk_fpga_0  {rise@0.000ns fall@10.000ns period=20.000ns})
  Destination:            design_1_i/axi_dma_0/U0/I_AXI_DMA_REG_MODULE/GEN_AXI_LITE_IF.AXI_LITE_IF_I/GEN_ASYNC_WRITE.REG3_WREADY/GENERATE_LEVEL_P_S_CDC.SINGLE_BIT.CROSS_PLEVEL_IN2SCNDRY_IN_cdc_to/D
                            (rising edge-triggered cell FDRE clocked by clk_fpga_0  {rise@0.000ns fall@10.000ns period=20.000ns})
  Path Group:             (none)
  Path Type:              Hold (Min at Fast Process Corner)
  Data Path Delay:        0.269ns  (logic 0.164ns (60.928%)  route 0.105ns (39.072%))
  Logic Levels:           0  
  Clock Path Skew:        0.294ns (DCD - SCD - CPR)
    Destination Clock Delay (DCD):    1.178ns
    Source Clock Delay      (SCD):    0.884ns
    Clock Pessimism Removal (CPR):    -0.000ns
  Clock Uncertainty:      0.302ns  ((TSJ^2 + TIJ^2)^1/2 + DJ) / 2 + PE
    Total System Jitter     (TSJ):    0.071ns
    Total Input Jitter      (TIJ):    0.600ns
    Discrete Jitter          (DJ):    0.000ns
    Phase Error              (PE):    0.000ns
  Timing Exception:       False Path

    Location             Delay type                Incr(ns)  Path(ns)    Netlist Resource(s)
  -------------------------------------------------------------------    -------------------
                         (clock clk_fpga_0 rise edge)
                                                      0.000     0.000 r  
    PS7_X0Y0             PS7                          0.000     0.000 r  design_1_i/processing_system7_0/inst/PS7_i/FCLKCLK[0]
                         net (fo=1, routed)           0.310     0.310    design_1_i/processing_system7_0/inst/FCLK_CLK_unbuffered[0]
    BUFGCTRL_X0Y16       BUFG (Prop_bufg_I_O)         0.026     0.336 r  design_1_i/processing_system7_0/inst/buffer_fclk_clk_0.FCLK_CLK_0_BUFG/O
                         net (fo=4892, routed)        0.548     0.884    design_1_i/axi_dma_0/U0/I_AXI_DMA_REG_MODULE/GEN_AXI_LITE_IF.AXI_LITE_IF_I/s_axi_lite_aclk
    SLICE_X32Y77         FDRE                                         r  design_1_i/axi_dma_0/U0/I_AXI_DMA_REG_MODULE/GEN_AXI_LITE_IF.AXI_LITE_IF_I/GEN_ASYNC_WRITE.rdy_to2_cdc_from_reg/C
  -------------------------------------------------------------------    -------------------
    SLICE_X32Y77         FDRE (Prop_fdre_C_Q)         0.164     1.048 r  design_1_i/axi_dma_0/U0/I_AXI_DMA_REG_MODULE/GEN_AXI_LITE_IF.AXI_LITE_IF_I/GEN_ASYNC_WRITE.rdy_to2_cdc_from_reg/Q
                         net (fo=1, routed)           0.105     1.153    design_1_i/axi_dma_0/U0/I_AXI_DMA_REG_MODULE/GEN_AXI_LITE_IF.AXI_LITE_IF_I/GEN_ASYNC_WRITE.REG3_WREADY/prmry_in
    SLICE_X33Y77         FDRE                                         r  design_1_i/axi_dma_0/U0/I_AXI_DMA_REG_MODULE/GEN_AXI_LITE_IF.AXI_LITE_IF_I/GEN_ASYNC_WRITE.REG3_WREADY/GENERATE_LEVEL_P_S_CDC.SINGLE_BIT.CROSS_PLEVEL_IN2SCNDRY_IN_cdc_to/D
  -------------------------------------------------------------------    -------------------

                         (clock clk_fpga_0 rise edge)
                                                      0.000     0.000 r  
    PS7_X0Y0             PS7                          0.000     0.000 r  design_1_i/processing_system7_0/inst/PS7_i/FCLKCLK[0]
                         net (fo=1, routed)           0.337     0.337    design_1_i/processing_system7_0/inst/FCLK_CLK_unbuffered[0]
    BUFGCTRL_X0Y16       BUFG (Prop_bufg_I_O)         0.029     0.366 r  design_1_i/processing_system7_0/inst/buffer_fclk_clk_0.FCLK_CLK_0_BUFG/O
                         net (fo=4892, routed)        0.812     1.178    design_1_i/axi_dma_0/U0/I_AXI_DMA_REG_MODULE/GEN_AXI_LITE_IF.AXI_LITE_IF_I/GEN_ASYNC_WRITE.REG3_WREADY/m_axi_sg_aclk
    SLICE_X33Y77         FDRE                                         r  design_1_i/axi_dma_0/U0/I_AXI_DMA_REG_MODULE/GEN_AXI_LITE_IF.AXI_LITE_IF_I/GEN_ASYNC_WRITE.REG3_WREADY/GENERATE_LEVEL_P_S_CDC.SINGLE_BIT.CROSS_PLEVEL_IN2SCNDRY_IN_cdc_to/C

Slack:                    inf
  Source:                 design_1_i/axi_dma_0/U0/I_AXI_DMA_REG_MODULE/GEN_AXI_LITE_IF.AXI_LITE_IF_I/GEN_ASYNC_READ.lite_rdata_cdc_from_reg[18]/C
                            (rising edge-triggered cell FDRE clocked by clk_fpga_0  {rise@0.000ns fall@10.000ns period=20.000ns})
  Destination:            design_1_i/axi_dma_0/U0/I_AXI_DMA_REG_MODULE/GEN_AXI_LITE_IF.AXI_LITE_IF_I/GEN_ASYNC_READ.REG_DATA2LITE_CLOCK/GENERATE_LEVEL_P_S_CDC.MULTI_BIT.FOR_IN_cdc_to[18].CROSS2_PLEVEL_IN2SCNDRY_IN_cdc_to/D
                            (rising edge-triggered cell FDRE clocked by clk_fpga_0  {rise@0.000ns fall@10.000ns period=20.000ns})
  Path Group:             (none)
  Path Type:              Hold (Min at Fast Process Corner)
  Data Path Delay:        0.301ns  (logic 0.141ns (46.836%)  route 0.160ns (53.164%))
  Logic Levels:           0  
  Clock Path Skew:        0.295ns (DCD - SCD - CPR)
    Destination Clock Delay (DCD):    1.183ns
    Source Clock Delay      (SCD):    0.888ns
    Clock Pessimism Removal (CPR):    -0.000ns
  Clock Uncertainty:      0.302ns  ((TSJ^2 + TIJ^2)^1/2 + DJ) / 2 + PE
    Total System Jitter     (TSJ):    0.071ns
    Total Input Jitter      (TIJ):    0.600ns
    Discrete Jitter          (DJ):    0.000ns
    Phase Error              (PE):    0.000ns
  Timing Exception:       False Path

    Location             Delay type                Incr(ns)  Path(ns)    Netlist Resource(s)
  -------------------------------------------------------------------    -------------------
                         (clock clk_fpga_0 rise edge)
                                                      0.000     0.000 r  
    PS7_X0Y0             PS7                          0.000     0.000 r  design_1_i/processing_system7_0/inst/PS7_i/FCLKCLK[0]
                         net (fo=1, routed)           0.310     0.310    design_1_i/processing_system7_0/inst/FCLK_CLK_unbuffered[0]
    BUFGCTRL_X0Y16       BUFG (Prop_bufg_I_O)         0.026     0.336 r  design_1_i/processing_system7_0/inst/buffer_fclk_clk_0.FCLK_CLK_0_BUFG/O
                         net (fo=4892, routed)        0.552     0.888    design_1_i/axi_dma_0/U0/I_AXI_DMA_REG_MODULE/GEN_AXI_LITE_IF.AXI_LITE_IF_I/m_axi_sg_aclk
    SLICE_X39Y65         FDRE                                         r  design_1_i/axi_dma_0/U0/I_AXI_DMA_REG_MODULE/GEN_AXI_LITE_IF.AXI_LITE_IF_I/GEN_ASYNC_READ.lite_rdata_cdc_from_reg[18]/C
  -------------------------------------------------------------------    -------------------
    SLICE_X39Y65         FDRE (Prop_fdre_C_Q)         0.141     1.029 r  design_1_i/axi_dma_0/U0/I_AXI_DMA_REG_MODULE/GEN_AXI_LITE_IF.AXI_LITE_IF_I/GEN_ASYNC_READ.lite_rdata_cdc_from_reg[18]/Q
                         net (fo=1, routed)           0.160     1.189    design_1_i/axi_dma_0/U0/I_AXI_DMA_REG_MODULE/GEN_AXI_LITE_IF.AXI_LITE_IF_I/GEN_ASYNC_READ.REG_DATA2LITE_CLOCK/Q[18]
    SLICE_X39Y66         FDRE                                         r  design_1_i/axi_dma_0/U0/I_AXI_DMA_REG_MODULE/GEN_AXI_LITE_IF.AXI_LITE_IF_I/GEN_ASYNC_READ.REG_DATA2LITE_CLOCK/GENERATE_LEVEL_P_S_CDC.MULTI_BIT.FOR_IN_cdc_to[18].CROSS2_PLEVEL_IN2SCNDRY_IN_cdc_to/D
  -------------------------------------------------------------------    -------------------

                         (clock clk_fpga_0 rise edge)
                                                      0.000     0.000 r  
    PS7_X0Y0             PS7                          0.000     0.000 r  design_1_i/processing_system7_0/inst/PS7_i/FCLKCLK[0]
                         net (fo=1, routed)           0.337     0.337    design_1_i/processing_system7_0/inst/FCLK_CLK_unbuffered[0]
    BUFGCTRL_X0Y16       BUFG (Prop_bufg_I_O)         0.029     0.366 r  design_1_i/processing_system7_0/inst/buffer_fclk_clk_0.FCLK_CLK_0_BUFG/O
                         net (fo=4892, routed)        0.817     1.183    design_1_i/axi_dma_0/U0/I_AXI_DMA_REG_MODULE/GEN_AXI_LITE_IF.AXI_LITE_IF_I/GEN_ASYNC_READ.REG_DATA2LITE_CLOCK/s_axi_lite_aclk
    SLICE_X39Y66         FDRE                                         r  design_1_i/axi_dma_0/U0/I_AXI_DMA_REG_MODULE/GEN_AXI_LITE_IF.AXI_LITE_IF_I/GEN_ASYNC_READ.REG_DATA2LITE_CLOCK/GENERATE_LEVEL_P_S_CDC.MULTI_BIT.FOR_IN_cdc_to[18].CROSS2_PLEVEL_IN2SCNDRY_IN_cdc_to/C

Slack:                    inf
  Source:                 design_1_i/axi_dma_0/U0/I_RST_MODULE/GEN_RESET_FOR_S2MM.RESET_I/GEN_ASYNC_RESET.halt_cmplt_reg_reg/C
                            (rising edge-triggered cell FDRE clocked by clk_fpga_0  {rise@0.000ns fall@10.000ns period=20.000ns})
  Destination:            design_1_i/axi_dma_0/U0/I_RST_MODULE/GEN_RESET_FOR_S2MM.RESET_I/GEN_ASYNC_RESET.REG_HALT_CMPLT_IN/GENERATE_LEVEL_P_S_CDC.SINGLE_BIT.CROSS_PLEVEL_IN2SCNDRY_IN_cdc_to/D
                            (rising edge-triggered cell FDRE clocked by clk_fpga_0  {rise@0.000ns fall@10.000ns period=20.000ns})
  Path Group:             (none)
  Path Type:              Hold (Min at Fast Process Corner)
  Data Path Delay:        0.306ns  (logic 0.141ns (46.005%)  route 0.165ns (53.995%))
  Logic Levels:           0  
  Clock Path Skew:        0.296ns (DCD - SCD - CPR)
    Destination Clock Delay (DCD):    1.183ns
    Source Clock Delay      (SCD):    0.887ns
    Clock Pessimism Removal (CPR):    -0.000ns
  Clock Uncertainty:      0.302ns  ((TSJ^2 + TIJ^2)^1/2 + DJ) / 2 + PE
    Total System Jitter     (TSJ):    0.071ns
    Total Input Jitter      (TIJ):    0.600ns
    Discrete Jitter          (DJ):    0.000ns
    Phase Error              (PE):    0.000ns
  Timing Exception:       False Path

    Location             Delay type                Incr(ns)  Path(ns)    Netlist Resource(s)
  -------------------------------------------------------------------    -------------------
                         (clock clk_fpga_0 rise edge)
                                                      0.000     0.000 r  
    PS7_X0Y0             PS7                          0.000     0.000 r  design_1_i/processing_system7_0/inst/PS7_i/FCLKCLK[0]
                         net (fo=1, routed)           0.310     0.310    design_1_i/processing_system7_0/inst/FCLK_CLK_unbuffered[0]
    BUFGCTRL_X0Y16       BUFG (Prop_bufg_I_O)         0.026     0.336 r  design_1_i/processing_system7_0/inst/buffer_fclk_clk_0.FCLK_CLK_0_BUFG/O
                         net (fo=4892, routed)        0.551     0.887    design_1_i/axi_dma_0/U0/I_RST_MODULE/GEN_RESET_FOR_S2MM.RESET_I/m_axi_s2mm_aclk
    SLICE_X45Y66         FDRE                                         r  design_1_i/axi_dma_0/U0/I_RST_MODULE/GEN_RESET_FOR_S2MM.RESET_I/GEN_ASYNC_RESET.halt_cmplt_reg_reg/C
  -------------------------------------------------------------------    -------------------
    SLICE_X45Y66         FDRE (Prop_fdre_C_Q)         0.141     1.028 r  design_1_i/axi_dma_0/U0/I_RST_MODULE/GEN_RESET_FOR_S2MM.RESET_I/GEN_ASYNC_RESET.halt_cmplt_reg_reg/Q
                         net (fo=1, routed)           0.165     1.193    design_1_i/axi_dma_0/U0/I_RST_MODULE/GEN_RESET_FOR_S2MM.RESET_I/GEN_ASYNC_RESET.REG_HALT_CMPLT_IN/prmry_in
    SLICE_X45Y66         FDRE                                         r  design_1_i/axi_dma_0/U0/I_RST_MODULE/GEN_RESET_FOR_S2MM.RESET_I/GEN_ASYNC_RESET.REG_HALT_CMPLT_IN/GENERATE_LEVEL_P_S_CDC.SINGLE_BIT.CROSS_PLEVEL_IN2SCNDRY_IN_cdc_to/D
  -------------------------------------------------------------------    -------------------

                         (clock clk_fpga_0 rise edge)
                                                      0.000     0.000 r  
    PS7_X0Y0             PS7                          0.000     0.000 r  design_1_i/processing_system7_0/inst/PS7_i/FCLKCLK[0]
                         net (fo=1, routed)           0.337     0.337    design_1_i/processing_system7_0/inst/FCLK_CLK_unbuffered[0]
    BUFGCTRL_X0Y16       BUFG (Prop_bufg_I_O)         0.029     0.366 r  design_1_i/processing_system7_0/inst/buffer_fclk_clk_0.FCLK_CLK_0_BUFG/O
                         net (fo=4892, routed)        0.817     1.183    design_1_i/axi_dma_0/U0/I_RST_MODULE/GEN_RESET_FOR_S2MM.RESET_I/GEN_ASYNC_RESET.REG_HALT_CMPLT_IN/m_axi_sg_aclk
    SLICE_X45Y66         FDRE                                         r  design_1_i/axi_dma_0/U0/I_RST_MODULE/GEN_RESET_FOR_S2MM.RESET_I/GEN_ASYNC_RESET.REG_HALT_CMPLT_IN/GENERATE_LEVEL_P_S_CDC.SINGLE_BIT.CROSS_PLEVEL_IN2SCNDRY_IN_cdc_to/C

Slack:                    inf
  Source:                 design_1_i/axi_dma_0/U0/I_AXI_DMA_REG_MODULE/GEN_S2MM_REGISTERS.I_S2MM_DMA_REGISTER/introut_reg/C
                            (rising edge-triggered cell FDRE clocked by clk_fpga_0  {rise@0.000ns fall@10.000ns period=20.000ns})
  Destination:            design_1_i/axi_dma_0/U0/I_AXI_DMA_REG_MODULE/GEN_S2MM_REGISTERS.GEN_INTROUT_ASYNC.PROC_REG_INTR2LITE/GENERATE_LEVEL_P_S_CDC.SINGLE_BIT.CROSS_PLEVEL_IN2SCNDRY_IN_cdc_to/D
                            (rising edge-triggered cell FDRE clocked by clk_fpga_0  {rise@0.000ns fall@10.000ns period=20.000ns})
  Path Group:             (none)
  Path Type:              Hold (Min at Fast Process Corner)
  Data Path Delay:        0.320ns  (logic 0.141ns (44.059%)  route 0.179ns (55.941%))
  Logic Levels:           0  
  Clock Path Skew:        0.295ns (DCD - SCD - CPR)
    Destination Clock Delay (DCD):    1.174ns
    Source Clock Delay      (SCD):    0.879ns
    Clock Pessimism Removal (CPR):    -0.000ns
  Clock Uncertainty:      0.302ns  ((TSJ^2 + TIJ^2)^1/2 + DJ) / 2 + PE
    Total System Jitter     (TSJ):    0.071ns
    Total Input Jitter      (TIJ):    0.600ns
    Discrete Jitter          (DJ):    0.000ns
    Phase Error              (PE):    0.000ns
  Timing Exception:       False Path

    Location             Delay type                Incr(ns)  Path(ns)    Netlist Resource(s)
  -------------------------------------------------------------------    -------------------
                         (clock clk_fpga_0 rise edge)
                                                      0.000     0.000 r  
    PS7_X0Y0             PS7                          0.000     0.000 r  design_1_i/processing_system7_0/inst/PS7_i/FCLKCLK[0]
                         net (fo=1, routed)           0.310     0.310    design_1_i/processing_system7_0/inst/FCLK_CLK_unbuffered[0]
    BUFGCTRL_X0Y16       BUFG (Prop_bufg_I_O)         0.026     0.336 r  design_1_i/processing_system7_0/inst/buffer_fclk_clk_0.FCLK_CLK_0_BUFG/O
                         net (fo=4892, routed)        0.543     0.879    design_1_i/axi_dma_0/U0/I_AXI_DMA_REG_MODULE/GEN_S2MM_REGISTERS.I_S2MM_DMA_REGISTER/m_axi_sg_aclk
    SLICE_X41Y74         FDRE                                         r  design_1_i/axi_dma_0/U0/I_AXI_DMA_REG_MODULE/GEN_S2MM_REGISTERS.I_S2MM_DMA_REGISTER/introut_reg/C
  -------------------------------------------------------------------    -------------------
    SLICE_X41Y74         FDRE (Prop_fdre_C_Q)         0.141     1.020 r  design_1_i/axi_dma_0/U0/I_AXI_DMA_REG_MODULE/GEN_S2MM_REGISTERS.I_S2MM_DMA_REGISTER/introut_reg/Q
                         net (fo=1, routed)           0.179     1.199    design_1_i/axi_dma_0/U0/I_AXI_DMA_REG_MODULE/GEN_S2MM_REGISTERS.GEN_INTROUT_ASYNC.PROC_REG_INTR2LITE/prmry_in
    SLICE_X40Y74         FDRE                                         r  design_1_i/axi_dma_0/U0/I_AXI_DMA_REG_MODULE/GEN_S2MM_REGISTERS.GEN_INTROUT_ASYNC.PROC_REG_INTR2LITE/GENERATE_LEVEL_P_S_CDC.SINGLE_BIT.CROSS_PLEVEL_IN2SCNDRY_IN_cdc_to/D
  -------------------------------------------------------------------    -------------------

                         (clock clk_fpga_0 rise edge)
                                                      0.000     0.000 r  
    PS7_X0Y0             PS7                          0.000     0.000 r  design_1_i/processing_system7_0/inst/PS7_i/FCLKCLK[0]
                         net (fo=1, routed)           0.337     0.337    design_1_i/processing_system7_0/inst/FCLK_CLK_unbuffered[0]
    BUFGCTRL_X0Y16       BUFG (Prop_bufg_I_O)         0.029     0.366 r  design_1_i/processing_system7_0/inst/buffer_fclk_clk_0.FCLK_CLK_0_BUFG/O
                         net (fo=4892, routed)        0.808     1.174    design_1_i/axi_dma_0/U0/I_AXI_DMA_REG_MODULE/GEN_S2MM_REGISTERS.GEN_INTROUT_ASYNC.PROC_REG_INTR2LITE/s_axi_lite_aclk
    SLICE_X40Y74         FDRE                                         r  design_1_i/axi_dma_0/U0/I_AXI_DMA_REG_MODULE/GEN_S2MM_REGISTERS.GEN_INTROUT_ASYNC.PROC_REG_INTR2LITE/GENERATE_LEVEL_P_S_CDC.SINGLE_BIT.CROSS_PLEVEL_IN2SCNDRY_IN_cdc_to/C

Slack:                    inf
  Source:                 design_1_i/axi_dma_0/U0/I_AXI_DMA_REG_MODULE/GEN_AXI_LITE_IF.AXI_LITE_IF_I/GEN_ASYNC_READ.lite_rdata_cdc_from_reg[20]/C
                            (rising edge-triggered cell FDRE clocked by clk_fpga_0  {rise@0.000ns fall@10.000ns period=20.000ns})
  Destination:            design_1_i/axi_dma_0/U0/I_AXI_DMA_REG_MODULE/GEN_AXI_LITE_IF.AXI_LITE_IF_I/GEN_ASYNC_READ.REG_DATA2LITE_CLOCK/GENERATE_LEVEL_P_S_CDC.MULTI_BIT.FOR_IN_cdc_to[20].CROSS2_PLEVEL_IN2SCNDRY_IN_cdc_to/D
                            (rising edge-triggered cell FDRE clocked by clk_fpga_0  {rise@0.000ns fall@10.000ns period=20.000ns})
  Path Group:             (none)
  Path Type:              Hold (Min at Fast Process Corner)
  Data Path Delay:        0.319ns  (logic 0.164ns (51.403%)  route 0.155ns (48.597%))
  Logic Levels:           0  
  Clock Path Skew:        0.295ns (DCD - SCD - CPR)
    Destination Clock Delay (DCD):    1.182ns
    Source Clock Delay      (SCD):    0.887ns
    Clock Pessimism Removal (CPR):    -0.000ns
  Clock Uncertainty:      0.302ns  ((TSJ^2 + TIJ^2)^1/2 + DJ) / 2 + PE
    Total System Jitter     (TSJ):    0.071ns
    Total Input Jitter      (TIJ):    0.600ns
    Discrete Jitter          (DJ):    0.000ns
    Phase Error              (PE):    0.000ns
  Timing Exception:       False Path

    Location             Delay type                Incr(ns)  Path(ns)    Netlist Resource(s)
  -------------------------------------------------------------------    -------------------
                         (clock clk_fpga_0 rise edge)
                                                      0.000     0.000 r  
    PS7_X0Y0             PS7                          0.000     0.000 r  design_1_i/processing_system7_0/inst/PS7_i/FCLKCLK[0]
                         net (fo=1, routed)           0.310     0.310    design_1_i/processing_system7_0/inst/FCLK_CLK_unbuffered[0]
    BUFGCTRL_X0Y16       BUFG (Prop_bufg_I_O)         0.026     0.336 r  design_1_i/processing_system7_0/inst/buffer_fclk_clk_0.FCLK_CLK_0_BUFG/O
                         net (fo=4892, routed)        0.551     0.887    design_1_i/axi_dma_0/U0/I_AXI_DMA_REG_MODULE/GEN_AXI_LITE_IF.AXI_LITE_IF_I/m_axi_sg_aclk
    SLICE_X38Y66         FDRE                                         r  design_1_i/axi_dma_0/U0/I_AXI_DMA_REG_MODULE/GEN_AXI_LITE_IF.AXI_LITE_IF_I/GEN_ASYNC_READ.lite_rdata_cdc_from_reg[20]/C
  -------------------------------------------------------------------    -------------------
    SLICE_X38Y66         FDRE (Prop_fdre_C_Q)         0.164     1.051 r  design_1_i/axi_dma_0/U0/I_AXI_DMA_REG_MODULE/GEN_AXI_LITE_IF.AXI_LITE_IF_I/GEN_ASYNC_READ.lite_rdata_cdc_from_reg[20]/Q
                         net (fo=1, routed)           0.155     1.206    design_1_i/axi_dma_0/U0/I_AXI_DMA_REG_MODULE/GEN_AXI_LITE_IF.AXI_LITE_IF_I/GEN_ASYNC_READ.REG_DATA2LITE_CLOCK/Q[20]
    SLICE_X36Y67         FDRE                                         r  design_1_i/axi_dma_0/U0/I_AXI_DMA_REG_MODULE/GEN_AXI_LITE_IF.AXI_LITE_IF_I/GEN_ASYNC_READ.REG_DATA2LITE_CLOCK/GENERATE_LEVEL_P_S_CDC.MULTI_BIT.FOR_IN_cdc_to[20].CROSS2_PLEVEL_IN2SCNDRY_IN_cdc_to/D
  -------------------------------------------------------------------    -------------------

                         (clock clk_fpga_0 rise edge)
                                                      0.000     0.000 r  
    PS7_X0Y0             PS7                          0.000     0.000 r  design_1_i/processing_system7_0/inst/PS7_i/FCLKCLK[0]
                         net (fo=1, routed)           0.337     0.337    design_1_i/processing_system7_0/inst/FCLK_CLK_unbuffered[0]
    BUFGCTRL_X0Y16       BUFG (Prop_bufg_I_O)         0.029     0.366 r  design_1_i/processing_system7_0/inst/buffer_fclk_clk_0.FCLK_CLK_0_BUFG/O
                         net (fo=4892, routed)        0.816     1.182    design_1_i/axi_dma_0/U0/I_AXI_DMA_REG_MODULE/GEN_AXI_LITE_IF.AXI_LITE_IF_I/GEN_ASYNC_READ.REG_DATA2LITE_CLOCK/s_axi_lite_aclk
    SLICE_X36Y67         FDRE                                         r  design_1_i/axi_dma_0/U0/I_AXI_DMA_REG_MODULE/GEN_AXI_LITE_IF.AXI_LITE_IF_I/GEN_ASYNC_READ.REG_DATA2LITE_CLOCK/GENERATE_LEVEL_P_S_CDC.MULTI_BIT.FOR_IN_cdc_to[20].CROSS2_PLEVEL_IN2SCNDRY_IN_cdc_to/C

Slack:                    inf
  Source:                 design_1_i/axi_dma_0/U0/I_AXI_DMA_REG_MODULE/GEN_AXI_LITE_IF.AXI_LITE_IF_I/GEN_ASYNC_READ.lite_rdata_cdc_from_reg[17]/C
                            (rising edge-triggered cell FDRE clocked by clk_fpga_0  {rise@0.000ns fall@10.000ns period=20.000ns})
  Destination:            design_1_i/axi_dma_0/U0/I_AXI_DMA_REG_MODULE/GEN_AXI_LITE_IF.AXI_LITE_IF_I/GEN_ASYNC_READ.REG_DATA2LITE_CLOCK/GENERATE_LEVEL_P_S_CDC.MULTI_BIT.FOR_IN_cdc_to[17].CROSS2_PLEVEL_IN2SCNDRY_IN_cdc_to/D
                            (rising edge-triggered cell FDRE clocked by clk_fpga_0  {rise@0.000ns fall@10.000ns period=20.000ns})
  Path Group:             (none)
  Path Type:              Hold (Min at Fast Process Corner)
  Data Path Delay:        0.332ns  (logic 0.141ns (42.523%)  route 0.191ns (57.477%))
  Logic Levels:           0  
  Clock Path Skew:        0.297ns (DCD - SCD - CPR)
    Destination Clock Delay (DCD):    1.184ns
    Source Clock Delay      (SCD):    0.887ns
    Clock Pessimism Removal (CPR):    -0.000ns
  Clock Uncertainty:      0.302ns  ((TSJ^2 + TIJ^2)^1/2 + DJ) / 2 + PE
    Total System Jitter     (TSJ):    0.071ns
    Total Input Jitter      (TIJ):    0.600ns
    Discrete Jitter          (DJ):    0.000ns
    Phase Error              (PE):    0.000ns
  Timing Exception:       False Path

    Location             Delay type                Incr(ns)  Path(ns)    Netlist Resource(s)
  -------------------------------------------------------------------    -------------------
                         (clock clk_fpga_0 rise edge)
                                                      0.000     0.000 r  
    PS7_X0Y0             PS7                          0.000     0.000 r  design_1_i/processing_system7_0/inst/PS7_i/FCLKCLK[0]
                         net (fo=1, routed)           0.310     0.310    design_1_i/processing_system7_0/inst/FCLK_CLK_unbuffered[0]
    BUFGCTRL_X0Y16       BUFG (Prop_bufg_I_O)         0.026     0.336 r  design_1_i/processing_system7_0/inst/buffer_fclk_clk_0.FCLK_CLK_0_BUFG/O
                         net (fo=4892, routed)        0.551     0.887    design_1_i/axi_dma_0/U0/I_AXI_DMA_REG_MODULE/GEN_AXI_LITE_IF.AXI_LITE_IF_I/m_axi_sg_aclk
    SLICE_X37Y66         FDRE                                         r  design_1_i/axi_dma_0/U0/I_AXI_DMA_REG_MODULE/GEN_AXI_LITE_IF.AXI_LITE_IF_I/GEN_ASYNC_READ.lite_rdata_cdc_from_reg[17]/C
  -------------------------------------------------------------------    -------------------
    SLICE_X37Y66         FDRE (Prop_fdre_C_Q)         0.141     1.028 r  design_1_i/axi_dma_0/U0/I_AXI_DMA_REG_MODULE/GEN_AXI_LITE_IF.AXI_LITE_IF_I/GEN_ASYNC_READ.lite_rdata_cdc_from_reg[17]/Q
                         net (fo=1, routed)           0.191     1.218    design_1_i/axi_dma_0/U0/I_AXI_DMA_REG_MODULE/GEN_AXI_LITE_IF.AXI_LITE_IF_I/GEN_ASYNC_READ.REG_DATA2LITE_CLOCK/Q[17]
    SLICE_X32Y66         FDRE                                         r  design_1_i/axi_dma_0/U0/I_AXI_DMA_REG_MODULE/GEN_AXI_LITE_IF.AXI_LITE_IF_I/GEN_ASYNC_READ.REG_DATA2LITE_CLOCK/GENERATE_LEVEL_P_S_CDC.MULTI_BIT.FOR_IN_cdc_to[17].CROSS2_PLEVEL_IN2SCNDRY_IN_cdc_to/D
  -------------------------------------------------------------------    -------------------

                         (clock clk_fpga_0 rise edge)
                                                      0.000     0.000 r  
    PS7_X0Y0             PS7                          0.000     0.000 r  design_1_i/processing_system7_0/inst/PS7_i/FCLKCLK[0]
                         net (fo=1, routed)           0.337     0.337    design_1_i/processing_system7_0/inst/FCLK_CLK_unbuffered[0]
    BUFGCTRL_X0Y16       BUFG (Prop_bufg_I_O)         0.029     0.366 r  design_1_i/processing_system7_0/inst/buffer_fclk_clk_0.FCLK_CLK_0_BUFG/O
                         net (fo=4892, routed)        0.818     1.184    design_1_i/axi_dma_0/U0/I_AXI_DMA_REG_MODULE/GEN_AXI_LITE_IF.AXI_LITE_IF_I/GEN_ASYNC_READ.REG_DATA2LITE_CLOCK/s_axi_lite_aclk
    SLICE_X32Y66         FDRE                                         r  design_1_i/axi_dma_0/U0/I_AXI_DMA_REG_MODULE/GEN_AXI_LITE_IF.AXI_LITE_IF_I/GEN_ASYNC_READ.REG_DATA2LITE_CLOCK/GENERATE_LEVEL_P_S_CDC.MULTI_BIT.FOR_IN_cdc_to[17].CROSS2_PLEVEL_IN2SCNDRY_IN_cdc_to/C

Slack:                    inf
  Source:                 design_1_i/axi_dma_0/U0/I_AXI_DMA_REG_MODULE/GEN_AXI_LITE_IF.AXI_LITE_IF_I/GEN_ASYNC_READ.lite_rdata_cdc_from_reg[23]/C
                            (rising edge-triggered cell FDRE clocked by clk_fpga_0  {rise@0.000ns fall@10.000ns period=20.000ns})
  Destination:            design_1_i/axi_dma_0/U0/I_AXI_DMA_REG_MODULE/GEN_AXI_LITE_IF.AXI_LITE_IF_I/GEN_ASYNC_READ.REG_DATA2LITE_CLOCK/GENERATE_LEVEL_P_S_CDC.MULTI_BIT.FOR_IN_cdc_to[23].CROSS2_PLEVEL_IN2SCNDRY_IN_cdc_to/D
                            (rising edge-triggered cell FDRE clocked by clk_fpga_0  {rise@0.000ns fall@10.000ns period=20.000ns})
  Path Group:             (none)
  Path Type:              Hold (Min at Fast Process Corner)
  Data Path Delay:        0.337ns  (logic 0.141ns (41.828%)  route 0.196ns (58.172%))
  Logic Levels:           0  
  Clock Path Skew:        0.297ns (DCD - SCD - CPR)
    Destination Clock Delay (DCD):    1.183ns
    Source Clock Delay      (SCD):    0.886ns
    Clock Pessimism Removal (CPR):    -0.000ns
  Clock Uncertainty:      0.302ns  ((TSJ^2 + TIJ^2)^1/2 + DJ) / 2 + PE
    Total System Jitter     (TSJ):    0.071ns
    Total Input Jitter      (TIJ):    0.600ns
    Discrete Jitter          (DJ):    0.000ns
    Phase Error              (PE):    0.000ns
  Timing Exception:       False Path

    Location             Delay type                Incr(ns)  Path(ns)    Netlist Resource(s)
  -------------------------------------------------------------------    -------------------
                         (clock clk_fpga_0 rise edge)
                                                      0.000     0.000 r  
    PS7_X0Y0             PS7                          0.000     0.000 r  design_1_i/processing_system7_0/inst/PS7_i/FCLKCLK[0]
                         net (fo=1, routed)           0.310     0.310    design_1_i/processing_system7_0/inst/FCLK_CLK_unbuffered[0]
    BUFGCTRL_X0Y16       BUFG (Prop_bufg_I_O)         0.026     0.336 r  design_1_i/processing_system7_0/inst/buffer_fclk_clk_0.FCLK_CLK_0_BUFG/O
                         net (fo=4892, routed)        0.550     0.886    design_1_i/axi_dma_0/U0/I_AXI_DMA_REG_MODULE/GEN_AXI_LITE_IF.AXI_LITE_IF_I/m_axi_sg_aclk
    SLICE_X40Y67         FDRE                                         r  design_1_i/axi_dma_0/U0/I_AXI_DMA_REG_MODULE/GEN_AXI_LITE_IF.AXI_LITE_IF_I/GEN_ASYNC_READ.lite_rdata_cdc_from_reg[23]/C
  -------------------------------------------------------------------    -------------------
    SLICE_X40Y67         FDRE (Prop_fdre_C_Q)         0.141     1.027 r  design_1_i/axi_dma_0/U0/I_AXI_DMA_REG_MODULE/GEN_AXI_LITE_IF.AXI_LITE_IF_I/GEN_ASYNC_READ.lite_rdata_cdc_from_reg[23]/Q
                         net (fo=1, routed)           0.196     1.223    design_1_i/axi_dma_0/U0/I_AXI_DMA_REG_MODULE/GEN_AXI_LITE_IF.AXI_LITE_IF_I/GEN_ASYNC_READ.REG_DATA2LITE_CLOCK/Q[23]
    SLICE_X34Y67         FDRE                                         r  design_1_i/axi_dma_0/U0/I_AXI_DMA_REG_MODULE/GEN_AXI_LITE_IF.AXI_LITE_IF_I/GEN_ASYNC_READ.REG_DATA2LITE_CLOCK/GENERATE_LEVEL_P_S_CDC.MULTI_BIT.FOR_IN_cdc_to[23].CROSS2_PLEVEL_IN2SCNDRY_IN_cdc_to/D
  -------------------------------------------------------------------    -------------------

                         (clock clk_fpga_0 rise edge)
                                                      0.000     0.000 r  
    PS7_X0Y0             PS7                          0.000     0.000 r  design_1_i/processing_system7_0/inst/PS7_i/FCLKCLK[0]
                         net (fo=1, routed)           0.337     0.337    design_1_i/processing_system7_0/inst/FCLK_CLK_unbuffered[0]
    BUFGCTRL_X0Y16       BUFG (Prop_bufg_I_O)         0.029     0.366 r  design_1_i/processing_system7_0/inst/buffer_fclk_clk_0.FCLK_CLK_0_BUFG/O
                         net (fo=4892, routed)        0.817     1.183    design_1_i/axi_dma_0/U0/I_AXI_DMA_REG_MODULE/GEN_AXI_LITE_IF.AXI_LITE_IF_I/GEN_ASYNC_READ.REG_DATA2LITE_CLOCK/s_axi_lite_aclk
    SLICE_X34Y67         FDRE                                         r  design_1_i/axi_dma_0/U0/I_AXI_DMA_REG_MODULE/GEN_AXI_LITE_IF.AXI_LITE_IF_I/GEN_ASYNC_READ.REG_DATA2LITE_CLOCK/GENERATE_LEVEL_P_S_CDC.MULTI_BIT.FOR_IN_cdc_to[23].CROSS2_PLEVEL_IN2SCNDRY_IN_cdc_to/C

Slack:                    inf
  Source:                 design_1_i/axi_dma_0/U0/I_AXI_DMA_REG_MODULE/GEN_AXI_LITE_IF.AXI_LITE_IF_I/GEN_ASYNC_READ.lite_rdata_cdc_from_reg[14]/C
                            (rising edge-triggered cell FDRE clocked by clk_fpga_0  {rise@0.000ns fall@10.000ns period=20.000ns})
  Destination:            design_1_i/axi_dma_0/U0/I_AXI_DMA_REG_MODULE/GEN_AXI_LITE_IF.AXI_LITE_IF_I/GEN_ASYNC_READ.REG_DATA2LITE_CLOCK/GENERATE_LEVEL_P_S_CDC.MULTI_BIT.FOR_IN_cdc_to[14].CROSS2_PLEVEL_IN2SCNDRY_IN_cdc_to/D
                            (rising edge-triggered cell FDRE clocked by clk_fpga_0  {rise@0.000ns fall@10.000ns period=20.000ns})
  Path Group:             (none)
  Path Type:              Hold (Min at Fast Process Corner)
  Data Path Delay:        0.337ns  (logic 0.141ns (41.828%)  route 0.196ns (58.172%))
  Logic Levels:           0  
  Clock Path Skew:        0.297ns (DCD - SCD - CPR)
    Destination Clock Delay (DCD):    1.185ns
    Source Clock Delay      (SCD):    0.888ns
    Clock Pessimism Removal (CPR):    -0.000ns
  Clock Uncertainty:      0.302ns  ((TSJ^2 + TIJ^2)^1/2 + DJ) / 2 + PE
    Total System Jitter     (TSJ):    0.071ns
    Total Input Jitter      (TIJ):    0.600ns
    Discrete Jitter          (DJ):    0.000ns
    Phase Error              (PE):    0.000ns
  Timing Exception:       False Path

    Location             Delay type                Incr(ns)  Path(ns)    Netlist Resource(s)
  -------------------------------------------------------------------    -------------------
                         (clock clk_fpga_0 rise edge)
                                                      0.000     0.000 r  
    PS7_X0Y0             PS7                          0.000     0.000 r  design_1_i/processing_system7_0/inst/PS7_i/FCLKCLK[0]
                         net (fo=1, routed)           0.310     0.310    design_1_i/processing_system7_0/inst/FCLK_CLK_unbuffered[0]
    BUFGCTRL_X0Y16       BUFG (Prop_bufg_I_O)         0.026     0.336 r  design_1_i/processing_system7_0/inst/buffer_fclk_clk_0.FCLK_CLK_0_BUFG/O
                         net (fo=4892, routed)        0.552     0.888    design_1_i/axi_dma_0/U0/I_AXI_DMA_REG_MODULE/GEN_AXI_LITE_IF.AXI_LITE_IF_I/m_axi_sg_aclk
    SLICE_X40Y65         FDRE                                         r  design_1_i/axi_dma_0/U0/I_AXI_DMA_REG_MODULE/GEN_AXI_LITE_IF.AXI_LITE_IF_I/GEN_ASYNC_READ.lite_rdata_cdc_from_reg[14]/C
  -------------------------------------------------------------------    -------------------
    SLICE_X40Y65         FDRE (Prop_fdre_C_Q)         0.141     1.029 r  design_1_i/axi_dma_0/U0/I_AXI_DMA_REG_MODULE/GEN_AXI_LITE_IF.AXI_LITE_IF_I/GEN_ASYNC_READ.lite_rdata_cdc_from_reg[14]/Q
                         net (fo=1, routed)           0.196     1.225    design_1_i/axi_dma_0/U0/I_AXI_DMA_REG_MODULE/GEN_AXI_LITE_IF.AXI_LITE_IF_I/GEN_ASYNC_READ.REG_DATA2LITE_CLOCK/Q[14]
    SLICE_X34Y65         FDRE                                         r  design_1_i/axi_dma_0/U0/I_AXI_DMA_REG_MODULE/GEN_AXI_LITE_IF.AXI_LITE_IF_I/GEN_ASYNC_READ.REG_DATA2LITE_CLOCK/GENERATE_LEVEL_P_S_CDC.MULTI_BIT.FOR_IN_cdc_to[14].CROSS2_PLEVEL_IN2SCNDRY_IN_cdc_to/D
  -------------------------------------------------------------------    -------------------

                         (clock clk_fpga_0 rise edge)
                                                      0.000     0.000 r  
    PS7_X0Y0             PS7                          0.000     0.000 r  design_1_i/processing_system7_0/inst/PS7_i/FCLKCLK[0]
                         net (fo=1, routed)           0.337     0.337    design_1_i/processing_system7_0/inst/FCLK_CLK_unbuffered[0]
    BUFGCTRL_X0Y16       BUFG (Prop_bufg_I_O)         0.029     0.366 r  design_1_i/processing_system7_0/inst/buffer_fclk_clk_0.FCLK_CLK_0_BUFG/O
                         net (fo=4892, routed)        0.819     1.185    design_1_i/axi_dma_0/U0/I_AXI_DMA_REG_MODULE/GEN_AXI_LITE_IF.AXI_LITE_IF_I/GEN_ASYNC_READ.REG_DATA2LITE_CLOCK/s_axi_lite_aclk
    SLICE_X34Y65         FDRE                                         r  design_1_i/axi_dma_0/U0/I_AXI_DMA_REG_MODULE/GEN_AXI_LITE_IF.AXI_LITE_IF_I/GEN_ASYNC_READ.REG_DATA2LITE_CLOCK/GENERATE_LEVEL_P_S_CDC.MULTI_BIT.FOR_IN_cdc_to[14].CROSS2_PLEVEL_IN2SCNDRY_IN_cdc_to/C





--------------------------------------------------------------------------------------
Path Group:  (none)
From Clock:  clk_out1_design_1_clk_wiz_0_0
  To Clock:  clk_fpga_0

Max Delay            42 Endpoints
Min Delay            42 Endpoints
--------------------------------------------------------------------------------------


Max Delay Paths
--------------------------------------------------------------------------------------
Slack:                    inf
  Source:                 design_1_i/axis_clock_converter_0/inst/gen_async_conv.axisc_async_clock_converter_0/xpm_fifo_async_inst/gnuram_async_fifo.xpm_fifo_base_inst/gen_sdpram.xpm_memory_base_inst/gen_wr_a.gen_word_narrow.mem_reg_0_31_6_11/RAMA/CLK
                            (rising edge-triggered cell RAMD32 clocked by clk_out1_design_1_clk_wiz_0_0  {rise@0.000ns fall@4.069ns period=8.138ns})
  Destination:            design_1_i/axis_clock_converter_0/inst/gen_async_conv.axisc_async_clock_converter_0/xpm_fifo_async_inst/gnuram_async_fifo.xpm_fifo_base_inst/gen_sdpram.xpm_memory_base_inst/gen_rd_b.doutb_reg_reg[6]/D
                            (rising edge-triggered cell FDRE clocked by clk_fpga_0  {rise@0.000ns fall@10.000ns period=20.000ns})
  Path Group:             (none)
  Path Type:              Setup (Max at Slow Process Corner)
  Data Path Delay:        2.461ns  (logic 1.344ns (54.620%)  route 1.117ns (45.380%))
  Logic Levels:           0  
  Clock Path Skew:        -2.254ns (DCD - SCD + CPR)
    Destination Clock Delay (DCD):    2.739ns
    Source Clock Delay      (SCD):    4.993ns
    Clock Pessimism Removal (CPR):    0.000ns
  Clock Uncertainty:      0.414ns  ((TSJ^2 + TIJ^2 + DJ^2)^1/2) / 2 + PE
    Total System Jitter     (TSJ):    0.071ns
    Total Input Jitter      (TIJ):    0.600ns
    Discrete Jitter          (DJ):    0.126ns
    Phase Error              (PE):    0.105ns
  Timing Exception:       Asynchronous Clock Groups

    Location             Delay type                Incr(ns)  Path(ns)    Netlist Resource(s)
  -------------------------------------------------------------------    -------------------
                         (clock clk_out1_design_1_clk_wiz_0_0 rise edge)
                                                      0.000     0.000 r  
    U18                                               0.000     0.000 r  CLK_IN_D_0_clk_p[0] (IN)
                         net (fo=0)                   0.000     0.000    design_1_i/util_ds_buf_0/U0/IBUF_DS_P[0]
    U18                  IBUFDS (Prop_ibufds_I_O)     0.951     0.951 r  design_1_i/util_ds_buf_0/U0/USE_IBUFDS.GEN_IBUFDS[0].IBUFDS_I/O
                         net (fo=1, routed)           2.205     3.156    design_1_i/clk_wiz_0/inst/clk_in1
    BUFGCTRL_X0Y17       BUFG (Prop_bufg_I_O)         0.102     3.258 r  design_1_i/clk_wiz_0/inst/clkin1_bufg/O
                         net (fo=1, routed)           1.831     5.089    design_1_i/clk_wiz_0/inst/clk_in1_design_1_clk_wiz_0_0
    PLLE2_ADV_X1Y0       PLLE2_ADV (Prop_plle2_adv_CLKIN1_CLKOUT0)
                                                     -3.812     1.277 r  design_1_i/clk_wiz_0/inst/plle2_adv_inst/CLKOUT0
                         net (fo=1, routed)           1.883     3.160    design_1_i/clk_wiz_0/inst/clk_out1_design_1_clk_wiz_0_0
    BUFGCTRL_X0Y0        BUFG (Prop_bufg_I_O)         0.101     3.261 r  design_1_i/clk_wiz_0/inst/clkout1_buf/O
                         net (fo=2997, routed)        1.732     4.993    design_1_i/axis_clock_converter_0/inst/gen_async_conv.axisc_async_clock_converter_0/xpm_fifo_async_inst/gnuram_async_fifo.xpm_fifo_base_inst/gen_sdpram.xpm_memory_base_inst/gen_wr_a.gen_word_narrow.mem_reg_0_31_6_11/WCLK
    SLICE_X30Y30         RAMD32                                       r  design_1_i/axis_clock_converter_0/inst/gen_async_conv.axisc_async_clock_converter_0/xpm_fifo_async_inst/gnuram_async_fifo.xpm_fifo_base_inst/gen_sdpram.xpm_memory_base_inst/gen_wr_a.gen_word_narrow.mem_reg_0_31_6_11/RAMA/CLK
  -------------------------------------------------------------------    -------------------
    SLICE_X30Y30         RAMD32 (Prop_ramd32_CLK_O)
                                                      1.344     6.337 r  design_1_i/axis_clock_converter_0/inst/gen_async_conv.axisc_async_clock_converter_0/xpm_fifo_async_inst/gnuram_async_fifo.xpm_fifo_base_inst/gen_sdpram.xpm_memory_base_inst/gen_wr_a.gen_word_narrow.mem_reg_0_31_6_11/RAMA/O
                         net (fo=1, routed)           1.117     7.454    design_1_i/axis_clock_converter_0/inst/gen_async_conv.axisc_async_clock_converter_0/xpm_fifo_async_inst/gnuram_async_fifo.xpm_fifo_base_inst/gen_sdpram.xpm_memory_base_inst/gen_rd_b.doutb_reg0[6]
    SLICE_X26Y28         FDRE                                         r  design_1_i/axis_clock_converter_0/inst/gen_async_conv.axisc_async_clock_converter_0/xpm_fifo_async_inst/gnuram_async_fifo.xpm_fifo_base_inst/gen_sdpram.xpm_memory_base_inst/gen_rd_b.doutb_reg_reg[6]/D
  -------------------------------------------------------------------    -------------------

                         (clock clk_fpga_0 rise edge)
                                                      0.000     0.000 r  
    PS7_X0Y0             PS7                          0.000     0.000 r  design_1_i/processing_system7_0/inst/PS7_i/FCLKCLK[0]
                         net (fo=1, routed)           1.088     1.088    design_1_i/processing_system7_0/inst/FCLK_CLK_unbuffered[0]
    BUFGCTRL_X0Y16       BUFG (Prop_bufg_I_O)         0.091     1.179 r  design_1_i/processing_system7_0/inst/buffer_fclk_clk_0.FCLK_CLK_0_BUFG/O
                         net (fo=4892, routed)        1.560     2.739    design_1_i/axis_clock_converter_0/inst/gen_async_conv.axisc_async_clock_converter_0/xpm_fifo_async_inst/gnuram_async_fifo.xpm_fifo_base_inst/gen_sdpram.xpm_memory_base_inst/clkb
    SLICE_X26Y28         FDRE                                         r  design_1_i/axis_clock_converter_0/inst/gen_async_conv.axisc_async_clock_converter_0/xpm_fifo_async_inst/gnuram_async_fifo.xpm_fifo_base_inst/gen_sdpram.xpm_memory_base_inst/gen_rd_b.doutb_reg_reg[6]/C

Slack:                    inf
  Source:                 design_1_i/axis_clock_converter_0/inst/gen_async_conv.axisc_async_clock_converter_0/xpm_fifo_async_inst/gnuram_async_fifo.xpm_fifo_base_inst/gen_sdpram.xpm_memory_base_inst/gen_wr_a.gen_word_narrow.mem_reg_0_31_6_11/RAMB/CLK
                            (rising edge-triggered cell RAMD32 clocked by clk_out1_design_1_clk_wiz_0_0  {rise@0.000ns fall@4.069ns period=8.138ns})
  Destination:            design_1_i/axis_clock_converter_0/inst/gen_async_conv.axisc_async_clock_converter_0/xpm_fifo_async_inst/gnuram_async_fifo.xpm_fifo_base_inst/gen_sdpram.xpm_memory_base_inst/gen_rd_b.doutb_reg_reg[8]/D
                            (rising edge-triggered cell FDRE clocked by clk_fpga_0  {rise@0.000ns fall@10.000ns period=20.000ns})
  Path Group:             (none)
  Path Type:              Setup (Max at Slow Process Corner)
  Data Path Delay:        2.455ns  (logic 1.343ns (54.695%)  route 1.112ns (45.305%))
  Logic Levels:           0  
  Clock Path Skew:        -2.254ns (DCD - SCD + CPR)
    Destination Clock Delay (DCD):    2.739ns
    Source Clock Delay      (SCD):    4.993ns
    Clock Pessimism Removal (CPR):    0.000ns
  Clock Uncertainty:      0.414ns  ((TSJ^2 + TIJ^2 + DJ^2)^1/2) / 2 + PE
    Total System Jitter     (TSJ):    0.071ns
    Total Input Jitter      (TIJ):    0.600ns
    Discrete Jitter          (DJ):    0.126ns
    Phase Error              (PE):    0.105ns
  Timing Exception:       Asynchronous Clock Groups

    Location             Delay type                Incr(ns)  Path(ns)    Netlist Resource(s)
  -------------------------------------------------------------------    -------------------
                         (clock clk_out1_design_1_clk_wiz_0_0 rise edge)
                                                      0.000     0.000 r  
    U18                                               0.000     0.000 r  CLK_IN_D_0_clk_p[0] (IN)
                         net (fo=0)                   0.000     0.000    design_1_i/util_ds_buf_0/U0/IBUF_DS_P[0]
    U18                  IBUFDS (Prop_ibufds_I_O)     0.951     0.951 r  design_1_i/util_ds_buf_0/U0/USE_IBUFDS.GEN_IBUFDS[0].IBUFDS_I/O
                         net (fo=1, routed)           2.205     3.156    design_1_i/clk_wiz_0/inst/clk_in1
    BUFGCTRL_X0Y17       BUFG (Prop_bufg_I_O)         0.102     3.258 r  design_1_i/clk_wiz_0/inst/clkin1_bufg/O
                         net (fo=1, routed)           1.831     5.089    design_1_i/clk_wiz_0/inst/clk_in1_design_1_clk_wiz_0_0
    PLLE2_ADV_X1Y0       PLLE2_ADV (Prop_plle2_adv_CLKIN1_CLKOUT0)
                                                     -3.812     1.277 r  design_1_i/clk_wiz_0/inst/plle2_adv_inst/CLKOUT0
                         net (fo=1, routed)           1.883     3.160    design_1_i/clk_wiz_0/inst/clk_out1_design_1_clk_wiz_0_0
    BUFGCTRL_X0Y0        BUFG (Prop_bufg_I_O)         0.101     3.261 r  design_1_i/clk_wiz_0/inst/clkout1_buf/O
                         net (fo=2997, routed)        1.732     4.993    design_1_i/axis_clock_converter_0/inst/gen_async_conv.axisc_async_clock_converter_0/xpm_fifo_async_inst/gnuram_async_fifo.xpm_fifo_base_inst/gen_sdpram.xpm_memory_base_inst/gen_wr_a.gen_word_narrow.mem_reg_0_31_6_11/WCLK
    SLICE_X30Y30         RAMD32                                       r  design_1_i/axis_clock_converter_0/inst/gen_async_conv.axisc_async_clock_converter_0/xpm_fifo_async_inst/gnuram_async_fifo.xpm_fifo_base_inst/gen_sdpram.xpm_memory_base_inst/gen_wr_a.gen_word_narrow.mem_reg_0_31_6_11/RAMB/CLK
  -------------------------------------------------------------------    -------------------
    SLICE_X30Y30         RAMD32 (Prop_ramd32_CLK_O)
                                                      1.343     6.336 r  design_1_i/axis_clock_converter_0/inst/gen_async_conv.axisc_async_clock_converter_0/xpm_fifo_async_inst/gnuram_async_fifo.xpm_fifo_base_inst/gen_sdpram.xpm_memory_base_inst/gen_wr_a.gen_word_narrow.mem_reg_0_31_6_11/RAMB/O
                         net (fo=1, routed)           1.112     7.449    design_1_i/axis_clock_converter_0/inst/gen_async_conv.axisc_async_clock_converter_0/xpm_fifo_async_inst/gnuram_async_fifo.xpm_fifo_base_inst/gen_sdpram.xpm_memory_base_inst/gen_rd_b.doutb_reg0[8]
    SLICE_X26Y28         FDRE                                         r  design_1_i/axis_clock_converter_0/inst/gen_async_conv.axisc_async_clock_converter_0/xpm_fifo_async_inst/gnuram_async_fifo.xpm_fifo_base_inst/gen_sdpram.xpm_memory_base_inst/gen_rd_b.doutb_reg_reg[8]/D
  -------------------------------------------------------------------    -------------------

                         (clock clk_fpga_0 rise edge)
                                                      0.000     0.000 r  
    PS7_X0Y0             PS7                          0.000     0.000 r  design_1_i/processing_system7_0/inst/PS7_i/FCLKCLK[0]
                         net (fo=1, routed)           1.088     1.088    design_1_i/processing_system7_0/inst/FCLK_CLK_unbuffered[0]
    BUFGCTRL_X0Y16       BUFG (Prop_bufg_I_O)         0.091     1.179 r  design_1_i/processing_system7_0/inst/buffer_fclk_clk_0.FCLK_CLK_0_BUFG/O
                         net (fo=4892, routed)        1.560     2.739    design_1_i/axis_clock_converter_0/inst/gen_async_conv.axisc_async_clock_converter_0/xpm_fifo_async_inst/gnuram_async_fifo.xpm_fifo_base_inst/gen_sdpram.xpm_memory_base_inst/clkb
    SLICE_X26Y28         FDRE                                         r  design_1_i/axis_clock_converter_0/inst/gen_async_conv.axisc_async_clock_converter_0/xpm_fifo_async_inst/gnuram_async_fifo.xpm_fifo_base_inst/gen_sdpram.xpm_memory_base_inst/gen_rd_b.doutb_reg_reg[8]/C

Slack:                    inf
  Source:                 design_1_i/axis_clock_converter_0/inst/gen_async_conv.axisc_async_clock_converter_0/xpm_fifo_async_inst/gnuram_async_fifo.xpm_fifo_base_inst/gen_sdpram.xpm_memory_base_inst/gen_wr_a.gen_word_narrow.mem_reg_0_31_18_23/RAMC_D1/CLK
                            (rising edge-triggered cell RAMD32 clocked by clk_out1_design_1_clk_wiz_0_0  {rise@0.000ns fall@4.069ns period=8.138ns})
  Destination:            design_1_i/axis_clock_converter_0/inst/gen_async_conv.axisc_async_clock_converter_0/xpm_fifo_async_inst/gnuram_async_fifo.xpm_fifo_base_inst/gen_sdpram.xpm_memory_base_inst/gen_rd_b.doutb_reg_reg[23]/D
                            (rising edge-triggered cell FDRE clocked by clk_fpga_0  {rise@0.000ns fall@10.000ns period=20.000ns})
  Path Group:             (none)
  Path Type:              Setup (Max at Slow Process Corner)
  Data Path Delay:        2.378ns  (logic 1.314ns (55.255%)  route 1.064ns (44.745%))
  Logic Levels:           0  
  Clock Path Skew:        -2.174ns (DCD - SCD + CPR)
    Destination Clock Delay (DCD):    2.741ns
    Source Clock Delay      (SCD):    4.915ns
    Clock Pessimism Removal (CPR):    0.000ns
  Clock Uncertainty:      0.414ns  ((TSJ^2 + TIJ^2 + DJ^2)^1/2) / 2 + PE
    Total System Jitter     (TSJ):    0.071ns
    Total Input Jitter      (TIJ):    0.600ns
    Discrete Jitter          (DJ):    0.126ns
    Phase Error              (PE):    0.105ns
  Timing Exception:       Asynchronous Clock Groups

    Location             Delay type                Incr(ns)  Path(ns)    Netlist Resource(s)
  -------------------------------------------------------------------    -------------------
                         (clock clk_out1_design_1_clk_wiz_0_0 rise edge)
                                                      0.000     0.000 r  
    U18                                               0.000     0.000 r  CLK_IN_D_0_clk_p[0] (IN)
                         net (fo=0)                   0.000     0.000    design_1_i/util_ds_buf_0/U0/IBUF_DS_P[0]
    U18                  IBUFDS (Prop_ibufds_I_O)     0.951     0.951 r  design_1_i/util_ds_buf_0/U0/USE_IBUFDS.GEN_IBUFDS[0].IBUFDS_I/O
                         net (fo=1, routed)           2.205     3.156    design_1_i/clk_wiz_0/inst/clk_in1
    BUFGCTRL_X0Y17       BUFG (Prop_bufg_I_O)         0.102     3.258 r  design_1_i/clk_wiz_0/inst/clkin1_bufg/O
                         net (fo=1, routed)           1.831     5.089    design_1_i/clk_wiz_0/inst/clk_in1_design_1_clk_wiz_0_0
    PLLE2_ADV_X1Y0       PLLE2_ADV (Prop_plle2_adv_CLKIN1_CLKOUT0)
                                                     -3.812     1.277 r  design_1_i/clk_wiz_0/inst/plle2_adv_inst/CLKOUT0
                         net (fo=1, routed)           1.883     3.160    design_1_i/clk_wiz_0/inst/clk_out1_design_1_clk_wiz_0_0
    BUFGCTRL_X0Y0        BUFG (Prop_bufg_I_O)         0.101     3.261 r  design_1_i/clk_wiz_0/inst/clkout1_buf/O
                         net (fo=2997, routed)        1.654     4.915    design_1_i/axis_clock_converter_0/inst/gen_async_conv.axisc_async_clock_converter_0/xpm_fifo_async_inst/gnuram_async_fifo.xpm_fifo_base_inst/gen_sdpram.xpm_memory_base_inst/gen_wr_a.gen_word_narrow.mem_reg_0_31_18_23/WCLK
    SLICE_X34Y30         RAMD32                                       r  design_1_i/axis_clock_converter_0/inst/gen_async_conv.axisc_async_clock_converter_0/xpm_fifo_async_inst/gnuram_async_fifo.xpm_fifo_base_inst/gen_sdpram.xpm_memory_base_inst/gen_wr_a.gen_word_narrow.mem_reg_0_31_18_23/RAMC_D1/CLK
  -------------------------------------------------------------------    -------------------
    SLICE_X34Y30         RAMD32 (Prop_ramd32_CLK_O)
                                                      1.314     6.229 r  design_1_i/axis_clock_converter_0/inst/gen_async_conv.axisc_async_clock_converter_0/xpm_fifo_async_inst/gnuram_async_fifo.xpm_fifo_base_inst/gen_sdpram.xpm_memory_base_inst/gen_wr_a.gen_word_narrow.mem_reg_0_31_18_23/RAMC_D1/O
                         net (fo=1, routed)           1.064     7.293    design_1_i/axis_clock_converter_0/inst/gen_async_conv.axisc_async_clock_converter_0/xpm_fifo_async_inst/gnuram_async_fifo.xpm_fifo_base_inst/gen_sdpram.xpm_memory_base_inst/gen_rd_b.doutb_reg0[23]
    SLICE_X26Y31         FDRE                                         r  design_1_i/axis_clock_converter_0/inst/gen_async_conv.axisc_async_clock_converter_0/xpm_fifo_async_inst/gnuram_async_fifo.xpm_fifo_base_inst/gen_sdpram.xpm_memory_base_inst/gen_rd_b.doutb_reg_reg[23]/D
  -------------------------------------------------------------------    -------------------

                         (clock clk_fpga_0 rise edge)
                                                      0.000     0.000 r  
    PS7_X0Y0             PS7                          0.000     0.000 r  design_1_i/processing_system7_0/inst/PS7_i/FCLKCLK[0]
                         net (fo=1, routed)           1.088     1.088    design_1_i/processing_system7_0/inst/FCLK_CLK_unbuffered[0]
    BUFGCTRL_X0Y16       BUFG (Prop_bufg_I_O)         0.091     1.179 r  design_1_i/processing_system7_0/inst/buffer_fclk_clk_0.FCLK_CLK_0_BUFG/O
                         net (fo=4892, routed)        1.562     2.741    design_1_i/axis_clock_converter_0/inst/gen_async_conv.axisc_async_clock_converter_0/xpm_fifo_async_inst/gnuram_async_fifo.xpm_fifo_base_inst/gen_sdpram.xpm_memory_base_inst/clkb
    SLICE_X26Y31         FDRE                                         r  design_1_i/axis_clock_converter_0/inst/gen_async_conv.axisc_async_clock_converter_0/xpm_fifo_async_inst/gnuram_async_fifo.xpm_fifo_base_inst/gen_sdpram.xpm_memory_base_inst/gen_rd_b.doutb_reg_reg[23]/C

Slack:                    inf
  Source:                 design_1_i/axis_clock_converter_0/inst/gen_async_conv.axisc_async_clock_converter_0/xpm_fifo_async_inst/gnuram_async_fifo.xpm_fifo_base_inst/gen_sdpram.xpm_memory_base_inst/gen_wr_a.gen_word_narrow.mem_reg_0_31_30_32/RAMA/CLK
                            (rising edge-triggered cell RAMD32 clocked by clk_out1_design_1_clk_wiz_0_0  {rise@0.000ns fall@4.069ns period=8.138ns})
  Destination:            design_1_i/axis_clock_converter_0/inst/gen_async_conv.axisc_async_clock_converter_0/xpm_fifo_async_inst/gnuram_async_fifo.xpm_fifo_base_inst/gen_sdpram.xpm_memory_base_inst/gen_rd_b.doutb_reg_reg[30]/D
                            (rising edge-triggered cell FDRE clocked by clk_fpga_0  {rise@0.000ns fall@10.000ns period=20.000ns})
  Path Group:             (none)
  Path Type:              Setup (Max at Slow Process Corner)
  Data Path Delay:        2.352ns  (logic 1.344ns (57.152%)  route 1.008ns (42.848%))
  Logic Levels:           0  
  Clock Path Skew:        -2.252ns (DCD - SCD + CPR)
    Destination Clock Delay (DCD):    2.668ns
    Source Clock Delay      (SCD):    4.920ns
    Clock Pessimism Removal (CPR):    0.000ns
  Clock Uncertainty:      0.414ns  ((TSJ^2 + TIJ^2 + DJ^2)^1/2) / 2 + PE
    Total System Jitter     (TSJ):    0.071ns
    Total Input Jitter      (TIJ):    0.600ns
    Discrete Jitter          (DJ):    0.126ns
    Phase Error              (PE):    0.105ns
  Timing Exception:       Asynchronous Clock Groups

    Location             Delay type                Incr(ns)  Path(ns)    Netlist Resource(s)
  -------------------------------------------------------------------    -------------------
                         (clock clk_out1_design_1_clk_wiz_0_0 rise edge)
                                                      0.000     0.000 r  
    U18                                               0.000     0.000 r  CLK_IN_D_0_clk_p[0] (IN)
                         net (fo=0)                   0.000     0.000    design_1_i/util_ds_buf_0/U0/IBUF_DS_P[0]
    U18                  IBUFDS (Prop_ibufds_I_O)     0.951     0.951 r  design_1_i/util_ds_buf_0/U0/USE_IBUFDS.GEN_IBUFDS[0].IBUFDS_I/O
                         net (fo=1, routed)           2.205     3.156    design_1_i/clk_wiz_0/inst/clk_in1
    BUFGCTRL_X0Y17       BUFG (Prop_bufg_I_O)         0.102     3.258 r  design_1_i/clk_wiz_0/inst/clkin1_bufg/O
                         net (fo=1, routed)           1.831     5.089    design_1_i/clk_wiz_0/inst/clk_in1_design_1_clk_wiz_0_0
    PLLE2_ADV_X1Y0       PLLE2_ADV (Prop_plle2_adv_CLKIN1_CLKOUT0)
                                                     -3.812     1.277 r  design_1_i/clk_wiz_0/inst/plle2_adv_inst/CLKOUT0
                         net (fo=1, routed)           1.883     3.160    design_1_i/clk_wiz_0/inst/clk_out1_design_1_clk_wiz_0_0
    BUFGCTRL_X0Y0        BUFG (Prop_bufg_I_O)         0.101     3.261 r  design_1_i/clk_wiz_0/inst/clkout1_buf/O
                         net (fo=2997, routed)        1.659     4.920    design_1_i/axis_clock_converter_0/inst/gen_async_conv.axisc_async_clock_converter_0/xpm_fifo_async_inst/gnuram_async_fifo.xpm_fifo_base_inst/gen_sdpram.xpm_memory_base_inst/gen_wr_a.gen_word_narrow.mem_reg_0_31_30_32/WCLK
    SLICE_X38Y34         RAMD32                                       r  design_1_i/axis_clock_converter_0/inst/gen_async_conv.axisc_async_clock_converter_0/xpm_fifo_async_inst/gnuram_async_fifo.xpm_fifo_base_inst/gen_sdpram.xpm_memory_base_inst/gen_wr_a.gen_word_narrow.mem_reg_0_31_30_32/RAMA/CLK
  -------------------------------------------------------------------    -------------------
    SLICE_X38Y34         RAMD32 (Prop_ramd32_CLK_O)
                                                      1.344     6.264 r  design_1_i/axis_clock_converter_0/inst/gen_async_conv.axisc_async_clock_converter_0/xpm_fifo_async_inst/gnuram_async_fifo.xpm_fifo_base_inst/gen_sdpram.xpm_memory_base_inst/gen_wr_a.gen_word_narrow.mem_reg_0_31_30_32/RAMA/O
                         net (fo=1, routed)           1.008     7.272    design_1_i/axis_clock_converter_0/inst/gen_async_conv.axisc_async_clock_converter_0/xpm_fifo_async_inst/gnuram_async_fifo.xpm_fifo_base_inst/gen_sdpram.xpm_memory_base_inst/gen_rd_b.doutb_reg0[30]
    SLICE_X36Y34         FDRE                                         r  design_1_i/axis_clock_converter_0/inst/gen_async_conv.axisc_async_clock_converter_0/xpm_fifo_async_inst/gnuram_async_fifo.xpm_fifo_base_inst/gen_sdpram.xpm_memory_base_inst/gen_rd_b.doutb_reg_reg[30]/D
  -------------------------------------------------------------------    -------------------

                         (clock clk_fpga_0 rise edge)
                                                      0.000     0.000 r  
    PS7_X0Y0             PS7                          0.000     0.000 r  design_1_i/processing_system7_0/inst/PS7_i/FCLKCLK[0]
                         net (fo=1, routed)           1.088     1.088    design_1_i/processing_system7_0/inst/FCLK_CLK_unbuffered[0]
    BUFGCTRL_X0Y16       BUFG (Prop_bufg_I_O)         0.091     1.179 r  design_1_i/processing_system7_0/inst/buffer_fclk_clk_0.FCLK_CLK_0_BUFG/O
                         net (fo=4892, routed)        1.489     2.668    design_1_i/axis_clock_converter_0/inst/gen_async_conv.axisc_async_clock_converter_0/xpm_fifo_async_inst/gnuram_async_fifo.xpm_fifo_base_inst/gen_sdpram.xpm_memory_base_inst/clkb
    SLICE_X36Y34         FDRE                                         r  design_1_i/axis_clock_converter_0/inst/gen_async_conv.axisc_async_clock_converter_0/xpm_fifo_async_inst/gnuram_async_fifo.xpm_fifo_base_inst/gen_sdpram.xpm_memory_base_inst/gen_rd_b.doutb_reg_reg[30]/C

Slack:                    inf
  Source:                 design_1_i/axis_clock_converter_0/inst/gen_async_conv.axisc_async_clock_converter_0/xpm_fifo_async_inst/gnuram_async_fifo.xpm_fifo_base_inst/gen_sdpram.xpm_memory_base_inst/gen_wr_a.gen_word_narrow.mem_reg_0_31_18_23/RAMC/CLK
                            (rising edge-triggered cell RAMD32 clocked by clk_out1_design_1_clk_wiz_0_0  {rise@0.000ns fall@4.069ns period=8.138ns})
  Destination:            design_1_i/axis_clock_converter_0/inst/gen_async_conv.axisc_async_clock_converter_0/xpm_fifo_async_inst/gnuram_async_fifo.xpm_fifo_base_inst/gen_sdpram.xpm_memory_base_inst/gen_rd_b.doutb_reg_reg[22]/D
                            (rising edge-triggered cell FDRE clocked by clk_fpga_0  {rise@0.000ns fall@10.000ns period=20.000ns})
  Path Group:             (none)
  Path Type:              Setup (Max at Slow Process Corner)
  Data Path Delay:        2.356ns  (logic 1.336ns (56.697%)  route 1.020ns (43.303%))
  Logic Levels:           0  
  Clock Path Skew:        -2.176ns (DCD - SCD + CPR)
    Destination Clock Delay (DCD):    2.739ns
    Source Clock Delay      (SCD):    4.915ns
    Clock Pessimism Removal (CPR):    0.000ns
  Clock Uncertainty:      0.414ns  ((TSJ^2 + TIJ^2 + DJ^2)^1/2) / 2 + PE
    Total System Jitter     (TSJ):    0.071ns
    Total Input Jitter      (TIJ):    0.600ns
    Discrete Jitter          (DJ):    0.126ns
    Phase Error              (PE):    0.105ns
  Timing Exception:       Asynchronous Clock Groups

    Location             Delay type                Incr(ns)  Path(ns)    Netlist Resource(s)
  -------------------------------------------------------------------    -------------------
                         (clock clk_out1_design_1_clk_wiz_0_0 rise edge)
                                                      0.000     0.000 r  
    U18                                               0.000     0.000 r  CLK_IN_D_0_clk_p[0] (IN)
                         net (fo=0)                   0.000     0.000    design_1_i/util_ds_buf_0/U0/IBUF_DS_P[0]
    U18                  IBUFDS (Prop_ibufds_I_O)     0.951     0.951 r  design_1_i/util_ds_buf_0/U0/USE_IBUFDS.GEN_IBUFDS[0].IBUFDS_I/O
                         net (fo=1, routed)           2.205     3.156    design_1_i/clk_wiz_0/inst/clk_in1
    BUFGCTRL_X0Y17       BUFG (Prop_bufg_I_O)         0.102     3.258 r  design_1_i/clk_wiz_0/inst/clkin1_bufg/O
                         net (fo=1, routed)           1.831     5.089    design_1_i/clk_wiz_0/inst/clk_in1_design_1_clk_wiz_0_0
    PLLE2_ADV_X1Y0       PLLE2_ADV (Prop_plle2_adv_CLKIN1_CLKOUT0)
                                                     -3.812     1.277 r  design_1_i/clk_wiz_0/inst/plle2_adv_inst/CLKOUT0
                         net (fo=1, routed)           1.883     3.160    design_1_i/clk_wiz_0/inst/clk_out1_design_1_clk_wiz_0_0
    BUFGCTRL_X0Y0        BUFG (Prop_bufg_I_O)         0.101     3.261 r  design_1_i/clk_wiz_0/inst/clkout1_buf/O
                         net (fo=2997, routed)        1.654     4.915    design_1_i/axis_clock_converter_0/inst/gen_async_conv.axisc_async_clock_converter_0/xpm_fifo_async_inst/gnuram_async_fifo.xpm_fifo_base_inst/gen_sdpram.xpm_memory_base_inst/gen_wr_a.gen_word_narrow.mem_reg_0_31_18_23/WCLK
    SLICE_X34Y30         RAMD32                                       r  design_1_i/axis_clock_converter_0/inst/gen_async_conv.axisc_async_clock_converter_0/xpm_fifo_async_inst/gnuram_async_fifo.xpm_fifo_base_inst/gen_sdpram.xpm_memory_base_inst/gen_wr_a.gen_word_narrow.mem_reg_0_31_18_23/RAMC/CLK
  -------------------------------------------------------------------    -------------------
    SLICE_X34Y30         RAMD32 (Prop_ramd32_CLK_O)
                                                      1.336     6.251 r  design_1_i/axis_clock_converter_0/inst/gen_async_conv.axisc_async_clock_converter_0/xpm_fifo_async_inst/gnuram_async_fifo.xpm_fifo_base_inst/gen_sdpram.xpm_memory_base_inst/gen_wr_a.gen_word_narrow.mem_reg_0_31_18_23/RAMC/O
                         net (fo=1, routed)           1.020     7.272    design_1_i/axis_clock_converter_0/inst/gen_async_conv.axisc_async_clock_converter_0/xpm_fifo_async_inst/gnuram_async_fifo.xpm_fifo_base_inst/gen_sdpram.xpm_memory_base_inst/gen_rd_b.doutb_reg0[22]
    SLICE_X26Y28         FDRE                                         r  design_1_i/axis_clock_converter_0/inst/gen_async_conv.axisc_async_clock_converter_0/xpm_fifo_async_inst/gnuram_async_fifo.xpm_fifo_base_inst/gen_sdpram.xpm_memory_base_inst/gen_rd_b.doutb_reg_reg[22]/D
  -------------------------------------------------------------------    -------------------

                         (clock clk_fpga_0 rise edge)
                                                      0.000     0.000 r  
    PS7_X0Y0             PS7                          0.000     0.000 r  design_1_i/processing_system7_0/inst/PS7_i/FCLKCLK[0]
                         net (fo=1, routed)           1.088     1.088    design_1_i/processing_system7_0/inst/FCLK_CLK_unbuffered[0]
    BUFGCTRL_X0Y16       BUFG (Prop_bufg_I_O)         0.091     1.179 r  design_1_i/processing_system7_0/inst/buffer_fclk_clk_0.FCLK_CLK_0_BUFG/O
                         net (fo=4892, routed)        1.560     2.739    design_1_i/axis_clock_converter_0/inst/gen_async_conv.axisc_async_clock_converter_0/xpm_fifo_async_inst/gnuram_async_fifo.xpm_fifo_base_inst/gen_sdpram.xpm_memory_base_inst/clkb
    SLICE_X26Y28         FDRE                                         r  design_1_i/axis_clock_converter_0/inst/gen_async_conv.axisc_async_clock_converter_0/xpm_fifo_async_inst/gnuram_async_fifo.xpm_fifo_base_inst/gen_sdpram.xpm_memory_base_inst/gen_rd_b.doutb_reg_reg[22]/C

Slack:                    inf
  Source:                 design_1_i/axis_clock_converter_0/inst/gen_async_conv.axisc_async_clock_converter_0/xpm_fifo_async_inst/gnuram_async_fifo.xpm_fifo_base_inst/gen_sdpram.xpm_memory_base_inst/gen_wr_a.gen_word_narrow.mem_reg_0_31_18_23/RAMA/CLK
                            (rising edge-triggered cell RAMD32 clocked by clk_out1_design_1_clk_wiz_0_0  {rise@0.000ns fall@4.069ns period=8.138ns})
  Destination:            design_1_i/axis_clock_converter_0/inst/gen_async_conv.axisc_async_clock_converter_0/xpm_fifo_async_inst/gnuram_async_fifo.xpm_fifo_base_inst/gen_sdpram.xpm_memory_base_inst/gen_rd_b.doutb_reg_reg[18]/D
                            (rising edge-triggered cell FDRE clocked by clk_fpga_0  {rise@0.000ns fall@10.000ns period=20.000ns})
  Path Group:             (none)
  Path Type:              Setup (Max at Slow Process Corner)
  Data Path Delay:        2.285ns  (logic 1.344ns (58.824%)  route 0.941ns (41.176%))
  Logic Levels:           0  
  Clock Path Skew:        -2.251ns (DCD - SCD + CPR)
    Destination Clock Delay (DCD):    2.664ns
    Source Clock Delay      (SCD):    4.915ns
    Clock Pessimism Removal (CPR):    0.000ns
  Clock Uncertainty:      0.414ns  ((TSJ^2 + TIJ^2 + DJ^2)^1/2) / 2 + PE
    Total System Jitter     (TSJ):    0.071ns
    Total Input Jitter      (TIJ):    0.600ns
    Discrete Jitter          (DJ):    0.126ns
    Phase Error              (PE):    0.105ns
  Timing Exception:       Asynchronous Clock Groups

    Location             Delay type                Incr(ns)  Path(ns)    Netlist Resource(s)
  -------------------------------------------------------------------    -------------------
                         (clock clk_out1_design_1_clk_wiz_0_0 rise edge)
                                                      0.000     0.000 r  
    U18                                               0.000     0.000 r  CLK_IN_D_0_clk_p[0] (IN)
                         net (fo=0)                   0.000     0.000    design_1_i/util_ds_buf_0/U0/IBUF_DS_P[0]
    U18                  IBUFDS (Prop_ibufds_I_O)     0.951     0.951 r  design_1_i/util_ds_buf_0/U0/USE_IBUFDS.GEN_IBUFDS[0].IBUFDS_I/O
                         net (fo=1, routed)           2.205     3.156    design_1_i/clk_wiz_0/inst/clk_in1
    BUFGCTRL_X0Y17       BUFG (Prop_bufg_I_O)         0.102     3.258 r  design_1_i/clk_wiz_0/inst/clkin1_bufg/O
                         net (fo=1, routed)           1.831     5.089    design_1_i/clk_wiz_0/inst/clk_in1_design_1_clk_wiz_0_0
    PLLE2_ADV_X1Y0       PLLE2_ADV (Prop_plle2_adv_CLKIN1_CLKOUT0)
                                                     -3.812     1.277 r  design_1_i/clk_wiz_0/inst/plle2_adv_inst/CLKOUT0
                         net (fo=1, routed)           1.883     3.160    design_1_i/clk_wiz_0/inst/clk_out1_design_1_clk_wiz_0_0
    BUFGCTRL_X0Y0        BUFG (Prop_bufg_I_O)         0.101     3.261 r  design_1_i/clk_wiz_0/inst/clkout1_buf/O
                         net (fo=2997, routed)        1.654     4.915    design_1_i/axis_clock_converter_0/inst/gen_async_conv.axisc_async_clock_converter_0/xpm_fifo_async_inst/gnuram_async_fifo.xpm_fifo_base_inst/gen_sdpram.xpm_memory_base_inst/gen_wr_a.gen_word_narrow.mem_reg_0_31_18_23/WCLK
    SLICE_X34Y30         RAMD32                                       r  design_1_i/axis_clock_converter_0/inst/gen_async_conv.axisc_async_clock_converter_0/xpm_fifo_async_inst/gnuram_async_fifo.xpm_fifo_base_inst/gen_sdpram.xpm_memory_base_inst/gen_wr_a.gen_word_narrow.mem_reg_0_31_18_23/RAMA/CLK
  -------------------------------------------------------------------    -------------------
    SLICE_X34Y30         RAMD32 (Prop_ramd32_CLK_O)
                                                      1.344     6.259 r  design_1_i/axis_clock_converter_0/inst/gen_async_conv.axisc_async_clock_converter_0/xpm_fifo_async_inst/gnuram_async_fifo.xpm_fifo_base_inst/gen_sdpram.xpm_memory_base_inst/gen_wr_a.gen_word_narrow.mem_reg_0_31_18_23/RAMA/O
                         net (fo=1, routed)           0.941     7.200    design_1_i/axis_clock_converter_0/inst/gen_async_conv.axisc_async_clock_converter_0/xpm_fifo_async_inst/gnuram_async_fifo.xpm_fifo_base_inst/gen_sdpram.xpm_memory_base_inst/gen_rd_b.doutb_reg0[18]
    SLICE_X35Y29         FDRE                                         r  design_1_i/axis_clock_converter_0/inst/gen_async_conv.axisc_async_clock_converter_0/xpm_fifo_async_inst/gnuram_async_fifo.xpm_fifo_base_inst/gen_sdpram.xpm_memory_base_inst/gen_rd_b.doutb_reg_reg[18]/D
  -------------------------------------------------------------------    -------------------

                         (clock clk_fpga_0 rise edge)
                                                      0.000     0.000 r  
    PS7_X0Y0             PS7                          0.000     0.000 r  design_1_i/processing_system7_0/inst/PS7_i/FCLKCLK[0]
                         net (fo=1, routed)           1.088     1.088    design_1_i/processing_system7_0/inst/FCLK_CLK_unbuffered[0]
    BUFGCTRL_X0Y16       BUFG (Prop_bufg_I_O)         0.091     1.179 r  design_1_i/processing_system7_0/inst/buffer_fclk_clk_0.FCLK_CLK_0_BUFG/O
                         net (fo=4892, routed)        1.485     2.664    design_1_i/axis_clock_converter_0/inst/gen_async_conv.axisc_async_clock_converter_0/xpm_fifo_async_inst/gnuram_async_fifo.xpm_fifo_base_inst/gen_sdpram.xpm_memory_base_inst/clkb
    SLICE_X35Y29         FDRE                                         r  design_1_i/axis_clock_converter_0/inst/gen_async_conv.axisc_async_clock_converter_0/xpm_fifo_async_inst/gnuram_async_fifo.xpm_fifo_base_inst/gen_sdpram.xpm_memory_base_inst/gen_rd_b.doutb_reg_reg[18]/C

Slack:                    inf
  Source:                 design_1_i/axis_clock_converter_0/inst/gen_async_conv.axisc_async_clock_converter_0/xpm_fifo_async_inst/gnuram_async_fifo.xpm_fifo_base_inst/gen_sdpram.xpm_memory_base_inst/gen_wr_a.gen_word_narrow.mem_reg_0_31_12_17/RAMA/CLK
                            (rising edge-triggered cell RAMD32 clocked by clk_out1_design_1_clk_wiz_0_0  {rise@0.000ns fall@4.069ns period=8.138ns})
  Destination:            design_1_i/axis_clock_converter_0/inst/gen_async_conv.axisc_async_clock_converter_0/xpm_fifo_async_inst/gnuram_async_fifo.xpm_fifo_base_inst/gen_sdpram.xpm_memory_base_inst/gen_rd_b.doutb_reg_reg[12]/D
                            (rising edge-triggered cell FDRE clocked by clk_fpga_0  {rise@0.000ns fall@10.000ns period=20.000ns})
  Path Group:             (none)
  Path Type:              Setup (Max at Slow Process Corner)
  Data Path Delay:        2.268ns  (logic 1.344ns (59.267%)  route 0.924ns (40.733%))
  Logic Levels:           0  
  Clock Path Skew:        -2.174ns (DCD - SCD + CPR)
    Destination Clock Delay (DCD):    2.741ns
    Source Clock Delay      (SCD):    4.915ns
    Clock Pessimism Removal (CPR):    0.000ns
  Clock Uncertainty:      0.414ns  ((TSJ^2 + TIJ^2 + DJ^2)^1/2) / 2 + PE
    Total System Jitter     (TSJ):    0.071ns
    Total Input Jitter      (TIJ):    0.600ns
    Discrete Jitter          (DJ):    0.126ns
    Phase Error              (PE):    0.105ns
  Timing Exception:       Asynchronous Clock Groups

    Location             Delay type                Incr(ns)  Path(ns)    Netlist Resource(s)
  -------------------------------------------------------------------    -------------------
                         (clock clk_out1_design_1_clk_wiz_0_0 rise edge)
                                                      0.000     0.000 r  
    U18                                               0.000     0.000 r  CLK_IN_D_0_clk_p[0] (IN)
                         net (fo=0)                   0.000     0.000    design_1_i/util_ds_buf_0/U0/IBUF_DS_P[0]
    U18                  IBUFDS (Prop_ibufds_I_O)     0.951     0.951 r  design_1_i/util_ds_buf_0/U0/USE_IBUFDS.GEN_IBUFDS[0].IBUFDS_I/O
                         net (fo=1, routed)           2.205     3.156    design_1_i/clk_wiz_0/inst/clk_in1
    BUFGCTRL_X0Y17       BUFG (Prop_bufg_I_O)         0.102     3.258 r  design_1_i/clk_wiz_0/inst/clkin1_bufg/O
                         net (fo=1, routed)           1.831     5.089    design_1_i/clk_wiz_0/inst/clk_in1_design_1_clk_wiz_0_0
    PLLE2_ADV_X1Y0       PLLE2_ADV (Prop_plle2_adv_CLKIN1_CLKOUT0)
                                                     -3.812     1.277 r  design_1_i/clk_wiz_0/inst/plle2_adv_inst/CLKOUT0
                         net (fo=1, routed)           1.883     3.160    design_1_i/clk_wiz_0/inst/clk_out1_design_1_clk_wiz_0_0
    BUFGCTRL_X0Y0        BUFG (Prop_bufg_I_O)         0.101     3.261 r  design_1_i/clk_wiz_0/inst/clkout1_buf/O
                         net (fo=2997, routed)        1.654     4.915    design_1_i/axis_clock_converter_0/inst/gen_async_conv.axisc_async_clock_converter_0/xpm_fifo_async_inst/gnuram_async_fifo.xpm_fifo_base_inst/gen_sdpram.xpm_memory_base_inst/gen_wr_a.gen_word_narrow.mem_reg_0_31_12_17/WCLK
    SLICE_X32Y30         RAMD32                                       r  design_1_i/axis_clock_converter_0/inst/gen_async_conv.axisc_async_clock_converter_0/xpm_fifo_async_inst/gnuram_async_fifo.xpm_fifo_base_inst/gen_sdpram.xpm_memory_base_inst/gen_wr_a.gen_word_narrow.mem_reg_0_31_12_17/RAMA/CLK
  -------------------------------------------------------------------    -------------------
    SLICE_X32Y30         RAMD32 (Prop_ramd32_CLK_O)
                                                      1.344     6.259 r  design_1_i/axis_clock_converter_0/inst/gen_async_conv.axisc_async_clock_converter_0/xpm_fifo_async_inst/gnuram_async_fifo.xpm_fifo_base_inst/gen_sdpram.xpm_memory_base_inst/gen_wr_a.gen_word_narrow.mem_reg_0_31_12_17/RAMA/O
                         net (fo=1, routed)           0.924     7.183    design_1_i/axis_clock_converter_0/inst/gen_async_conv.axisc_async_clock_converter_0/xpm_fifo_async_inst/gnuram_async_fifo.xpm_fifo_base_inst/gen_sdpram.xpm_memory_base_inst/gen_rd_b.doutb_reg0[12]
    SLICE_X26Y31         FDRE                                         r  design_1_i/axis_clock_converter_0/inst/gen_async_conv.axisc_async_clock_converter_0/xpm_fifo_async_inst/gnuram_async_fifo.xpm_fifo_base_inst/gen_sdpram.xpm_memory_base_inst/gen_rd_b.doutb_reg_reg[12]/D
  -------------------------------------------------------------------    -------------------

                         (clock clk_fpga_0 rise edge)
                                                      0.000     0.000 r  
    PS7_X0Y0             PS7                          0.000     0.000 r  design_1_i/processing_system7_0/inst/PS7_i/FCLKCLK[0]
                         net (fo=1, routed)           1.088     1.088    design_1_i/processing_system7_0/inst/FCLK_CLK_unbuffered[0]
    BUFGCTRL_X0Y16       BUFG (Prop_bufg_I_O)         0.091     1.179 r  design_1_i/processing_system7_0/inst/buffer_fclk_clk_0.FCLK_CLK_0_BUFG/O
                         net (fo=4892, routed)        1.562     2.741    design_1_i/axis_clock_converter_0/inst/gen_async_conv.axisc_async_clock_converter_0/xpm_fifo_async_inst/gnuram_async_fifo.xpm_fifo_base_inst/gen_sdpram.xpm_memory_base_inst/clkb
    SLICE_X26Y31         FDRE                                         r  design_1_i/axis_clock_converter_0/inst/gen_async_conv.axisc_async_clock_converter_0/xpm_fifo_async_inst/gnuram_async_fifo.xpm_fifo_base_inst/gen_sdpram.xpm_memory_base_inst/gen_rd_b.doutb_reg_reg[12]/C

Slack:                    inf
  Source:                 design_1_i/axis_clock_converter_0/inst/gen_async_conv.axisc_async_clock_converter_0/xpm_fifo_async_inst/gnuram_async_fifo.xpm_fifo_base_inst/gen_sdpram.xpm_memory_base_inst/gen_wr_a.gen_word_narrow.mem_reg_0_31_24_29/RAMC_D1/CLK
                            (rising edge-triggered cell RAMD32 clocked by clk_out1_design_1_clk_wiz_0_0  {rise@0.000ns fall@4.069ns period=8.138ns})
  Destination:            design_1_i/axis_clock_converter_0/inst/gen_async_conv.axisc_async_clock_converter_0/xpm_fifo_async_inst/gnuram_async_fifo.xpm_fifo_base_inst/gen_sdpram.xpm_memory_base_inst/gen_rd_b.doutb_reg_reg[29]/D
                            (rising edge-triggered cell FDRE clocked by clk_fpga_0  {rise@0.000ns fall@10.000ns period=20.000ns})
  Path Group:             (none)
  Path Type:              Setup (Max at Slow Process Corner)
  Data Path Delay:        2.251ns  (logic 1.314ns (58.372%)  route 0.937ns (41.628%))
  Logic Levels:           0  
  Clock Path Skew:        -2.252ns (DCD - SCD + CPR)
    Destination Clock Delay (DCD):    2.668ns
    Source Clock Delay      (SCD):    4.919ns
    Clock Pessimism Removal (CPR):    0.000ns
  Clock Uncertainty:      0.414ns  ((TSJ^2 + TIJ^2 + DJ^2)^1/2) / 2 + PE
    Total System Jitter     (TSJ):    0.071ns
    Total Input Jitter      (TIJ):    0.600ns
    Discrete Jitter          (DJ):    0.126ns
    Phase Error              (PE):    0.105ns
  Timing Exception:       Asynchronous Clock Groups

    Location             Delay type                Incr(ns)  Path(ns)    Netlist Resource(s)
  -------------------------------------------------------------------    -------------------
                         (clock clk_out1_design_1_clk_wiz_0_0 rise edge)
                                                      0.000     0.000 r  
    U18                                               0.000     0.000 r  CLK_IN_D_0_clk_p[0] (IN)
                         net (fo=0)                   0.000     0.000    design_1_i/util_ds_buf_0/U0/IBUF_DS_P[0]
    U18                  IBUFDS (Prop_ibufds_I_O)     0.951     0.951 r  design_1_i/util_ds_buf_0/U0/USE_IBUFDS.GEN_IBUFDS[0].IBUFDS_I/O
                         net (fo=1, routed)           2.205     3.156    design_1_i/clk_wiz_0/inst/clk_in1
    BUFGCTRL_X0Y17       BUFG (Prop_bufg_I_O)         0.102     3.258 r  design_1_i/clk_wiz_0/inst/clkin1_bufg/O
                         net (fo=1, routed)           1.831     5.089    design_1_i/clk_wiz_0/inst/clk_in1_design_1_clk_wiz_0_0
    PLLE2_ADV_X1Y0       PLLE2_ADV (Prop_plle2_adv_CLKIN1_CLKOUT0)
                                                     -3.812     1.277 r  design_1_i/clk_wiz_0/inst/plle2_adv_inst/CLKOUT0
                         net (fo=1, routed)           1.883     3.160    design_1_i/clk_wiz_0/inst/clk_out1_design_1_clk_wiz_0_0
    BUFGCTRL_X0Y0        BUFG (Prop_bufg_I_O)         0.101     3.261 r  design_1_i/clk_wiz_0/inst/clkout1_buf/O
                         net (fo=2997, routed)        1.658     4.919    design_1_i/axis_clock_converter_0/inst/gen_async_conv.axisc_async_clock_converter_0/xpm_fifo_async_inst/gnuram_async_fifo.xpm_fifo_base_inst/gen_sdpram.xpm_memory_base_inst/gen_wr_a.gen_word_narrow.mem_reg_0_31_24_29/WCLK
    SLICE_X34Y33         RAMD32                                       r  design_1_i/axis_clock_converter_0/inst/gen_async_conv.axisc_async_clock_converter_0/xpm_fifo_async_inst/gnuram_async_fifo.xpm_fifo_base_inst/gen_sdpram.xpm_memory_base_inst/gen_wr_a.gen_word_narrow.mem_reg_0_31_24_29/RAMC_D1/CLK
  -------------------------------------------------------------------    -------------------
    SLICE_X34Y33         RAMD32 (Prop_ramd32_CLK_O)
                                                      1.314     6.233 r  design_1_i/axis_clock_converter_0/inst/gen_async_conv.axisc_async_clock_converter_0/xpm_fifo_async_inst/gnuram_async_fifo.xpm_fifo_base_inst/gen_sdpram.xpm_memory_base_inst/gen_wr_a.gen_word_narrow.mem_reg_0_31_24_29/RAMC_D1/O
                         net (fo=1, routed)           0.937     7.170    design_1_i/axis_clock_converter_0/inst/gen_async_conv.axisc_async_clock_converter_0/xpm_fifo_async_inst/gnuram_async_fifo.xpm_fifo_base_inst/gen_sdpram.xpm_memory_base_inst/gen_rd_b.doutb_reg0[29]
    SLICE_X35Y32         FDRE                                         r  design_1_i/axis_clock_converter_0/inst/gen_async_conv.axisc_async_clock_converter_0/xpm_fifo_async_inst/gnuram_async_fifo.xpm_fifo_base_inst/gen_sdpram.xpm_memory_base_inst/gen_rd_b.doutb_reg_reg[29]/D
  -------------------------------------------------------------------    -------------------

                         (clock clk_fpga_0 rise edge)
                                                      0.000     0.000 r  
    PS7_X0Y0             PS7                          0.000     0.000 r  design_1_i/processing_system7_0/inst/PS7_i/FCLKCLK[0]
                         net (fo=1, routed)           1.088     1.088    design_1_i/processing_system7_0/inst/FCLK_CLK_unbuffered[0]
    BUFGCTRL_X0Y16       BUFG (Prop_bufg_I_O)         0.091     1.179 r  design_1_i/processing_system7_0/inst/buffer_fclk_clk_0.FCLK_CLK_0_BUFG/O
                         net (fo=4892, routed)        1.488     2.668    design_1_i/axis_clock_converter_0/inst/gen_async_conv.axisc_async_clock_converter_0/xpm_fifo_async_inst/gnuram_async_fifo.xpm_fifo_base_inst/gen_sdpram.xpm_memory_base_inst/clkb
    SLICE_X35Y32         FDRE                                         r  design_1_i/axis_clock_converter_0/inst/gen_async_conv.axisc_async_clock_converter_0/xpm_fifo_async_inst/gnuram_async_fifo.xpm_fifo_base_inst/gen_sdpram.xpm_memory_base_inst/gen_rd_b.doutb_reg_reg[29]/C

Slack:                    inf
  Source:                 design_1_i/axis_clock_converter_0/inst/gen_async_conv.axisc_async_clock_converter_0/xpm_fifo_async_inst/gnuram_async_fifo.xpm_fifo_base_inst/gen_sdpram.xpm_memory_base_inst/gen_wr_a.gen_word_narrow.mem_reg_0_31_0_5/RAMA_D1/CLK
                            (rising edge-triggered cell RAMD32 clocked by clk_out1_design_1_clk_wiz_0_0  {rise@0.000ns fall@4.069ns period=8.138ns})
  Destination:            design_1_i/axis_clock_converter_0/inst/gen_async_conv.axisc_async_clock_converter_0/xpm_fifo_async_inst/gnuram_async_fifo.xpm_fifo_base_inst/gen_sdpram.xpm_memory_base_inst/gen_rd_b.doutb_reg_reg[1]/D
                            (rising edge-triggered cell FDRE clocked by clk_fpga_0  {rise@0.000ns fall@10.000ns period=20.000ns})
  Path Group:             (none)
  Path Type:              Setup (Max at Slow Process Corner)
  Data Path Delay:        2.123ns  (logic 1.309ns (61.670%)  route 0.814ns (38.330%))
  Logic Levels:           0  
  Clock Path Skew:        -2.255ns (DCD - SCD + CPR)
    Destination Clock Delay (DCD):    2.741ns
    Source Clock Delay      (SCD):    4.996ns
    Clock Pessimism Removal (CPR):    0.000ns
  Clock Uncertainty:      0.414ns  ((TSJ^2 + TIJ^2 + DJ^2)^1/2) / 2 + PE
    Total System Jitter     (TSJ):    0.071ns
    Total Input Jitter      (TIJ):    0.600ns
    Discrete Jitter          (DJ):    0.126ns
    Phase Error              (PE):    0.105ns
  Timing Exception:       Asynchronous Clock Groups

    Location             Delay type                Incr(ns)  Path(ns)    Netlist Resource(s)
  -------------------------------------------------------------------    -------------------
                         (clock clk_out1_design_1_clk_wiz_0_0 rise edge)
                                                      0.000     0.000 r  
    U18                                               0.000     0.000 r  CLK_IN_D_0_clk_p[0] (IN)
                         net (fo=0)                   0.000     0.000    design_1_i/util_ds_buf_0/U0/IBUF_DS_P[0]
    U18                  IBUFDS (Prop_ibufds_I_O)     0.951     0.951 r  design_1_i/util_ds_buf_0/U0/USE_IBUFDS.GEN_IBUFDS[0].IBUFDS_I/O
                         net (fo=1, routed)           2.205     3.156    design_1_i/clk_wiz_0/inst/clk_in1
    BUFGCTRL_X0Y17       BUFG (Prop_bufg_I_O)         0.102     3.258 r  design_1_i/clk_wiz_0/inst/clkin1_bufg/O
                         net (fo=1, routed)           1.831     5.089    design_1_i/clk_wiz_0/inst/clk_in1_design_1_clk_wiz_0_0
    PLLE2_ADV_X1Y0       PLLE2_ADV (Prop_plle2_adv_CLKIN1_CLKOUT0)
                                                     -3.812     1.277 r  design_1_i/clk_wiz_0/inst/plle2_adv_inst/CLKOUT0
                         net (fo=1, routed)           1.883     3.160    design_1_i/clk_wiz_0/inst/clk_out1_design_1_clk_wiz_0_0
    BUFGCTRL_X0Y0        BUFG (Prop_bufg_I_O)         0.101     3.261 r  design_1_i/clk_wiz_0/inst/clkout1_buf/O
                         net (fo=2997, routed)        1.735     4.996    design_1_i/axis_clock_converter_0/inst/gen_async_conv.axisc_async_clock_converter_0/xpm_fifo_async_inst/gnuram_async_fifo.xpm_fifo_base_inst/gen_sdpram.xpm_memory_base_inst/gen_wr_a.gen_word_narrow.mem_reg_0_31_0_5/WCLK
    SLICE_X30Y32         RAMD32                                       r  design_1_i/axis_clock_converter_0/inst/gen_async_conv.axisc_async_clock_converter_0/xpm_fifo_async_inst/gnuram_async_fifo.xpm_fifo_base_inst/gen_sdpram.xpm_memory_base_inst/gen_wr_a.gen_word_narrow.mem_reg_0_31_0_5/RAMA_D1/CLK
  -------------------------------------------------------------------    -------------------
    SLICE_X30Y32         RAMD32 (Prop_ramd32_CLK_O)
                                                      1.309     6.305 r  design_1_i/axis_clock_converter_0/inst/gen_async_conv.axisc_async_clock_converter_0/xpm_fifo_async_inst/gnuram_async_fifo.xpm_fifo_base_inst/gen_sdpram.xpm_memory_base_inst/gen_wr_a.gen_word_narrow.mem_reg_0_31_0_5/RAMA_D1/O
                         net (fo=1, routed)           0.814     7.119    design_1_i/axis_clock_converter_0/inst/gen_async_conv.axisc_async_clock_converter_0/xpm_fifo_async_inst/gnuram_async_fifo.xpm_fifo_base_inst/gen_sdpram.xpm_memory_base_inst/gen_rd_b.doutb_reg0[1]
    SLICE_X26Y31         FDRE                                         r  design_1_i/axis_clock_converter_0/inst/gen_async_conv.axisc_async_clock_converter_0/xpm_fifo_async_inst/gnuram_async_fifo.xpm_fifo_base_inst/gen_sdpram.xpm_memory_base_inst/gen_rd_b.doutb_reg_reg[1]/D
  -------------------------------------------------------------------    -------------------

                         (clock clk_fpga_0 rise edge)
                                                      0.000     0.000 r  
    PS7_X0Y0             PS7                          0.000     0.000 r  design_1_i/processing_system7_0/inst/PS7_i/FCLKCLK[0]
                         net (fo=1, routed)           1.088     1.088    design_1_i/processing_system7_0/inst/FCLK_CLK_unbuffered[0]
    BUFGCTRL_X0Y16       BUFG (Prop_bufg_I_O)         0.091     1.179 r  design_1_i/processing_system7_0/inst/buffer_fclk_clk_0.FCLK_CLK_0_BUFG/O
                         net (fo=4892, routed)        1.562     2.741    design_1_i/axis_clock_converter_0/inst/gen_async_conv.axisc_async_clock_converter_0/xpm_fifo_async_inst/gnuram_async_fifo.xpm_fifo_base_inst/gen_sdpram.xpm_memory_base_inst/clkb
    SLICE_X26Y31         FDRE                                         r  design_1_i/axis_clock_converter_0/inst/gen_async_conv.axisc_async_clock_converter_0/xpm_fifo_async_inst/gnuram_async_fifo.xpm_fifo_base_inst/gen_sdpram.xpm_memory_base_inst/gen_rd_b.doutb_reg_reg[1]/C

Slack:                    inf
  Source:                 design_1_i/axis_clock_converter_0/inst/gen_async_conv.axisc_async_clock_converter_0/xpm_fifo_async_inst/gnuram_async_fifo.xpm_fifo_base_inst/gen_sdpram.xpm_memory_base_inst/gen_wr_a.gen_word_narrow.mem_reg_0_31_0_5/RAMB/CLK
                            (rising edge-triggered cell RAMD32 clocked by clk_out1_design_1_clk_wiz_0_0  {rise@0.000ns fall@4.069ns period=8.138ns})
  Destination:            design_1_i/axis_clock_converter_0/inst/gen_async_conv.axisc_async_clock_converter_0/xpm_fifo_async_inst/gnuram_async_fifo.xpm_fifo_base_inst/gen_sdpram.xpm_memory_base_inst/gen_rd_b.doutb_reg_reg[2]/D
                            (rising edge-triggered cell FDRE clocked by clk_fpga_0  {rise@0.000ns fall@10.000ns period=20.000ns})
  Path Group:             (none)
  Path Type:              Setup (Max at Slow Process Corner)
  Data Path Delay:        2.110ns  (logic 1.343ns (63.647%)  route 0.767ns (36.353%))
  Logic Levels:           0  
  Clock Path Skew:        -2.255ns (DCD - SCD + CPR)
    Destination Clock Delay (DCD):    2.741ns
    Source Clock Delay      (SCD):    4.996ns
    Clock Pessimism Removal (CPR):    0.000ns
  Clock Uncertainty:      0.414ns  ((TSJ^2 + TIJ^2 + DJ^2)^1/2) / 2 + PE
    Total System Jitter     (TSJ):    0.071ns
    Total Input Jitter      (TIJ):    0.600ns
    Discrete Jitter          (DJ):    0.126ns
    Phase Error              (PE):    0.105ns
  Timing Exception:       Asynchronous Clock Groups

    Location             Delay type                Incr(ns)  Path(ns)    Netlist Resource(s)
  -------------------------------------------------------------------    -------------------
                         (clock clk_out1_design_1_clk_wiz_0_0 rise edge)
                                                      0.000     0.000 r  
    U18                                               0.000     0.000 r  CLK_IN_D_0_clk_p[0] (IN)
                         net (fo=0)                   0.000     0.000    design_1_i/util_ds_buf_0/U0/IBUF_DS_P[0]
    U18                  IBUFDS (Prop_ibufds_I_O)     0.951     0.951 r  design_1_i/util_ds_buf_0/U0/USE_IBUFDS.GEN_IBUFDS[0].IBUFDS_I/O
                         net (fo=1, routed)           2.205     3.156    design_1_i/clk_wiz_0/inst/clk_in1
    BUFGCTRL_X0Y17       BUFG (Prop_bufg_I_O)         0.102     3.258 r  design_1_i/clk_wiz_0/inst/clkin1_bufg/O
                         net (fo=1, routed)           1.831     5.089    design_1_i/clk_wiz_0/inst/clk_in1_design_1_clk_wiz_0_0
    PLLE2_ADV_X1Y0       PLLE2_ADV (Prop_plle2_adv_CLKIN1_CLKOUT0)
                                                     -3.812     1.277 r  design_1_i/clk_wiz_0/inst/plle2_adv_inst/CLKOUT0
                         net (fo=1, routed)           1.883     3.160    design_1_i/clk_wiz_0/inst/clk_out1_design_1_clk_wiz_0_0
    BUFGCTRL_X0Y0        BUFG (Prop_bufg_I_O)         0.101     3.261 r  design_1_i/clk_wiz_0/inst/clkout1_buf/O
                         net (fo=2997, routed)        1.735     4.996    design_1_i/axis_clock_converter_0/inst/gen_async_conv.axisc_async_clock_converter_0/xpm_fifo_async_inst/gnuram_async_fifo.xpm_fifo_base_inst/gen_sdpram.xpm_memory_base_inst/gen_wr_a.gen_word_narrow.mem_reg_0_31_0_5/WCLK
    SLICE_X30Y32         RAMD32                                       r  design_1_i/axis_clock_converter_0/inst/gen_async_conv.axisc_async_clock_converter_0/xpm_fifo_async_inst/gnuram_async_fifo.xpm_fifo_base_inst/gen_sdpram.xpm_memory_base_inst/gen_wr_a.gen_word_narrow.mem_reg_0_31_0_5/RAMB/CLK
  -------------------------------------------------------------------    -------------------
    SLICE_X30Y32         RAMD32 (Prop_ramd32_CLK_O)
                                                      1.343     6.339 r  design_1_i/axis_clock_converter_0/inst/gen_async_conv.axisc_async_clock_converter_0/xpm_fifo_async_inst/gnuram_async_fifo.xpm_fifo_base_inst/gen_sdpram.xpm_memory_base_inst/gen_wr_a.gen_word_narrow.mem_reg_0_31_0_5/RAMB/O
                         net (fo=1, routed)           0.767     7.106    design_1_i/axis_clock_converter_0/inst/gen_async_conv.axisc_async_clock_converter_0/xpm_fifo_async_inst/gnuram_async_fifo.xpm_fifo_base_inst/gen_sdpram.xpm_memory_base_inst/gen_rd_b.doutb_reg0[2]
    SLICE_X26Y31         FDRE                                         r  design_1_i/axis_clock_converter_0/inst/gen_async_conv.axisc_async_clock_converter_0/xpm_fifo_async_inst/gnuram_async_fifo.xpm_fifo_base_inst/gen_sdpram.xpm_memory_base_inst/gen_rd_b.doutb_reg_reg[2]/D
  -------------------------------------------------------------------    -------------------

                         (clock clk_fpga_0 rise edge)
                                                      0.000     0.000 r  
    PS7_X0Y0             PS7                          0.000     0.000 r  design_1_i/processing_system7_0/inst/PS7_i/FCLKCLK[0]
                         net (fo=1, routed)           1.088     1.088    design_1_i/processing_system7_0/inst/FCLK_CLK_unbuffered[0]
    BUFGCTRL_X0Y16       BUFG (Prop_bufg_I_O)         0.091     1.179 r  design_1_i/processing_system7_0/inst/buffer_fclk_clk_0.FCLK_CLK_0_BUFG/O
                         net (fo=4892, routed)        1.562     2.741    design_1_i/axis_clock_converter_0/inst/gen_async_conv.axisc_async_clock_converter_0/xpm_fifo_async_inst/gnuram_async_fifo.xpm_fifo_base_inst/gen_sdpram.xpm_memory_base_inst/clkb
    SLICE_X26Y31         FDRE                                         r  design_1_i/axis_clock_converter_0/inst/gen_async_conv.axisc_async_clock_converter_0/xpm_fifo_async_inst/gnuram_async_fifo.xpm_fifo_base_inst/gen_sdpram.xpm_memory_base_inst/gen_rd_b.doutb_reg_reg[2]/C





Min Delay Paths
--------------------------------------------------------------------------------------
Slack:                    inf
  Source:                 design_1_i/axis_clock_converter_0/inst/gen_async_conv.axisc_async_clock_converter_0/xpm_fifo_async_inst/gnuram_async_fifo.xpm_fifo_base_inst/gen_cdc_pntr.wr_pntr_cdc_inst/src_gray_ff_reg[1]/C
                            (rising edge-triggered cell FDRE clocked by clk_out1_design_1_clk_wiz_0_0  {rise@0.000ns fall@4.069ns period=8.138ns})
  Destination:            design_1_i/axis_clock_converter_0/inst/gen_async_conv.axisc_async_clock_converter_0/xpm_fifo_async_inst/gnuram_async_fifo.xpm_fifo_base_inst/gen_cdc_pntr.wr_pntr_cdc_inst/dest_graysync_ff_reg[0][1]/D
                            (rising edge-triggered cell FDRE clocked by clk_fpga_0  {rise@0.000ns fall@10.000ns period=20.000ns})
  Path Group:             (none)
  Path Type:              Hold (Min at Fast Process Corner)
  Data Path Delay:        0.304ns  (logic 0.128ns (42.055%)  route 0.176ns (57.945%))
  Logic Levels:           0  
  Clock Path Skew:        -0.439ns (DCD - SCD - CPR)
    Destination Clock Delay (DCD):    1.190ns
    Source Clock Delay      (SCD):    1.629ns
    Clock Pessimism Removal (CPR):    -0.000ns
  Clock Uncertainty:      0.414ns  ((TSJ^2 + TIJ^2 + DJ^2)^1/2) / 2 + PE
    Total System Jitter     (TSJ):    0.071ns
    Total Input Jitter      (TIJ):    0.600ns
    Discrete Jitter          (DJ):    0.126ns
    Phase Error              (PE):    0.105ns
  Timing Exception:       Asynchronous Clock Groups

    Location             Delay type                Incr(ns)  Path(ns)    Netlist Resource(s)
  -------------------------------------------------------------------    -------------------
                         (clock clk_out1_design_1_clk_wiz_0_0 rise edge)
                                                      0.000     0.000 r  
    U18                                               0.000     0.000 r  CLK_IN_D_0_clk_p[0] (IN)
                         net (fo=0)                   0.000     0.000    design_1_i/util_ds_buf_0/U0/IBUF_DS_P[0]
    U18                  IBUFDS (Prop_ibufds_I_O)     0.370     0.370 r  design_1_i/util_ds_buf_0/U0/USE_IBUFDS.GEN_IBUFDS[0].IBUFDS_I/O
                         net (fo=1, routed)           0.674     1.044    design_1_i/clk_wiz_0/inst/clk_in1
    BUFGCTRL_X0Y17       BUFG (Prop_bufg_I_O)         0.027     1.071 r  design_1_i/clk_wiz_0/inst/clkin1_bufg/O
                         net (fo=1, routed)           0.602     1.673    design_1_i/clk_wiz_0/inst/clk_in1_design_1_clk_wiz_0_0
    PLLE2_ADV_X1Y0       PLLE2_ADV (Prop_plle2_adv_CLKIN1_CLKOUT0)
                                                     -1.169     0.503 r  design_1_i/clk_wiz_0/inst/plle2_adv_inst/CLKOUT0
                         net (fo=1, routed)           0.544     1.047    design_1_i/clk_wiz_0/inst/clk_out1_design_1_clk_wiz_0_0
    BUFGCTRL_X0Y0        BUFG (Prop_bufg_I_O)         0.026     1.073 r  design_1_i/clk_wiz_0/inst/clkout1_buf/O
                         net (fo=2997, routed)        0.556     1.629    design_1_i/axis_clock_converter_0/inst/gen_async_conv.axisc_async_clock_converter_0/xpm_fifo_async_inst/gnuram_async_fifo.xpm_fifo_base_inst/gen_cdc_pntr.wr_pntr_cdc_inst/src_clk
    SLICE_X39Y34         FDRE                                         r  design_1_i/axis_clock_converter_0/inst/gen_async_conv.axisc_async_clock_converter_0/xpm_fifo_async_inst/gnuram_async_fifo.xpm_fifo_base_inst/gen_cdc_pntr.wr_pntr_cdc_inst/src_gray_ff_reg[1]/C
  -------------------------------------------------------------------    -------------------
    SLICE_X39Y34         FDRE (Prop_fdre_C_Q)         0.128     1.757 r  design_1_i/axis_clock_converter_0/inst/gen_async_conv.axisc_async_clock_converter_0/xpm_fifo_async_inst/gnuram_async_fifo.xpm_fifo_base_inst/gen_cdc_pntr.wr_pntr_cdc_inst/src_gray_ff_reg[1]/Q
                         net (fo=1, routed)           0.176     1.933    design_1_i/axis_clock_converter_0/inst/gen_async_conv.axisc_async_clock_converter_0/xpm_fifo_async_inst/gnuram_async_fifo.xpm_fifo_base_inst/gen_cdc_pntr.wr_pntr_cdc_inst/async_path[1]
    SLICE_X40Y36         FDRE                                         r  design_1_i/axis_clock_converter_0/inst/gen_async_conv.axisc_async_clock_converter_0/xpm_fifo_async_inst/gnuram_async_fifo.xpm_fifo_base_inst/gen_cdc_pntr.wr_pntr_cdc_inst/dest_graysync_ff_reg[0][1]/D
  -------------------------------------------------------------------    -------------------

                         (clock clk_fpga_0 rise edge)
                                                      0.000     0.000 r  
    PS7_X0Y0             PS7                          0.000     0.000 r  design_1_i/processing_system7_0/inst/PS7_i/FCLKCLK[0]
                         net (fo=1, routed)           0.337     0.337    design_1_i/processing_system7_0/inst/FCLK_CLK_unbuffered[0]
    BUFGCTRL_X0Y16       BUFG (Prop_bufg_I_O)         0.029     0.366 r  design_1_i/processing_system7_0/inst/buffer_fclk_clk_0.FCLK_CLK_0_BUFG/O
                         net (fo=4892, routed)        0.824     1.190    design_1_i/axis_clock_converter_0/inst/gen_async_conv.axisc_async_clock_converter_0/xpm_fifo_async_inst/gnuram_async_fifo.xpm_fifo_base_inst/gen_cdc_pntr.wr_pntr_cdc_inst/dest_clk
    SLICE_X40Y36         FDRE                                         r  design_1_i/axis_clock_converter_0/inst/gen_async_conv.axisc_async_clock_converter_0/xpm_fifo_async_inst/gnuram_async_fifo.xpm_fifo_base_inst/gen_cdc_pntr.wr_pntr_cdc_inst/dest_graysync_ff_reg[0][1]/C

Slack:                    inf
  Source:                 design_1_i/axis_clock_converter_0/inst/gen_async_conv.axisc_async_clock_converter_0/xpm_fifo_async_inst/gnuram_async_fifo.xpm_fifo_base_inst/xpm_fifo_rst_inst/gen_rst_ic.fifo_wr_rst_ic_reg/C
                            (rising edge-triggered cell FDRE clocked by clk_out1_design_1_clk_wiz_0_0  {rise@0.000ns fall@4.069ns period=8.138ns})
  Destination:            design_1_i/axis_clock_converter_0/inst/gen_async_conv.axisc_async_clock_converter_0/xpm_fifo_async_inst/gnuram_async_fifo.xpm_fifo_base_inst/xpm_fifo_rst_inst/gen_rst_ic.wrst_rd_inst/syncstages_ff_reg[0]/D
                            (rising edge-triggered cell FDRE clocked by clk_fpga_0  {rise@0.000ns fall@10.000ns period=20.000ns})
  Path Group:             (none)
  Path Type:              Hold (Min at Fast Process Corner)
  Data Path Delay:        0.327ns  (logic 0.141ns (43.097%)  route 0.186ns (56.903%))
  Logic Levels:           0  
  Clock Path Skew:        -0.438ns (DCD - SCD - CPR)
    Destination Clock Delay (DCD):    1.190ns
    Source Clock Delay      (SCD):    1.628ns
    Clock Pessimism Removal (CPR):    -0.000ns
  Clock Uncertainty:      0.414ns  ((TSJ^2 + TIJ^2 + DJ^2)^1/2) / 2 + PE
    Total System Jitter     (TSJ):    0.071ns
    Total Input Jitter      (TIJ):    0.600ns
    Discrete Jitter          (DJ):    0.126ns
    Phase Error              (PE):    0.105ns
  Timing Exception:       Asynchronous Clock Groups

    Location             Delay type                Incr(ns)  Path(ns)    Netlist Resource(s)
  -------------------------------------------------------------------    -------------------
                         (clock clk_out1_design_1_clk_wiz_0_0 rise edge)
                                                      0.000     0.000 r  
    U18                                               0.000     0.000 r  CLK_IN_D_0_clk_p[0] (IN)
                         net (fo=0)                   0.000     0.000    design_1_i/util_ds_buf_0/U0/IBUF_DS_P[0]
    U18                  IBUFDS (Prop_ibufds_I_O)     0.370     0.370 r  design_1_i/util_ds_buf_0/U0/USE_IBUFDS.GEN_IBUFDS[0].IBUFDS_I/O
                         net (fo=1, routed)           0.674     1.044    design_1_i/clk_wiz_0/inst/clk_in1
    BUFGCTRL_X0Y17       BUFG (Prop_bufg_I_O)         0.027     1.071 r  design_1_i/clk_wiz_0/inst/clkin1_bufg/O
                         net (fo=1, routed)           0.602     1.673    design_1_i/clk_wiz_0/inst/clk_in1_design_1_clk_wiz_0_0
    PLLE2_ADV_X1Y0       PLLE2_ADV (Prop_plle2_adv_CLKIN1_CLKOUT0)
                                                     -1.169     0.503 r  design_1_i/clk_wiz_0/inst/plle2_adv_inst/CLKOUT0
                         net (fo=1, routed)           0.544     1.047    design_1_i/clk_wiz_0/inst/clk_out1_design_1_clk_wiz_0_0
    BUFGCTRL_X0Y0        BUFG (Prop_bufg_I_O)         0.026     1.073 r  design_1_i/clk_wiz_0/inst/clkout1_buf/O
                         net (fo=2997, routed)        0.555     1.628    design_1_i/axis_clock_converter_0/inst/gen_async_conv.axisc_async_clock_converter_0/xpm_fifo_async_inst/gnuram_async_fifo.xpm_fifo_base_inst/xpm_fifo_rst_inst/wr_clk
    SLICE_X48Y36         FDRE                                         r  design_1_i/axis_clock_converter_0/inst/gen_async_conv.axisc_async_clock_converter_0/xpm_fifo_async_inst/gnuram_async_fifo.xpm_fifo_base_inst/xpm_fifo_rst_inst/gen_rst_ic.fifo_wr_rst_ic_reg/C
  -------------------------------------------------------------------    -------------------
    SLICE_X48Y36         FDRE (Prop_fdre_C_Q)         0.141     1.769 r  design_1_i/axis_clock_converter_0/inst/gen_async_conv.axisc_async_clock_converter_0/xpm_fifo_async_inst/gnuram_async_fifo.xpm_fifo_base_inst/xpm_fifo_rst_inst/gen_rst_ic.fifo_wr_rst_ic_reg/Q
                         net (fo=2, routed)           0.186     1.955    design_1_i/axis_clock_converter_0/inst/gen_async_conv.axisc_async_clock_converter_0/xpm_fifo_async_inst/gnuram_async_fifo.xpm_fifo_base_inst/xpm_fifo_rst_inst/gen_rst_ic.wrst_rd_inst/src_rst
    SLICE_X46Y36         FDRE                                         r  design_1_i/axis_clock_converter_0/inst/gen_async_conv.axisc_async_clock_converter_0/xpm_fifo_async_inst/gnuram_async_fifo.xpm_fifo_base_inst/xpm_fifo_rst_inst/gen_rst_ic.wrst_rd_inst/syncstages_ff_reg[0]/D
  -------------------------------------------------------------------    -------------------

                         (clock clk_fpga_0 rise edge)
                                                      0.000     0.000 r  
    PS7_X0Y0             PS7                          0.000     0.000 r  design_1_i/processing_system7_0/inst/PS7_i/FCLKCLK[0]
                         net (fo=1, routed)           0.337     0.337    design_1_i/processing_system7_0/inst/FCLK_CLK_unbuffered[0]
    BUFGCTRL_X0Y16       BUFG (Prop_bufg_I_O)         0.029     0.366 r  design_1_i/processing_system7_0/inst/buffer_fclk_clk_0.FCLK_CLK_0_BUFG/O
                         net (fo=4892, routed)        0.824     1.190    design_1_i/axis_clock_converter_0/inst/gen_async_conv.axisc_async_clock_converter_0/xpm_fifo_async_inst/gnuram_async_fifo.xpm_fifo_base_inst/xpm_fifo_rst_inst/gen_rst_ic.wrst_rd_inst/dest_clk
    SLICE_X46Y36         FDRE                                         r  design_1_i/axis_clock_converter_0/inst/gen_async_conv.axisc_async_clock_converter_0/xpm_fifo_async_inst/gnuram_async_fifo.xpm_fifo_base_inst/xpm_fifo_rst_inst/gen_rst_ic.wrst_rd_inst/syncstages_ff_reg[0]/C

Slack:                    inf
  Source:                 design_1_i/axis_clock_converter_0/inst/gen_async_conv.axisc_async_clock_converter_0/xpm_fifo_async_inst/gnuram_async_fifo.xpm_fifo_base_inst/gen_cdc_pntr.wr_pntr_cdc_inst/src_gray_ff_reg[2]/C
                            (rising edge-triggered cell FDRE clocked by clk_out1_design_1_clk_wiz_0_0  {rise@0.000ns fall@4.069ns period=8.138ns})
  Destination:            design_1_i/axis_clock_converter_0/inst/gen_async_conv.axisc_async_clock_converter_0/xpm_fifo_async_inst/gnuram_async_fifo.xpm_fifo_base_inst/gen_cdc_pntr.wr_pntr_cdc_inst/dest_graysync_ff_reg[0][2]/D
                            (rising edge-triggered cell FDRE clocked by clk_fpga_0  {rise@0.000ns fall@10.000ns period=20.000ns})
  Path Group:             (none)
  Path Type:              Hold (Min at Fast Process Corner)
  Data Path Delay:        0.336ns  (logic 0.141ns (41.943%)  route 0.195ns (58.057%))
  Logic Levels:           0  
  Clock Path Skew:        -0.439ns (DCD - SCD - CPR)
    Destination Clock Delay (DCD):    1.190ns
    Source Clock Delay      (SCD):    1.629ns
    Clock Pessimism Removal (CPR):    -0.000ns
  Clock Uncertainty:      0.414ns  ((TSJ^2 + TIJ^2 + DJ^2)^1/2) / 2 + PE
    Total System Jitter     (TSJ):    0.071ns
    Total Input Jitter      (TIJ):    0.600ns
    Discrete Jitter          (DJ):    0.126ns
    Phase Error              (PE):    0.105ns
  Timing Exception:       Asynchronous Clock Groups

    Location             Delay type                Incr(ns)  Path(ns)    Netlist Resource(s)
  -------------------------------------------------------------------    -------------------
                         (clock clk_out1_design_1_clk_wiz_0_0 rise edge)
                                                      0.000     0.000 r  
    U18                                               0.000     0.000 r  CLK_IN_D_0_clk_p[0] (IN)
                         net (fo=0)                   0.000     0.000    design_1_i/util_ds_buf_0/U0/IBUF_DS_P[0]
    U18                  IBUFDS (Prop_ibufds_I_O)     0.370     0.370 r  design_1_i/util_ds_buf_0/U0/USE_IBUFDS.GEN_IBUFDS[0].IBUFDS_I/O
                         net (fo=1, routed)           0.674     1.044    design_1_i/clk_wiz_0/inst/clk_in1
    BUFGCTRL_X0Y17       BUFG (Prop_bufg_I_O)         0.027     1.071 r  design_1_i/clk_wiz_0/inst/clkin1_bufg/O
                         net (fo=1, routed)           0.602     1.673    design_1_i/clk_wiz_0/inst/clk_in1_design_1_clk_wiz_0_0
    PLLE2_ADV_X1Y0       PLLE2_ADV (Prop_plle2_adv_CLKIN1_CLKOUT0)
                                                     -1.169     0.503 r  design_1_i/clk_wiz_0/inst/plle2_adv_inst/CLKOUT0
                         net (fo=1, routed)           0.544     1.047    design_1_i/clk_wiz_0/inst/clk_out1_design_1_clk_wiz_0_0
    BUFGCTRL_X0Y0        BUFG (Prop_bufg_I_O)         0.026     1.073 r  design_1_i/clk_wiz_0/inst/clkout1_buf/O
                         net (fo=2997, routed)        0.556     1.629    design_1_i/axis_clock_converter_0/inst/gen_async_conv.axisc_async_clock_converter_0/xpm_fifo_async_inst/gnuram_async_fifo.xpm_fifo_base_inst/gen_cdc_pntr.wr_pntr_cdc_inst/src_clk
    SLICE_X39Y35         FDRE                                         r  design_1_i/axis_clock_converter_0/inst/gen_async_conv.axisc_async_clock_converter_0/xpm_fifo_async_inst/gnuram_async_fifo.xpm_fifo_base_inst/gen_cdc_pntr.wr_pntr_cdc_inst/src_gray_ff_reg[2]/C
  -------------------------------------------------------------------    -------------------
    SLICE_X39Y35         FDRE (Prop_fdre_C_Q)         0.141     1.770 r  design_1_i/axis_clock_converter_0/inst/gen_async_conv.axisc_async_clock_converter_0/xpm_fifo_async_inst/gnuram_async_fifo.xpm_fifo_base_inst/gen_cdc_pntr.wr_pntr_cdc_inst/src_gray_ff_reg[2]/Q
                         net (fo=1, routed)           0.195     1.965    design_1_i/axis_clock_converter_0/inst/gen_async_conv.axisc_async_clock_converter_0/xpm_fifo_async_inst/gnuram_async_fifo.xpm_fifo_base_inst/gen_cdc_pntr.wr_pntr_cdc_inst/async_path[2]
    SLICE_X39Y36         FDRE                                         r  design_1_i/axis_clock_converter_0/inst/gen_async_conv.axisc_async_clock_converter_0/xpm_fifo_async_inst/gnuram_async_fifo.xpm_fifo_base_inst/gen_cdc_pntr.wr_pntr_cdc_inst/dest_graysync_ff_reg[0][2]/D
  -------------------------------------------------------------------    -------------------

                         (clock clk_fpga_0 rise edge)
                                                      0.000     0.000 r  
    PS7_X0Y0             PS7                          0.000     0.000 r  design_1_i/processing_system7_0/inst/PS7_i/FCLKCLK[0]
                         net (fo=1, routed)           0.337     0.337    design_1_i/processing_system7_0/inst/FCLK_CLK_unbuffered[0]
    BUFGCTRL_X0Y16       BUFG (Prop_bufg_I_O)         0.029     0.366 r  design_1_i/processing_system7_0/inst/buffer_fclk_clk_0.FCLK_CLK_0_BUFG/O
                         net (fo=4892, routed)        0.824     1.190    design_1_i/axis_clock_converter_0/inst/gen_async_conv.axisc_async_clock_converter_0/xpm_fifo_async_inst/gnuram_async_fifo.xpm_fifo_base_inst/gen_cdc_pntr.wr_pntr_cdc_inst/dest_clk
    SLICE_X39Y36         FDRE                                         r  design_1_i/axis_clock_converter_0/inst/gen_async_conv.axisc_async_clock_converter_0/xpm_fifo_async_inst/gnuram_async_fifo.xpm_fifo_base_inst/gen_cdc_pntr.wr_pntr_cdc_inst/dest_graysync_ff_reg[0][2]/C

Slack:                    inf
  Source:                 design_1_i/axis_clock_converter_0/inst/gen_async_conv.axisc_async_clock_converter_0/xpm_fifo_async_inst/gnuram_async_fifo.xpm_fifo_base_inst/gen_cdc_pntr.wr_pntr_cdc_inst/src_gray_ff_reg[3]/C
                            (rising edge-triggered cell FDRE clocked by clk_out1_design_1_clk_wiz_0_0  {rise@0.000ns fall@4.069ns period=8.138ns})
  Destination:            design_1_i/axis_clock_converter_0/inst/gen_async_conv.axisc_async_clock_converter_0/xpm_fifo_async_inst/gnuram_async_fifo.xpm_fifo_base_inst/gen_cdc_pntr.wr_pntr_cdc_inst/dest_graysync_ff_reg[0][3]/D
                            (rising edge-triggered cell FDRE clocked by clk_fpga_0  {rise@0.000ns fall@10.000ns period=20.000ns})
  Path Group:             (none)
  Path Type:              Hold (Min at Fast Process Corner)
  Data Path Delay:        0.355ns  (logic 0.128ns (36.069%)  route 0.227ns (63.931%))
  Logic Levels:           0  
  Clock Path Skew:        -0.439ns (DCD - SCD - CPR)
    Destination Clock Delay (DCD):    1.190ns
    Source Clock Delay      (SCD):    1.629ns
    Clock Pessimism Removal (CPR):    -0.000ns
  Clock Uncertainty:      0.414ns  ((TSJ^2 + TIJ^2 + DJ^2)^1/2) / 2 + PE
    Total System Jitter     (TSJ):    0.071ns
    Total Input Jitter      (TIJ):    0.600ns
    Discrete Jitter          (DJ):    0.126ns
    Phase Error              (PE):    0.105ns
  Timing Exception:       Asynchronous Clock Groups

    Location             Delay type                Incr(ns)  Path(ns)    Netlist Resource(s)
  -------------------------------------------------------------------    -------------------
                         (clock clk_out1_design_1_clk_wiz_0_0 rise edge)
                                                      0.000     0.000 r  
    U18                                               0.000     0.000 r  CLK_IN_D_0_clk_p[0] (IN)
                         net (fo=0)                   0.000     0.000    design_1_i/util_ds_buf_0/U0/IBUF_DS_P[0]
    U18                  IBUFDS (Prop_ibufds_I_O)     0.370     0.370 r  design_1_i/util_ds_buf_0/U0/USE_IBUFDS.GEN_IBUFDS[0].IBUFDS_I/O
                         net (fo=1, routed)           0.674     1.044    design_1_i/clk_wiz_0/inst/clk_in1
    BUFGCTRL_X0Y17       BUFG (Prop_bufg_I_O)         0.027     1.071 r  design_1_i/clk_wiz_0/inst/clkin1_bufg/O
                         net (fo=1, routed)           0.602     1.673    design_1_i/clk_wiz_0/inst/clk_in1_design_1_clk_wiz_0_0
    PLLE2_ADV_X1Y0       PLLE2_ADV (Prop_plle2_adv_CLKIN1_CLKOUT0)
                                                     -1.169     0.503 r  design_1_i/clk_wiz_0/inst/plle2_adv_inst/CLKOUT0
                         net (fo=1, routed)           0.544     1.047    design_1_i/clk_wiz_0/inst/clk_out1_design_1_clk_wiz_0_0
    BUFGCTRL_X0Y0        BUFG (Prop_bufg_I_O)         0.026     1.073 r  design_1_i/clk_wiz_0/inst/clkout1_buf/O
                         net (fo=2997, routed)        0.556     1.629    design_1_i/axis_clock_converter_0/inst/gen_async_conv.axisc_async_clock_converter_0/xpm_fifo_async_inst/gnuram_async_fifo.xpm_fifo_base_inst/gen_cdc_pntr.wr_pntr_cdc_inst/src_clk
    SLICE_X39Y35         FDRE                                         r  design_1_i/axis_clock_converter_0/inst/gen_async_conv.axisc_async_clock_converter_0/xpm_fifo_async_inst/gnuram_async_fifo.xpm_fifo_base_inst/gen_cdc_pntr.wr_pntr_cdc_inst/src_gray_ff_reg[3]/C
  -------------------------------------------------------------------    -------------------
    SLICE_X39Y35         FDRE (Prop_fdre_C_Q)         0.128     1.757 r  design_1_i/axis_clock_converter_0/inst/gen_async_conv.axisc_async_clock_converter_0/xpm_fifo_async_inst/gnuram_async_fifo.xpm_fifo_base_inst/gen_cdc_pntr.wr_pntr_cdc_inst/src_gray_ff_reg[3]/Q
                         net (fo=1, routed)           0.227     1.984    design_1_i/axis_clock_converter_0/inst/gen_async_conv.axisc_async_clock_converter_0/xpm_fifo_async_inst/gnuram_async_fifo.xpm_fifo_base_inst/gen_cdc_pntr.wr_pntr_cdc_inst/async_path[3]
    SLICE_X39Y36         FDRE                                         r  design_1_i/axis_clock_converter_0/inst/gen_async_conv.axisc_async_clock_converter_0/xpm_fifo_async_inst/gnuram_async_fifo.xpm_fifo_base_inst/gen_cdc_pntr.wr_pntr_cdc_inst/dest_graysync_ff_reg[0][3]/D
  -------------------------------------------------------------------    -------------------

                         (clock clk_fpga_0 rise edge)
                                                      0.000     0.000 r  
    PS7_X0Y0             PS7                          0.000     0.000 r  design_1_i/processing_system7_0/inst/PS7_i/FCLKCLK[0]
                         net (fo=1, routed)           0.337     0.337    design_1_i/processing_system7_0/inst/FCLK_CLK_unbuffered[0]
    BUFGCTRL_X0Y16       BUFG (Prop_bufg_I_O)         0.029     0.366 r  design_1_i/processing_system7_0/inst/buffer_fclk_clk_0.FCLK_CLK_0_BUFG/O
                         net (fo=4892, routed)        0.824     1.190    design_1_i/axis_clock_converter_0/inst/gen_async_conv.axisc_async_clock_converter_0/xpm_fifo_async_inst/gnuram_async_fifo.xpm_fifo_base_inst/gen_cdc_pntr.wr_pntr_cdc_inst/dest_clk
    SLICE_X39Y36         FDRE                                         r  design_1_i/axis_clock_converter_0/inst/gen_async_conv.axisc_async_clock_converter_0/xpm_fifo_async_inst/gnuram_async_fifo.xpm_fifo_base_inst/gen_cdc_pntr.wr_pntr_cdc_inst/dest_graysync_ff_reg[0][3]/C

Slack:                    inf
  Source:                 design_1_i/axis_clock_converter_0/inst/gen_async_conv.axisc_async_clock_converter_0/xpm_fifo_async_inst/gnuram_async_fifo.xpm_fifo_base_inst/gen_cdc_pntr.wr_pntr_cdc_inst/src_gray_ff_reg[0]/C
                            (rising edge-triggered cell FDRE clocked by clk_out1_design_1_clk_wiz_0_0  {rise@0.000ns fall@4.069ns period=8.138ns})
  Destination:            design_1_i/axis_clock_converter_0/inst/gen_async_conv.axisc_async_clock_converter_0/xpm_fifo_async_inst/gnuram_async_fifo.xpm_fifo_base_inst/gen_cdc_pntr.wr_pntr_cdc_inst/dest_graysync_ff_reg[0][0]/D
                            (rising edge-triggered cell FDRE clocked by clk_fpga_0  {rise@0.000ns fall@10.000ns period=20.000ns})
  Path Group:             (none)
  Path Type:              Hold (Min at Fast Process Corner)
  Data Path Delay:        0.366ns  (logic 0.141ns (38.566%)  route 0.225ns (61.434%))
  Logic Levels:           0  
  Clock Path Skew:        -0.439ns (DCD - SCD - CPR)
    Destination Clock Delay (DCD):    1.190ns
    Source Clock Delay      (SCD):    1.629ns
    Clock Pessimism Removal (CPR):    -0.000ns
  Clock Uncertainty:      0.414ns  ((TSJ^2 + TIJ^2 + DJ^2)^1/2) / 2 + PE
    Total System Jitter     (TSJ):    0.071ns
    Total Input Jitter      (TIJ):    0.600ns
    Discrete Jitter          (DJ):    0.126ns
    Phase Error              (PE):    0.105ns
  Timing Exception:       Asynchronous Clock Groups

    Location             Delay type                Incr(ns)  Path(ns)    Netlist Resource(s)
  -------------------------------------------------------------------    -------------------
                         (clock clk_out1_design_1_clk_wiz_0_0 rise edge)
                                                      0.000     0.000 r  
    U18                                               0.000     0.000 r  CLK_IN_D_0_clk_p[0] (IN)
                         net (fo=0)                   0.000     0.000    design_1_i/util_ds_buf_0/U0/IBUF_DS_P[0]
    U18                  IBUFDS (Prop_ibufds_I_O)     0.370     0.370 r  design_1_i/util_ds_buf_0/U0/USE_IBUFDS.GEN_IBUFDS[0].IBUFDS_I/O
                         net (fo=1, routed)           0.674     1.044    design_1_i/clk_wiz_0/inst/clk_in1
    BUFGCTRL_X0Y17       BUFG (Prop_bufg_I_O)         0.027     1.071 r  design_1_i/clk_wiz_0/inst/clkin1_bufg/O
                         net (fo=1, routed)           0.602     1.673    design_1_i/clk_wiz_0/inst/clk_in1_design_1_clk_wiz_0_0
    PLLE2_ADV_X1Y0       PLLE2_ADV (Prop_plle2_adv_CLKIN1_CLKOUT0)
                                                     -1.169     0.503 r  design_1_i/clk_wiz_0/inst/plle2_adv_inst/CLKOUT0
                         net (fo=1, routed)           0.544     1.047    design_1_i/clk_wiz_0/inst/clk_out1_design_1_clk_wiz_0_0
    BUFGCTRL_X0Y0        BUFG (Prop_bufg_I_O)         0.026     1.073 r  design_1_i/clk_wiz_0/inst/clkout1_buf/O
                         net (fo=2997, routed)        0.556     1.629    design_1_i/axis_clock_converter_0/inst/gen_async_conv.axisc_async_clock_converter_0/xpm_fifo_async_inst/gnuram_async_fifo.xpm_fifo_base_inst/gen_cdc_pntr.wr_pntr_cdc_inst/src_clk
    SLICE_X39Y34         FDRE                                         r  design_1_i/axis_clock_converter_0/inst/gen_async_conv.axisc_async_clock_converter_0/xpm_fifo_async_inst/gnuram_async_fifo.xpm_fifo_base_inst/gen_cdc_pntr.wr_pntr_cdc_inst/src_gray_ff_reg[0]/C
  -------------------------------------------------------------------    -------------------
    SLICE_X39Y34         FDRE (Prop_fdre_C_Q)         0.141     1.770 r  design_1_i/axis_clock_converter_0/inst/gen_async_conv.axisc_async_clock_converter_0/xpm_fifo_async_inst/gnuram_async_fifo.xpm_fifo_base_inst/gen_cdc_pntr.wr_pntr_cdc_inst/src_gray_ff_reg[0]/Q
                         net (fo=1, routed)           0.225     1.994    design_1_i/axis_clock_converter_0/inst/gen_async_conv.axisc_async_clock_converter_0/xpm_fifo_async_inst/gnuram_async_fifo.xpm_fifo_base_inst/gen_cdc_pntr.wr_pntr_cdc_inst/async_path[0]
    SLICE_X40Y36         FDRE                                         r  design_1_i/axis_clock_converter_0/inst/gen_async_conv.axisc_async_clock_converter_0/xpm_fifo_async_inst/gnuram_async_fifo.xpm_fifo_base_inst/gen_cdc_pntr.wr_pntr_cdc_inst/dest_graysync_ff_reg[0][0]/D
  -------------------------------------------------------------------    -------------------

                         (clock clk_fpga_0 rise edge)
                                                      0.000     0.000 r  
    PS7_X0Y0             PS7                          0.000     0.000 r  design_1_i/processing_system7_0/inst/PS7_i/FCLKCLK[0]
                         net (fo=1, routed)           0.337     0.337    design_1_i/processing_system7_0/inst/FCLK_CLK_unbuffered[0]
    BUFGCTRL_X0Y16       BUFG (Prop_bufg_I_O)         0.029     0.366 r  design_1_i/processing_system7_0/inst/buffer_fclk_clk_0.FCLK_CLK_0_BUFG/O
                         net (fo=4892, routed)        0.824     1.190    design_1_i/axis_clock_converter_0/inst/gen_async_conv.axisc_async_clock_converter_0/xpm_fifo_async_inst/gnuram_async_fifo.xpm_fifo_base_inst/gen_cdc_pntr.wr_pntr_cdc_inst/dest_clk
    SLICE_X40Y36         FDRE                                         r  design_1_i/axis_clock_converter_0/inst/gen_async_conv.axisc_async_clock_converter_0/xpm_fifo_async_inst/gnuram_async_fifo.xpm_fifo_base_inst/gen_cdc_pntr.wr_pntr_cdc_inst/dest_graysync_ff_reg[0][0]/C

Slack:                    inf
  Source:                 design_1_i/axis_clock_converter_0/inst/gen_async_conv.axisc_async_clock_converter_0/xpm_fifo_async_inst/gnuram_async_fifo.xpm_fifo_base_inst/gen_cdc_pntr.wr_pntr_cdc_inst/src_gray_ff_reg[4]/C
                            (rising edge-triggered cell FDRE clocked by clk_out1_design_1_clk_wiz_0_0  {rise@0.000ns fall@4.069ns period=8.138ns})
  Destination:            design_1_i/axis_clock_converter_0/inst/gen_async_conv.axisc_async_clock_converter_0/xpm_fifo_async_inst/gnuram_async_fifo.xpm_fifo_base_inst/gen_cdc_pntr.wr_pntr_cdc_inst/dest_graysync_ff_reg[0][4]/D
                            (rising edge-triggered cell FDRE clocked by clk_fpga_0  {rise@0.000ns fall@10.000ns period=20.000ns})
  Path Group:             (none)
  Path Type:              Hold (Min at Fast Process Corner)
  Data Path Delay:        0.386ns  (logic 0.164ns (42.444%)  route 0.222ns (57.556%))
  Logic Levels:           0  
  Clock Path Skew:        -0.439ns (DCD - SCD - CPR)
    Destination Clock Delay (DCD):    1.190ns
    Source Clock Delay      (SCD):    1.629ns
    Clock Pessimism Removal (CPR):    -0.000ns
  Clock Uncertainty:      0.414ns  ((TSJ^2 + TIJ^2 + DJ^2)^1/2) / 2 + PE
    Total System Jitter     (TSJ):    0.071ns
    Total Input Jitter      (TIJ):    0.600ns
    Discrete Jitter          (DJ):    0.126ns
    Phase Error              (PE):    0.105ns
  Timing Exception:       Asynchronous Clock Groups

    Location             Delay type                Incr(ns)  Path(ns)    Netlist Resource(s)
  -------------------------------------------------------------------    -------------------
                         (clock clk_out1_design_1_clk_wiz_0_0 rise edge)
                                                      0.000     0.000 r  
    U18                                               0.000     0.000 r  CLK_IN_D_0_clk_p[0] (IN)
                         net (fo=0)                   0.000     0.000    design_1_i/util_ds_buf_0/U0/IBUF_DS_P[0]
    U18                  IBUFDS (Prop_ibufds_I_O)     0.370     0.370 r  design_1_i/util_ds_buf_0/U0/USE_IBUFDS.GEN_IBUFDS[0].IBUFDS_I/O
                         net (fo=1, routed)           0.674     1.044    design_1_i/clk_wiz_0/inst/clk_in1
    BUFGCTRL_X0Y17       BUFG (Prop_bufg_I_O)         0.027     1.071 r  design_1_i/clk_wiz_0/inst/clkin1_bufg/O
                         net (fo=1, routed)           0.602     1.673    design_1_i/clk_wiz_0/inst/clk_in1_design_1_clk_wiz_0_0
    PLLE2_ADV_X1Y0       PLLE2_ADV (Prop_plle2_adv_CLKIN1_CLKOUT0)
                                                     -1.169     0.503 r  design_1_i/clk_wiz_0/inst/plle2_adv_inst/CLKOUT0
                         net (fo=1, routed)           0.544     1.047    design_1_i/clk_wiz_0/inst/clk_out1_design_1_clk_wiz_0_0
    BUFGCTRL_X0Y0        BUFG (Prop_bufg_I_O)         0.026     1.073 r  design_1_i/clk_wiz_0/inst/clkout1_buf/O
                         net (fo=2997, routed)        0.556     1.629    design_1_i/axis_clock_converter_0/inst/gen_async_conv.axisc_async_clock_converter_0/xpm_fifo_async_inst/gnuram_async_fifo.xpm_fifo_base_inst/gen_cdc_pntr.wr_pntr_cdc_inst/src_clk
    SLICE_X38Y36         FDRE                                         r  design_1_i/axis_clock_converter_0/inst/gen_async_conv.axisc_async_clock_converter_0/xpm_fifo_async_inst/gnuram_async_fifo.xpm_fifo_base_inst/gen_cdc_pntr.wr_pntr_cdc_inst/src_gray_ff_reg[4]/C
  -------------------------------------------------------------------    -------------------
    SLICE_X38Y36         FDRE (Prop_fdre_C_Q)         0.164     1.793 r  design_1_i/axis_clock_converter_0/inst/gen_async_conv.axisc_async_clock_converter_0/xpm_fifo_async_inst/gnuram_async_fifo.xpm_fifo_base_inst/gen_cdc_pntr.wr_pntr_cdc_inst/src_gray_ff_reg[4]/Q
                         net (fo=1, routed)           0.222     2.015    design_1_i/axis_clock_converter_0/inst/gen_async_conv.axisc_async_clock_converter_0/xpm_fifo_async_inst/gnuram_async_fifo.xpm_fifo_base_inst/gen_cdc_pntr.wr_pntr_cdc_inst/async_path[4]
    SLICE_X39Y36         FDRE                                         r  design_1_i/axis_clock_converter_0/inst/gen_async_conv.axisc_async_clock_converter_0/xpm_fifo_async_inst/gnuram_async_fifo.xpm_fifo_base_inst/gen_cdc_pntr.wr_pntr_cdc_inst/dest_graysync_ff_reg[0][4]/D
  -------------------------------------------------------------------    -------------------

                         (clock clk_fpga_0 rise edge)
                                                      0.000     0.000 r  
    PS7_X0Y0             PS7                          0.000     0.000 r  design_1_i/processing_system7_0/inst/PS7_i/FCLKCLK[0]
                         net (fo=1, routed)           0.337     0.337    design_1_i/processing_system7_0/inst/FCLK_CLK_unbuffered[0]
    BUFGCTRL_X0Y16       BUFG (Prop_bufg_I_O)         0.029     0.366 r  design_1_i/processing_system7_0/inst/buffer_fclk_clk_0.FCLK_CLK_0_BUFG/O
                         net (fo=4892, routed)        0.824     1.190    design_1_i/axis_clock_converter_0/inst/gen_async_conv.axisc_async_clock_converter_0/xpm_fifo_async_inst/gnuram_async_fifo.xpm_fifo_base_inst/gen_cdc_pntr.wr_pntr_cdc_inst/dest_clk
    SLICE_X39Y36         FDRE                                         r  design_1_i/axis_clock_converter_0/inst/gen_async_conv.axisc_async_clock_converter_0/xpm_fifo_async_inst/gnuram_async_fifo.xpm_fifo_base_inst/gen_cdc_pntr.wr_pntr_cdc_inst/dest_graysync_ff_reg[0][4]/C

Slack:                    inf
  Source:                 design_1_i/axis_clock_converter_0/inst/gen_async_conv.axisc_async_clock_converter_0/xpm_fifo_async_inst/gnuram_async_fifo.xpm_fifo_base_inst/gen_sdpram.xpm_memory_base_inst/gen_wr_a.gen_word_narrow.mem_reg_0_31_12_17/RAMC/CLK
                            (rising edge-triggered cell RAMD32 clocked by clk_out1_design_1_clk_wiz_0_0  {rise@0.000ns fall@4.069ns period=8.138ns})
  Destination:            design_1_i/axis_clock_converter_0/inst/gen_async_conv.axisc_async_clock_converter_0/xpm_fifo_async_inst/gnuram_async_fifo.xpm_fifo_base_inst/gen_sdpram.xpm_memory_base_inst/gen_rd_b.doutb_reg_reg[16]/D
                            (rising edge-triggered cell FDRE clocked by clk_fpga_0  {rise@0.000ns fall@10.000ns period=20.000ns})
  Path Group:             (none)
  Path Type:              Hold (Min at Fast Process Corner)
  Data Path Delay:        0.449ns  (logic 0.390ns (86.861%)  route 0.059ns (13.139%))
  Logic Levels:           0  
  Clock Path Skew:        -0.441ns (DCD - SCD - CPR)
    Destination Clock Delay (DCD):    1.186ns
    Source Clock Delay      (SCD):    1.627ns
    Clock Pessimism Removal (CPR):    -0.000ns
  Clock Uncertainty:      0.414ns  ((TSJ^2 + TIJ^2 + DJ^2)^1/2) / 2 + PE
    Total System Jitter     (TSJ):    0.071ns
    Total Input Jitter      (TIJ):    0.600ns
    Discrete Jitter          (DJ):    0.126ns
    Phase Error              (PE):    0.105ns
  Timing Exception:       Asynchronous Clock Groups

    Location             Delay type                Incr(ns)  Path(ns)    Netlist Resource(s)
  -------------------------------------------------------------------    -------------------
                         (clock clk_out1_design_1_clk_wiz_0_0 rise edge)
                                                      0.000     0.000 r  
    U18                                               0.000     0.000 r  CLK_IN_D_0_clk_p[0] (IN)
                         net (fo=0)                   0.000     0.000    design_1_i/util_ds_buf_0/U0/IBUF_DS_P[0]
    U18                  IBUFDS (Prop_ibufds_I_O)     0.370     0.370 r  design_1_i/util_ds_buf_0/U0/USE_IBUFDS.GEN_IBUFDS[0].IBUFDS_I/O
                         net (fo=1, routed)           0.674     1.044    design_1_i/clk_wiz_0/inst/clk_in1
    BUFGCTRL_X0Y17       BUFG (Prop_bufg_I_O)         0.027     1.071 r  design_1_i/clk_wiz_0/inst/clkin1_bufg/O
                         net (fo=1, routed)           0.602     1.673    design_1_i/clk_wiz_0/inst/clk_in1_design_1_clk_wiz_0_0
    PLLE2_ADV_X1Y0       PLLE2_ADV (Prop_plle2_adv_CLKIN1_CLKOUT0)
                                                     -1.169     0.503 r  design_1_i/clk_wiz_0/inst/plle2_adv_inst/CLKOUT0
                         net (fo=1, routed)           0.544     1.047    design_1_i/clk_wiz_0/inst/clk_out1_design_1_clk_wiz_0_0
    BUFGCTRL_X0Y0        BUFG (Prop_bufg_I_O)         0.026     1.073 r  design_1_i/clk_wiz_0/inst/clkout1_buf/O
                         net (fo=2997, routed)        0.554     1.627    design_1_i/axis_clock_converter_0/inst/gen_async_conv.axisc_async_clock_converter_0/xpm_fifo_async_inst/gnuram_async_fifo.xpm_fifo_base_inst/gen_sdpram.xpm_memory_base_inst/gen_wr_a.gen_word_narrow.mem_reg_0_31_12_17/WCLK
    SLICE_X32Y30         RAMD32                                       r  design_1_i/axis_clock_converter_0/inst/gen_async_conv.axisc_async_clock_converter_0/xpm_fifo_async_inst/gnuram_async_fifo.xpm_fifo_base_inst/gen_sdpram.xpm_memory_base_inst/gen_wr_a.gen_word_narrow.mem_reg_0_31_12_17/RAMC/CLK
  -------------------------------------------------------------------    -------------------
    SLICE_X32Y30         RAMD32 (Prop_ramd32_CLK_O)
                                                      0.390     2.017 r  design_1_i/axis_clock_converter_0/inst/gen_async_conv.axisc_async_clock_converter_0/xpm_fifo_async_inst/gnuram_async_fifo.xpm_fifo_base_inst/gen_sdpram.xpm_memory_base_inst/gen_wr_a.gen_word_narrow.mem_reg_0_31_12_17/RAMC/O
                         net (fo=1, routed)           0.059     2.076    design_1_i/axis_clock_converter_0/inst/gen_async_conv.axisc_async_clock_converter_0/xpm_fifo_async_inst/gnuram_async_fifo.xpm_fifo_base_inst/gen_sdpram.xpm_memory_base_inst/gen_rd_b.doutb_reg0[16]
    SLICE_X33Y30         FDRE                                         r  design_1_i/axis_clock_converter_0/inst/gen_async_conv.axisc_async_clock_converter_0/xpm_fifo_async_inst/gnuram_async_fifo.xpm_fifo_base_inst/gen_sdpram.xpm_memory_base_inst/gen_rd_b.doutb_reg_reg[16]/D
  -------------------------------------------------------------------    -------------------

                         (clock clk_fpga_0 rise edge)
                                                      0.000     0.000 r  
    PS7_X0Y0             PS7                          0.000     0.000 r  design_1_i/processing_system7_0/inst/PS7_i/FCLKCLK[0]
                         net (fo=1, routed)           0.337     0.337    design_1_i/processing_system7_0/inst/FCLK_CLK_unbuffered[0]
    BUFGCTRL_X0Y16       BUFG (Prop_bufg_I_O)         0.029     0.366 r  design_1_i/processing_system7_0/inst/buffer_fclk_clk_0.FCLK_CLK_0_BUFG/O
                         net (fo=4892, routed)        0.820     1.186    design_1_i/axis_clock_converter_0/inst/gen_async_conv.axisc_async_clock_converter_0/xpm_fifo_async_inst/gnuram_async_fifo.xpm_fifo_base_inst/gen_sdpram.xpm_memory_base_inst/clkb
    SLICE_X33Y30         FDRE                                         r  design_1_i/axis_clock_converter_0/inst/gen_async_conv.axisc_async_clock_converter_0/xpm_fifo_async_inst/gnuram_async_fifo.xpm_fifo_base_inst/gen_sdpram.xpm_memory_base_inst/gen_rd_b.doutb_reg_reg[16]/C

Slack:                    inf
  Source:                 design_1_i/axis_clock_converter_0/inst/gen_async_conv.axisc_async_clock_converter_0/xpm_fifo_async_inst/gnuram_async_fifo.xpm_fifo_base_inst/gen_sdpram.xpm_memory_base_inst/gen_wr_a.gen_word_narrow.mem_reg_0_31_0_5/RAMB_D1/CLK
                            (rising edge-triggered cell RAMD32 clocked by clk_out1_design_1_clk_wiz_0_0  {rise@0.000ns fall@4.069ns period=8.138ns})
  Destination:            design_1_i/axis_clock_converter_0/inst/gen_async_conv.axisc_async_clock_converter_0/xpm_fifo_async_inst/gnuram_async_fifo.xpm_fifo_base_inst/gen_sdpram.xpm_memory_base_inst/gen_rd_b.doutb_reg_reg[3]/D
                            (rising edge-triggered cell FDRE clocked by clk_fpga_0  {rise@0.000ns fall@10.000ns period=20.000ns})
  Path Group:             (none)
  Path Type:              Hold (Min at Fast Process Corner)
  Data Path Delay:        0.444ns  (logic 0.388ns (87.437%)  route 0.056ns (12.563%))
  Logic Levels:           0  
  Clock Path Skew:        -0.439ns (DCD - SCD - CPR)
    Destination Clock Delay (DCD):    1.216ns
    Source Clock Delay      (SCD):    1.655ns
    Clock Pessimism Removal (CPR):    -0.000ns
  Clock Uncertainty:      0.414ns  ((TSJ^2 + TIJ^2 + DJ^2)^1/2) / 2 + PE
    Total System Jitter     (TSJ):    0.071ns
    Total Input Jitter      (TIJ):    0.600ns
    Discrete Jitter          (DJ):    0.126ns
    Phase Error              (PE):    0.105ns
  Timing Exception:       Asynchronous Clock Groups

    Location             Delay type                Incr(ns)  Path(ns)    Netlist Resource(s)
  -------------------------------------------------------------------    -------------------
                         (clock clk_out1_design_1_clk_wiz_0_0 rise edge)
                                                      0.000     0.000 r  
    U18                                               0.000     0.000 r  CLK_IN_D_0_clk_p[0] (IN)
                         net (fo=0)                   0.000     0.000    design_1_i/util_ds_buf_0/U0/IBUF_DS_P[0]
    U18                  IBUFDS (Prop_ibufds_I_O)     0.370     0.370 r  design_1_i/util_ds_buf_0/U0/USE_IBUFDS.GEN_IBUFDS[0].IBUFDS_I/O
                         net (fo=1, routed)           0.674     1.044    design_1_i/clk_wiz_0/inst/clk_in1
    BUFGCTRL_X0Y17       BUFG (Prop_bufg_I_O)         0.027     1.071 r  design_1_i/clk_wiz_0/inst/clkin1_bufg/O
                         net (fo=1, routed)           0.602     1.673    design_1_i/clk_wiz_0/inst/clk_in1_design_1_clk_wiz_0_0
    PLLE2_ADV_X1Y0       PLLE2_ADV (Prop_plle2_adv_CLKIN1_CLKOUT0)
                                                     -1.169     0.503 r  design_1_i/clk_wiz_0/inst/plle2_adv_inst/CLKOUT0
                         net (fo=1, routed)           0.544     1.047    design_1_i/clk_wiz_0/inst/clk_out1_design_1_clk_wiz_0_0
    BUFGCTRL_X0Y0        BUFG (Prop_bufg_I_O)         0.026     1.073 r  design_1_i/clk_wiz_0/inst/clkout1_buf/O
                         net (fo=2997, routed)        0.582     1.655    design_1_i/axis_clock_converter_0/inst/gen_async_conv.axisc_async_clock_converter_0/xpm_fifo_async_inst/gnuram_async_fifo.xpm_fifo_base_inst/gen_sdpram.xpm_memory_base_inst/gen_wr_a.gen_word_narrow.mem_reg_0_31_0_5/WCLK
    SLICE_X30Y32         RAMD32                                       r  design_1_i/axis_clock_converter_0/inst/gen_async_conv.axisc_async_clock_converter_0/xpm_fifo_async_inst/gnuram_async_fifo.xpm_fifo_base_inst/gen_sdpram.xpm_memory_base_inst/gen_wr_a.gen_word_narrow.mem_reg_0_31_0_5/RAMB_D1/CLK
  -------------------------------------------------------------------    -------------------
    SLICE_X30Y32         RAMD32 (Prop_ramd32_CLK_O)
                                                      0.388     2.043 r  design_1_i/axis_clock_converter_0/inst/gen_async_conv.axisc_async_clock_converter_0/xpm_fifo_async_inst/gnuram_async_fifo.xpm_fifo_base_inst/gen_sdpram.xpm_memory_base_inst/gen_wr_a.gen_word_narrow.mem_reg_0_31_0_5/RAMB_D1/O
                         net (fo=1, routed)           0.056     2.098    design_1_i/axis_clock_converter_0/inst/gen_async_conv.axisc_async_clock_converter_0/xpm_fifo_async_inst/gnuram_async_fifo.xpm_fifo_base_inst/gen_sdpram.xpm_memory_base_inst/gen_rd_b.doutb_reg0[3]
    SLICE_X31Y32         FDRE                                         r  design_1_i/axis_clock_converter_0/inst/gen_async_conv.axisc_async_clock_converter_0/xpm_fifo_async_inst/gnuram_async_fifo.xpm_fifo_base_inst/gen_sdpram.xpm_memory_base_inst/gen_rd_b.doutb_reg_reg[3]/D
  -------------------------------------------------------------------    -------------------

                         (clock clk_fpga_0 rise edge)
                                                      0.000     0.000 r  
    PS7_X0Y0             PS7                          0.000     0.000 r  design_1_i/processing_system7_0/inst/PS7_i/FCLKCLK[0]
                         net (fo=1, routed)           0.337     0.337    design_1_i/processing_system7_0/inst/FCLK_CLK_unbuffered[0]
    BUFGCTRL_X0Y16       BUFG (Prop_bufg_I_O)         0.029     0.366 r  design_1_i/processing_system7_0/inst/buffer_fclk_clk_0.FCLK_CLK_0_BUFG/O
                         net (fo=4892, routed)        0.850     1.216    design_1_i/axis_clock_converter_0/inst/gen_async_conv.axisc_async_clock_converter_0/xpm_fifo_async_inst/gnuram_async_fifo.xpm_fifo_base_inst/gen_sdpram.xpm_memory_base_inst/clkb
    SLICE_X31Y32         FDRE                                         r  design_1_i/axis_clock_converter_0/inst/gen_async_conv.axisc_async_clock_converter_0/xpm_fifo_async_inst/gnuram_async_fifo.xpm_fifo_base_inst/gen_sdpram.xpm_memory_base_inst/gen_rd_b.doutb_reg_reg[3]/C

Slack:                    inf
  Source:                 design_1_i/axis_clock_converter_0/inst/gen_async_conv.axisc_async_clock_converter_0/xpm_fifo_async_inst/gnuram_async_fifo.xpm_fifo_base_inst/gen_sdpram.xpm_memory_base_inst/gen_wr_a.gen_word_narrow.mem_reg_0_31_18_23/RAMB_D1/CLK
                            (rising edge-triggered cell RAMD32 clocked by clk_out1_design_1_clk_wiz_0_0  {rise@0.000ns fall@4.069ns period=8.138ns})
  Destination:            design_1_i/axis_clock_converter_0/inst/gen_async_conv.axisc_async_clock_converter_0/xpm_fifo_async_inst/gnuram_async_fifo.xpm_fifo_base_inst/gen_sdpram.xpm_memory_base_inst/gen_rd_b.doutb_reg_reg[21]/D
                            (rising edge-triggered cell FDRE clocked by clk_fpga_0  {rise@0.000ns fall@10.000ns period=20.000ns})
  Path Group:             (none)
  Path Type:              Hold (Min at Fast Process Corner)
  Data Path Delay:        0.504ns  (logic 0.388ns (76.932%)  route 0.116ns (23.068%))
  Logic Levels:           0  
  Clock Path Skew:        -0.441ns (DCD - SCD - CPR)
    Destination Clock Delay (DCD):    1.186ns
    Source Clock Delay      (SCD):    1.627ns
    Clock Pessimism Removal (CPR):    -0.000ns
  Clock Uncertainty:      0.414ns  ((TSJ^2 + TIJ^2 + DJ^2)^1/2) / 2 + PE
    Total System Jitter     (TSJ):    0.071ns
    Total Input Jitter      (TIJ):    0.600ns
    Discrete Jitter          (DJ):    0.126ns
    Phase Error              (PE):    0.105ns
  Timing Exception:       Asynchronous Clock Groups

    Location             Delay type                Incr(ns)  Path(ns)    Netlist Resource(s)
  -------------------------------------------------------------------    -------------------
                         (clock clk_out1_design_1_clk_wiz_0_0 rise edge)
                                                      0.000     0.000 r  
    U18                                               0.000     0.000 r  CLK_IN_D_0_clk_p[0] (IN)
                         net (fo=0)                   0.000     0.000    design_1_i/util_ds_buf_0/U0/IBUF_DS_P[0]
    U18                  IBUFDS (Prop_ibufds_I_O)     0.370     0.370 r  design_1_i/util_ds_buf_0/U0/USE_IBUFDS.GEN_IBUFDS[0].IBUFDS_I/O
                         net (fo=1, routed)           0.674     1.044    design_1_i/clk_wiz_0/inst/clk_in1
    BUFGCTRL_X0Y17       BUFG (Prop_bufg_I_O)         0.027     1.071 r  design_1_i/clk_wiz_0/inst/clkin1_bufg/O
                         net (fo=1, routed)           0.602     1.673    design_1_i/clk_wiz_0/inst/clk_in1_design_1_clk_wiz_0_0
    PLLE2_ADV_X1Y0       PLLE2_ADV (Prop_plle2_adv_CLKIN1_CLKOUT0)
                                                     -1.169     0.503 r  design_1_i/clk_wiz_0/inst/plle2_adv_inst/CLKOUT0
                         net (fo=1, routed)           0.544     1.047    design_1_i/clk_wiz_0/inst/clk_out1_design_1_clk_wiz_0_0
    BUFGCTRL_X0Y0        BUFG (Prop_bufg_I_O)         0.026     1.073 r  design_1_i/clk_wiz_0/inst/clkout1_buf/O
                         net (fo=2997, routed)        0.554     1.627    design_1_i/axis_clock_converter_0/inst/gen_async_conv.axisc_async_clock_converter_0/xpm_fifo_async_inst/gnuram_async_fifo.xpm_fifo_base_inst/gen_sdpram.xpm_memory_base_inst/gen_wr_a.gen_word_narrow.mem_reg_0_31_18_23/WCLK
    SLICE_X34Y30         RAMD32                                       r  design_1_i/axis_clock_converter_0/inst/gen_async_conv.axisc_async_clock_converter_0/xpm_fifo_async_inst/gnuram_async_fifo.xpm_fifo_base_inst/gen_sdpram.xpm_memory_base_inst/gen_wr_a.gen_word_narrow.mem_reg_0_31_18_23/RAMB_D1/CLK
  -------------------------------------------------------------------    -------------------
    SLICE_X34Y30         RAMD32 (Prop_ramd32_CLK_O)
                                                      0.388     2.015 r  design_1_i/axis_clock_converter_0/inst/gen_async_conv.axisc_async_clock_converter_0/xpm_fifo_async_inst/gnuram_async_fifo.xpm_fifo_base_inst/gen_sdpram.xpm_memory_base_inst/gen_wr_a.gen_word_narrow.mem_reg_0_31_18_23/RAMB_D1/O
                         net (fo=1, routed)           0.116     2.131    design_1_i/axis_clock_converter_0/inst/gen_async_conv.axisc_async_clock_converter_0/xpm_fifo_async_inst/gnuram_async_fifo.xpm_fifo_base_inst/gen_sdpram.xpm_memory_base_inst/gen_rd_b.doutb_reg0[21]
    SLICE_X33Y30         FDRE                                         r  design_1_i/axis_clock_converter_0/inst/gen_async_conv.axisc_async_clock_converter_0/xpm_fifo_async_inst/gnuram_async_fifo.xpm_fifo_base_inst/gen_sdpram.xpm_memory_base_inst/gen_rd_b.doutb_reg_reg[21]/D
  -------------------------------------------------------------------    -------------------

                         (clock clk_fpga_0 rise edge)
                                                      0.000     0.000 r  
    PS7_X0Y0             PS7                          0.000     0.000 r  design_1_i/processing_system7_0/inst/PS7_i/FCLKCLK[0]
                         net (fo=1, routed)           0.337     0.337    design_1_i/processing_system7_0/inst/FCLK_CLK_unbuffered[0]
    BUFGCTRL_X0Y16       BUFG (Prop_bufg_I_O)         0.029     0.366 r  design_1_i/processing_system7_0/inst/buffer_fclk_clk_0.FCLK_CLK_0_BUFG/O
                         net (fo=4892, routed)        0.820     1.186    design_1_i/axis_clock_converter_0/inst/gen_async_conv.axisc_async_clock_converter_0/xpm_fifo_async_inst/gnuram_async_fifo.xpm_fifo_base_inst/gen_sdpram.xpm_memory_base_inst/clkb
    SLICE_X33Y30         FDRE                                         r  design_1_i/axis_clock_converter_0/inst/gen_async_conv.axisc_async_clock_converter_0/xpm_fifo_async_inst/gnuram_async_fifo.xpm_fifo_base_inst/gen_sdpram.xpm_memory_base_inst/gen_rd_b.doutb_reg_reg[21]/C

Slack:                    inf
  Source:                 design_1_i/axis_clock_converter_0/inst/gen_async_conv.axisc_async_clock_converter_0/xpm_fifo_async_inst/gnuram_async_fifo.xpm_fifo_base_inst/gen_sdpram.xpm_memory_base_inst/gen_wr_a.gen_word_narrow.mem_reg_0_31_24_29/RAMB/CLK
                            (rising edge-triggered cell RAMD32 clocked by clk_out1_design_1_clk_wiz_0_0  {rise@0.000ns fall@4.069ns period=8.138ns})
  Destination:            design_1_i/axis_clock_converter_0/inst/gen_async_conv.axisc_async_clock_converter_0/xpm_fifo_async_inst/gnuram_async_fifo.xpm_fifo_base_inst/gen_sdpram.xpm_memory_base_inst/gen_rd_b.doutb_reg_reg[26]/D
                            (rising edge-triggered cell FDRE clocked by clk_fpga_0  {rise@0.000ns fall@10.000ns period=20.000ns})
  Path Group:             (none)
  Path Type:              Hold (Min at Fast Process Corner)
  Data Path Delay:        0.514ns  (logic 0.394ns (76.689%)  route 0.120ns (23.311%))
  Logic Levels:           0  
  Clock Path Skew:        -0.440ns (DCD - SCD - CPR)
    Destination Clock Delay (DCD):    1.190ns
    Source Clock Delay      (SCD):    1.630ns
    Clock Pessimism Removal (CPR):    -0.000ns
  Clock Uncertainty:      0.414ns  ((TSJ^2 + TIJ^2 + DJ^2)^1/2) / 2 + PE
    Total System Jitter     (TSJ):    0.071ns
    Total Input Jitter      (TIJ):    0.600ns
    Discrete Jitter          (DJ):    0.126ns
    Phase Error              (PE):    0.105ns
  Timing Exception:       Asynchronous Clock Groups

    Location             Delay type                Incr(ns)  Path(ns)    Netlist Resource(s)
  -------------------------------------------------------------------    -------------------
                         (clock clk_out1_design_1_clk_wiz_0_0 rise edge)
                                                      0.000     0.000 r  
    U18                                               0.000     0.000 r  CLK_IN_D_0_clk_p[0] (IN)
                         net (fo=0)                   0.000     0.000    design_1_i/util_ds_buf_0/U0/IBUF_DS_P[0]
    U18                  IBUFDS (Prop_ibufds_I_O)     0.370     0.370 r  design_1_i/util_ds_buf_0/U0/USE_IBUFDS.GEN_IBUFDS[0].IBUFDS_I/O
                         net (fo=1, routed)           0.674     1.044    design_1_i/clk_wiz_0/inst/clk_in1
    BUFGCTRL_X0Y17       BUFG (Prop_bufg_I_O)         0.027     1.071 r  design_1_i/clk_wiz_0/inst/clkin1_bufg/O
                         net (fo=1, routed)           0.602     1.673    design_1_i/clk_wiz_0/inst/clk_in1_design_1_clk_wiz_0_0
    PLLE2_ADV_X1Y0       PLLE2_ADV (Prop_plle2_adv_CLKIN1_CLKOUT0)
                                                     -1.169     0.503 r  design_1_i/clk_wiz_0/inst/plle2_adv_inst/CLKOUT0
                         net (fo=1, routed)           0.544     1.047    design_1_i/clk_wiz_0/inst/clk_out1_design_1_clk_wiz_0_0
    BUFGCTRL_X0Y0        BUFG (Prop_bufg_I_O)         0.026     1.073 r  design_1_i/clk_wiz_0/inst/clkout1_buf/O
                         net (fo=2997, routed)        0.557     1.630    design_1_i/axis_clock_converter_0/inst/gen_async_conv.axisc_async_clock_converter_0/xpm_fifo_async_inst/gnuram_async_fifo.xpm_fifo_base_inst/gen_sdpram.xpm_memory_base_inst/gen_wr_a.gen_word_narrow.mem_reg_0_31_24_29/WCLK
    SLICE_X34Y33         RAMD32                                       r  design_1_i/axis_clock_converter_0/inst/gen_async_conv.axisc_async_clock_converter_0/xpm_fifo_async_inst/gnuram_async_fifo.xpm_fifo_base_inst/gen_sdpram.xpm_memory_base_inst/gen_wr_a.gen_word_narrow.mem_reg_0_31_24_29/RAMB/CLK
  -------------------------------------------------------------------    -------------------
    SLICE_X34Y33         RAMD32 (Prop_ramd32_CLK_O)
                                                      0.394     2.024 r  design_1_i/axis_clock_converter_0/inst/gen_async_conv.axisc_async_clock_converter_0/xpm_fifo_async_inst/gnuram_async_fifo.xpm_fifo_base_inst/gen_sdpram.xpm_memory_base_inst/gen_wr_a.gen_word_narrow.mem_reg_0_31_24_29/RAMB/O
                         net (fo=1, routed)           0.120     2.143    design_1_i/axis_clock_converter_0/inst/gen_async_conv.axisc_async_clock_converter_0/xpm_fifo_async_inst/gnuram_async_fifo.xpm_fifo_base_inst/gen_sdpram.xpm_memory_base_inst/gen_rd_b.doutb_reg0[26]
    SLICE_X34Y34         FDRE                                         r  design_1_i/axis_clock_converter_0/inst/gen_async_conv.axisc_async_clock_converter_0/xpm_fifo_async_inst/gnuram_async_fifo.xpm_fifo_base_inst/gen_sdpram.xpm_memory_base_inst/gen_rd_b.doutb_reg_reg[26]/D
  -------------------------------------------------------------------    -------------------

                         (clock clk_fpga_0 rise edge)
                                                      0.000     0.000 r  
    PS7_X0Y0             PS7                          0.000     0.000 r  design_1_i/processing_system7_0/inst/PS7_i/FCLKCLK[0]
                         net (fo=1, routed)           0.337     0.337    design_1_i/processing_system7_0/inst/FCLK_CLK_unbuffered[0]
    BUFGCTRL_X0Y16       BUFG (Prop_bufg_I_O)         0.029     0.366 r  design_1_i/processing_system7_0/inst/buffer_fclk_clk_0.FCLK_CLK_0_BUFG/O
                         net (fo=4892, routed)        0.824     1.190    design_1_i/axis_clock_converter_0/inst/gen_async_conv.axisc_async_clock_converter_0/xpm_fifo_async_inst/gnuram_async_fifo.xpm_fifo_base_inst/gen_sdpram.xpm_memory_base_inst/clkb
    SLICE_X34Y34         FDRE                                         r  design_1_i/axis_clock_converter_0/inst/gen_async_conv.axisc_async_clock_converter_0/xpm_fifo_async_inst/gnuram_async_fifo.xpm_fifo_base_inst/gen_sdpram.xpm_memory_base_inst/gen_rd_b.doutb_reg_reg[26]/C





--------------------------------------------------------------------------------------
Path Group:  (none)
From Clock:  
  To Clock:  clk_out1_design_1_clk_wiz_0_0

Max Delay             1 Endpoint
Min Delay             1 Endpoint
--------------------------------------------------------------------------------------


Max Delay Paths
--------------------------------------------------------------------------------------
Slack:                    inf
  Source:                 design_1_i/processing_system7_0/inst/PS7_i/FCLKRESETN[0]
                            (internal pin)
  Destination:            design_1_i/proc_sys_reset_0/U0/EXT_LPF/ACTIVE_LOW_EXT.ACT_LO_EXT/GENERATE_LEVEL_P_S_CDC.SINGLE_BIT.CROSS_PLEVEL_IN2SCNDRY_IN_cdc_to/D
                            (rising edge-triggered cell FDRE clocked by clk_out1_design_1_clk_wiz_0_0  {rise@0.000ns fall@4.069ns period=8.138ns})
  Path Group:             (none)
  Path Type:              Setup (Max at Slow Process Corner)
  Data Path Delay:        3.678ns  (logic 0.124ns (3.371%)  route 3.554ns (96.629%))
  Logic Levels:           1  (LUT1=1)
  Clock Uncertainty:      0.173ns  ((TSJ^2 + DJ^2)^1/2) / 2 + PE
    Total System Jitter     (TSJ):    0.050ns
    Discrete Jitter          (DJ):    0.126ns
    Phase Error              (PE):    0.105ns
  Timing Exception:       False Path

    Location             Delay type                Incr(ns)  Path(ns)    Netlist Resource(s)
  -------------------------------------------------------------------    -------------------
    PS7_X0Y0             PS7                          0.000     0.000 f  design_1_i/processing_system7_0/inst/PS7_i/FCLKRESETN[0]
                         net (fo=2, routed)           3.267     3.267    design_1_i/proc_sys_reset_0/U0/EXT_LPF/ACTIVE_LOW_EXT.ACT_LO_EXT/ext_reset_in
    SLICE_X51Y40         LUT1 (Prop_lut1_I0_O)        0.124     3.391 r  design_1_i/proc_sys_reset_0/U0/EXT_LPF/ACTIVE_LOW_EXT.ACT_LO_EXT/GENERATE_LEVEL_P_S_CDC.SINGLE_BIT.CROSS_PLEVEL_IN2SCNDRY_IN_cdc_to_i_1/O
                         net (fo=1, routed)           0.287     3.678    design_1_i/proc_sys_reset_0/U0/EXT_LPF/ACTIVE_LOW_EXT.ACT_LO_EXT/exr_d1
    SLICE_X53Y40         FDRE                                         r  design_1_i/proc_sys_reset_0/U0/EXT_LPF/ACTIVE_LOW_EXT.ACT_LO_EXT/GENERATE_LEVEL_P_S_CDC.SINGLE_BIT.CROSS_PLEVEL_IN2SCNDRY_IN_cdc_to/D
  -------------------------------------------------------------------    -------------------

                         (clock clk_out1_design_1_clk_wiz_0_0 rise edge)
                                                      0.000     0.000 r  
    U18                                               0.000     0.000 r  CLK_IN_D_0_clk_p[0] (IN)
                         net (fo=0)                   0.000     0.000    design_1_i/util_ds_buf_0/U0/IBUF_DS_P[0]
    U18                  IBUFDS (Prop_ibufds_I_O)     0.909     0.909 r  design_1_i/util_ds_buf_0/U0/USE_IBUFDS.GEN_IBUFDS[0].IBUFDS_I/O
                         net (fo=1, routed)           2.006     2.915    design_1_i/clk_wiz_0/inst/clk_in1
    BUFGCTRL_X0Y17       BUFG (Prop_bufg_I_O)         0.092     3.007 r  design_1_i/clk_wiz_0/inst/clkin1_bufg/O
                         net (fo=1, routed)           1.634     4.641    design_1_i/clk_wiz_0/inst/clk_in1_design_1_clk_wiz_0_0
    PLLE2_ADV_X1Y0       PLLE2_ADV (Prop_plle2_adv_CLKIN1_CLKOUT0)
                                                     -3.442     1.199 r  design_1_i/clk_wiz_0/inst/plle2_adv_inst/CLKOUT0
                         net (fo=1, routed)           1.720     2.919    design_1_i/clk_wiz_0/inst/clk_out1_design_1_clk_wiz_0_0
    BUFGCTRL_X0Y0        BUFG (Prop_bufg_I_O)         0.091     3.010 r  design_1_i/clk_wiz_0/inst/clkout1_buf/O
                         net (fo=2997, routed)        1.477     4.487    design_1_i/proc_sys_reset_0/U0/EXT_LPF/ACTIVE_LOW_EXT.ACT_LO_EXT/slowest_sync_clk
    SLICE_X53Y40         FDRE                                         r  design_1_i/proc_sys_reset_0/U0/EXT_LPF/ACTIVE_LOW_EXT.ACT_LO_EXT/GENERATE_LEVEL_P_S_CDC.SINGLE_BIT.CROSS_PLEVEL_IN2SCNDRY_IN_cdc_to/C





Min Delay Paths
--------------------------------------------------------------------------------------
Slack:                    inf
  Source:                 design_1_i/processing_system7_0/inst/PS7_i/FCLKRESETN[0]
                            (internal pin)
  Destination:            design_1_i/proc_sys_reset_0/U0/EXT_LPF/ACTIVE_LOW_EXT.ACT_LO_EXT/GENERATE_LEVEL_P_S_CDC.SINGLE_BIT.CROSS_PLEVEL_IN2SCNDRY_IN_cdc_to/D
                            (rising edge-triggered cell FDRE clocked by clk_out1_design_1_clk_wiz_0_0  {rise@0.000ns fall@4.069ns period=8.138ns})
  Path Group:             (none)
  Path Type:              Hold (Min at Fast Process Corner)
  Data Path Delay:        1.505ns  (logic 0.045ns (2.990%)  route 1.460ns (97.010%))
  Logic Levels:           1  (LUT1=1)
  Clock Uncertainty:      0.173ns  ((TSJ^2 + DJ^2)^1/2) / 2 + PE
    Total System Jitter     (TSJ):    0.050ns
    Discrete Jitter          (DJ):    0.126ns
    Phase Error              (PE):    0.105ns
  Timing Exception:       False Path

    Location             Delay type                Incr(ns)  Path(ns)    Netlist Resource(s)
  -------------------------------------------------------------------    -------------------
    PS7_X0Y0             PS7                          0.000     0.000 f  design_1_i/processing_system7_0/inst/PS7_i/FCLKRESETN[0]
                         net (fo=2, routed)           1.364     1.364    design_1_i/proc_sys_reset_0/U0/EXT_LPF/ACTIVE_LOW_EXT.ACT_LO_EXT/ext_reset_in
    SLICE_X51Y40         LUT1 (Prop_lut1_I0_O)        0.045     1.409 r  design_1_i/proc_sys_reset_0/U0/EXT_LPF/ACTIVE_LOW_EXT.ACT_LO_EXT/GENERATE_LEVEL_P_S_CDC.SINGLE_BIT.CROSS_PLEVEL_IN2SCNDRY_IN_cdc_to_i_1/O
                         net (fo=1, routed)           0.096     1.505    design_1_i/proc_sys_reset_0/U0/EXT_LPF/ACTIVE_LOW_EXT.ACT_LO_EXT/exr_d1
    SLICE_X53Y40         FDRE                                         r  design_1_i/proc_sys_reset_0/U0/EXT_LPF/ACTIVE_LOW_EXT.ACT_LO_EXT/GENERATE_LEVEL_P_S_CDC.SINGLE_BIT.CROSS_PLEVEL_IN2SCNDRY_IN_cdc_to/D
  -------------------------------------------------------------------    -------------------

                         (clock clk_out1_design_1_clk_wiz_0_0 rise edge)
                                                      0.000     0.000 r  
    U18                                               0.000     0.000 r  CLK_IN_D_0_clk_p[0] (IN)
                         net (fo=0)                   0.000     0.000    design_1_i/util_ds_buf_0/U0/IBUF_DS_P[0]
    U18                  IBUFDS (Prop_ibufds_I_O)     0.401     0.401 r  design_1_i/util_ds_buf_0/U0/USE_IBUFDS.GEN_IBUFDS[0].IBUFDS_I/O
                         net (fo=1, routed)           0.731     1.132    design_1_i/clk_wiz_0/inst/clk_in1
    BUFGCTRL_X0Y17       BUFG (Prop_bufg_I_O)         0.030     1.162 r  design_1_i/clk_wiz_0/inst/clkin1_bufg/O
                         net (fo=1, routed)           0.869     2.031    design_1_i/clk_wiz_0/inst/clk_in1_design_1_clk_wiz_0_0
    PLLE2_ADV_X1Y0       PLLE2_ADV (Prop_plle2_adv_CLKIN1_CLKOUT0)
                                                     -1.488     0.543 r  design_1_i/clk_wiz_0/inst/plle2_adv_inst/CLKOUT0
                         net (fo=1, routed)           0.592     1.135    design_1_i/clk_wiz_0/inst/clk_out1_design_1_clk_wiz_0_0
    BUFGCTRL_X0Y0        BUFG (Prop_bufg_I_O)         0.029     1.164 r  design_1_i/clk_wiz_0/inst/clkout1_buf/O
                         net (fo=2997, routed)        0.822     1.986    design_1_i/proc_sys_reset_0/U0/EXT_LPF/ACTIVE_LOW_EXT.ACT_LO_EXT/slowest_sync_clk
    SLICE_X53Y40         FDRE                                         r  design_1_i/proc_sys_reset_0/U0/EXT_LPF/ACTIVE_LOW_EXT.ACT_LO_EXT/GENERATE_LEVEL_P_S_CDC.SINGLE_BIT.CROSS_PLEVEL_IN2SCNDRY_IN_cdc_to/C





--------------------------------------------------------------------------------------
Path Group:  (none)
From Clock:  clk_fpga_0
  To Clock:  clk_out1_design_1_clk_wiz_0_0

Max Delay            40 Endpoints
Min Delay            40 Endpoints
--------------------------------------------------------------------------------------


Max Delay Paths
--------------------------------------------------------------------------------------
Slack:                    inf
  Source:                 design_1_i/rst_ps7_0_50M/U0/ACTIVE_LOW_PR_OUT_DFF[0].FDRE_PER_N/C
                            (rising edge-triggered cell FDRE clocked by clk_fpga_0  {rise@0.000ns fall@10.000ns period=20.000ns})
  Destination:            design_1_i/axis_clock_converter_0/inst/gen_async_conv.axisc_async_clock_converter_0/inst_xpm_cdc_sync_rst/syncstages_ff_reg[0]/D
                            (rising edge-triggered cell FDRE clocked by clk_out1_design_1_clk_wiz_0_0  {rise@0.000ns fall@4.069ns period=8.138ns})
  Path Group:             (none)
  Path Type:              Setup (Max at Slow Process Corner)
  Data Path Delay:        1.557ns  (logic 0.580ns (37.248%)  route 0.977ns (62.752%))
  Logic Levels:           1  (LUT1=1)
  Clock Path Skew:        1.549ns (DCD - SCD + CPR)
    Destination Clock Delay (DCD):    4.495ns
    Source Clock Delay      (SCD):    2.946ns
    Clock Pessimism Removal (CPR):    0.000ns
  Clock Uncertainty:      0.414ns  ((TSJ^2 + TIJ^2 + DJ^2)^1/2) / 2 + PE
    Total System Jitter     (TSJ):    0.071ns
    Total Input Jitter      (TIJ):    0.600ns
    Discrete Jitter          (DJ):    0.126ns
    Phase Error              (PE):    0.105ns
  Timing Exception:       Asynchronous Clock Groups

    Location             Delay type                Incr(ns)  Path(ns)    Netlist Resource(s)
  -------------------------------------------------------------------    -------------------
                         (clock clk_fpga_0 rise edge)
                                                      0.000     0.000 r  
    PS7_X0Y0             PS7                          0.000     0.000 r  design_1_i/processing_system7_0/inst/PS7_i/FCLKCLK[0]
                         net (fo=1, routed)           1.193     1.193    design_1_i/processing_system7_0/inst/FCLK_CLK_unbuffered[0]
    BUFGCTRL_X0Y16       BUFG (Prop_bufg_I_O)         0.101     1.294 r  design_1_i/processing_system7_0/inst/buffer_fclk_clk_0.FCLK_CLK_0_BUFG/O
                         net (fo=4892, routed)        1.652     2.946    design_1_i/rst_ps7_0_50M/U0/slowest_sync_clk
    SLICE_X51Y37         FDRE                                         r  design_1_i/rst_ps7_0_50M/U0/ACTIVE_LOW_PR_OUT_DFF[0].FDRE_PER_N/C
  -------------------------------------------------------------------    -------------------
    SLICE_X51Y37         FDRE (Prop_fdre_C_Q)         0.456     3.402 f  design_1_i/rst_ps7_0_50M/U0/ACTIVE_LOW_PR_OUT_DFF[0].FDRE_PER_N/Q
                         net (fo=24, routed)          0.977     4.379    design_1_i/axis_clock_converter_0/inst/gen_async_conv.axisc_async_clock_converter_0/m_axis_aresetn
    SLICE_X48Y35         LUT1 (Prop_lut1_I0_O)        0.124     4.503 r  design_1_i/axis_clock_converter_0/inst/gen_async_conv.axisc_async_clock_converter_0/inst_xpm_cdc_sync_rst_i_1/O
                         net (fo=1, routed)           0.000     4.503    design_1_i/axis_clock_converter_0/inst/gen_async_conv.axisc_async_clock_converter_0/inst_xpm_cdc_sync_rst/src_rst
    SLICE_X48Y35         FDRE                                         r  design_1_i/axis_clock_converter_0/inst/gen_async_conv.axisc_async_clock_converter_0/inst_xpm_cdc_sync_rst/syncstages_ff_reg[0]/D
  -------------------------------------------------------------------    -------------------

                         (clock clk_out1_design_1_clk_wiz_0_0 rise edge)
                                                      0.000     0.000 r  
    U18                                               0.000     0.000 r  CLK_IN_D_0_clk_p[0] (IN)
                         net (fo=0)                   0.000     0.000    design_1_i/util_ds_buf_0/U0/IBUF_DS_P[0]
    U18                  IBUFDS (Prop_ibufds_I_O)     0.909     0.909 r  design_1_i/util_ds_buf_0/U0/USE_IBUFDS.GEN_IBUFDS[0].IBUFDS_I/O
                         net (fo=1, routed)           2.006     2.915    design_1_i/clk_wiz_0/inst/clk_in1
    BUFGCTRL_X0Y17       BUFG (Prop_bufg_I_O)         0.092     3.007 r  design_1_i/clk_wiz_0/inst/clkin1_bufg/O
                         net (fo=1, routed)           1.634     4.641    design_1_i/clk_wiz_0/inst/clk_in1_design_1_clk_wiz_0_0
    PLLE2_ADV_X1Y0       PLLE2_ADV (Prop_plle2_adv_CLKIN1_CLKOUT0)
                                                     -3.442     1.199 r  design_1_i/clk_wiz_0/inst/plle2_adv_inst/CLKOUT0
                         net (fo=1, routed)           1.720     2.919    design_1_i/clk_wiz_0/inst/clk_out1_design_1_clk_wiz_0_0
    BUFGCTRL_X0Y0        BUFG (Prop_bufg_I_O)         0.091     3.010 r  design_1_i/clk_wiz_0/inst/clkout1_buf/O
                         net (fo=2997, routed)        1.485     4.495    design_1_i/axis_clock_converter_0/inst/gen_async_conv.axisc_async_clock_converter_0/inst_xpm_cdc_sync_rst/dest_clk
    SLICE_X48Y35         FDRE                                         r  design_1_i/axis_clock_converter_0/inst/gen_async_conv.axisc_async_clock_converter_0/inst_xpm_cdc_sync_rst/syncstages_ff_reg[0]/C

Slack:                    inf
  Source:                 design_1_i/axis_clock_converter_0/inst/gen_async_conv.axisc_async_clock_converter_0/xpm_fifo_async_inst/gnuram_async_fifo.xpm_fifo_base_inst/xpm_fifo_rst_inst/gen_rst_ic.fifo_rd_rst_ic_reg/C
                            (rising edge-triggered cell FDRE clocked by clk_fpga_0  {rise@0.000ns fall@10.000ns period=20.000ns})
  Destination:            design_1_i/axis_clock_converter_0/inst/gen_async_conv.axisc_async_clock_converter_0/xpm_fifo_async_inst/gnuram_async_fifo.xpm_fifo_base_inst/xpm_fifo_rst_inst/gen_rst_ic.rrst_wr_inst/syncstages_ff_reg[0]/D
                            (rising edge-triggered cell FDRE clocked by clk_out1_design_1_clk_wiz_0_0  {rise@0.000ns fall@4.069ns period=8.138ns})
  Path Group:             (none)
  Path Type:              Setup (Max at Slow Process Corner)
  Data Path Delay:        1.013ns  (logic 0.518ns (51.135%)  route 0.495ns (48.865%))
  Logic Levels:           0  
  Clock Path Skew:        1.539ns (DCD - SCD + CPR)
    Destination Clock Delay (DCD):    4.496ns
    Source Clock Delay      (SCD):    2.957ns
    Clock Pessimism Removal (CPR):    0.000ns
  Clock Uncertainty:      0.414ns  ((TSJ^2 + TIJ^2 + DJ^2)^1/2) / 2 + PE
    Total System Jitter     (TSJ):    0.071ns
    Total Input Jitter      (TIJ):    0.600ns
    Discrete Jitter          (DJ):    0.126ns
    Phase Error              (PE):    0.105ns
  Timing Exception:       Asynchronous Clock Groups

    Location             Delay type                Incr(ns)  Path(ns)    Netlist Resource(s)
  -------------------------------------------------------------------    -------------------
                         (clock clk_fpga_0 rise edge)
                                                      0.000     0.000 r  
    PS7_X0Y0             PS7                          0.000     0.000 r  design_1_i/processing_system7_0/inst/PS7_i/FCLKCLK[0]
                         net (fo=1, routed)           1.193     1.193    design_1_i/processing_system7_0/inst/FCLK_CLK_unbuffered[0]
    BUFGCTRL_X0Y16       BUFG (Prop_bufg_I_O)         0.101     1.294 r  design_1_i/processing_system7_0/inst/buffer_fclk_clk_0.FCLK_CLK_0_BUFG/O
                         net (fo=4892, routed)        1.663     2.957    design_1_i/axis_clock_converter_0/inst/gen_async_conv.axisc_async_clock_converter_0/xpm_fifo_async_inst/gnuram_async_fifo.xpm_fifo_base_inst/xpm_fifo_rst_inst/rd_clk
    SLICE_X46Y36         FDRE                                         r  design_1_i/axis_clock_converter_0/inst/gen_async_conv.axisc_async_clock_converter_0/xpm_fifo_async_inst/gnuram_async_fifo.xpm_fifo_base_inst/xpm_fifo_rst_inst/gen_rst_ic.fifo_rd_rst_ic_reg/C
  -------------------------------------------------------------------    -------------------
    SLICE_X46Y36         FDRE (Prop_fdre_C_Q)         0.518     3.475 r  design_1_i/axis_clock_converter_0/inst/gen_async_conv.axisc_async_clock_converter_0/xpm_fifo_async_inst/gnuram_async_fifo.xpm_fifo_base_inst/xpm_fifo_rst_inst/gen_rst_ic.fifo_rd_rst_ic_reg/Q
                         net (fo=54, routed)          0.495     3.970    design_1_i/axis_clock_converter_0/inst/gen_async_conv.axisc_async_clock_converter_0/xpm_fifo_async_inst/gnuram_async_fifo.xpm_fifo_base_inst/xpm_fifo_rst_inst/gen_rst_ic.rrst_wr_inst/src_rst
    SLICE_X48Y37         FDRE                                         r  design_1_i/axis_clock_converter_0/inst/gen_async_conv.axisc_async_clock_converter_0/xpm_fifo_async_inst/gnuram_async_fifo.xpm_fifo_base_inst/xpm_fifo_rst_inst/gen_rst_ic.rrst_wr_inst/syncstages_ff_reg[0]/D
  -------------------------------------------------------------------    -------------------

                         (clock clk_out1_design_1_clk_wiz_0_0 rise edge)
                                                      0.000     0.000 r  
    U18                                               0.000     0.000 r  CLK_IN_D_0_clk_p[0] (IN)
                         net (fo=0)                   0.000     0.000    design_1_i/util_ds_buf_0/U0/IBUF_DS_P[0]
    U18                  IBUFDS (Prop_ibufds_I_O)     0.909     0.909 r  design_1_i/util_ds_buf_0/U0/USE_IBUFDS.GEN_IBUFDS[0].IBUFDS_I/O
                         net (fo=1, routed)           2.006     2.915    design_1_i/clk_wiz_0/inst/clk_in1
    BUFGCTRL_X0Y17       BUFG (Prop_bufg_I_O)         0.092     3.007 r  design_1_i/clk_wiz_0/inst/clkin1_bufg/O
                         net (fo=1, routed)           1.634     4.641    design_1_i/clk_wiz_0/inst/clk_in1_design_1_clk_wiz_0_0
    PLLE2_ADV_X1Y0       PLLE2_ADV (Prop_plle2_adv_CLKIN1_CLKOUT0)
                                                     -3.442     1.199 r  design_1_i/clk_wiz_0/inst/plle2_adv_inst/CLKOUT0
                         net (fo=1, routed)           1.720     2.919    design_1_i/clk_wiz_0/inst/clk_out1_design_1_clk_wiz_0_0
    BUFGCTRL_X0Y0        BUFG (Prop_bufg_I_O)         0.091     3.010 r  design_1_i/clk_wiz_0/inst/clkout1_buf/O
                         net (fo=2997, routed)        1.486     4.496    design_1_i/axis_clock_converter_0/inst/gen_async_conv.axisc_async_clock_converter_0/xpm_fifo_async_inst/gnuram_async_fifo.xpm_fifo_base_inst/xpm_fifo_rst_inst/gen_rst_ic.rrst_wr_inst/dest_clk
    SLICE_X48Y37         FDRE                                         r  design_1_i/axis_clock_converter_0/inst/gen_async_conv.axisc_async_clock_converter_0/xpm_fifo_async_inst/gnuram_async_fifo.xpm_fifo_base_inst/xpm_fifo_rst_inst/gen_rst_ic.rrst_wr_inst/syncstages_ff_reg[0]/C

Slack:                    inf
  Source:                 design_1_i/top_0/inst/DUT_AXI/phase_inc_r_reg[5]/C
                            (rising edge-triggered cell FDRE clocked by clk_fpga_0  {rise@0.000ns fall@10.000ns period=20.000ns})
  Destination:            design_1_i/top_0/inst/DUT_DDC/phase_inc_r_reg[5]/D
                            (rising edge-triggered cell FDRE clocked by clk_out1_design_1_clk_wiz_0_0  {rise@0.000ns fall@4.069ns period=8.138ns})
  Path Group:             (none)
  Path Type:              Setup (Max at Slow Process Corner)
  Data Path Delay:        3.153ns  (logic 0.456ns (14.462%)  route 2.697ns (85.538%))
  Logic Levels:           0  
  Clock Path Skew:        1.521ns (DCD - SCD + CPR)
    Destination Clock Delay (DCD):    4.497ns
    Source Clock Delay      (SCD):    2.976ns
    Clock Pessimism Removal (CPR):    0.000ns
  Clock Uncertainty:      0.414ns  ((TSJ^2 + TIJ^2 + DJ^2)^1/2) / 2 + PE
    Total System Jitter     (TSJ):    0.071ns
    Total Input Jitter      (TIJ):    0.600ns
    Discrete Jitter          (DJ):    0.126ns
    Phase Error              (PE):    0.105ns
  Timing Exception:       Asynchronous Clock Groups

    Location             Delay type                Incr(ns)  Path(ns)    Netlist Resource(s)
  -------------------------------------------------------------------    -------------------
                         (clock clk_fpga_0 rise edge)
                                                      0.000     0.000 r  
    PS7_X0Y0             PS7                          0.000     0.000 r  design_1_i/processing_system7_0/inst/PS7_i/FCLKCLK[0]
                         net (fo=1, routed)           1.193     1.193    design_1_i/processing_system7_0/inst/FCLK_CLK_unbuffered[0]
    BUFGCTRL_X0Y16       BUFG (Prop_bufg_I_O)         0.101     1.294 r  design_1_i/processing_system7_0/inst/buffer_fclk_clk_0.FCLK_CLK_0_BUFG/O
                         net (fo=4892, routed)        1.682     2.976    design_1_i/top_0/inst/DUT_AXI/s_axi_aclk
    SLICE_X31Y77         FDRE                                         r  design_1_i/top_0/inst/DUT_AXI/phase_inc_r_reg[5]/C
  -------------------------------------------------------------------    -------------------
    SLICE_X31Y77         FDRE (Prop_fdre_C_Q)         0.456     3.432 r  design_1_i/top_0/inst/DUT_AXI/phase_inc_r_reg[5]/Q
                         net (fo=2, routed)           2.697     6.129    design_1_i/top_0/inst/DUT_DDC/D[5]
    SLICE_X36Y35         FDRE                                         r  design_1_i/top_0/inst/DUT_DDC/phase_inc_r_reg[5]/D
  -------------------------------------------------------------------    -------------------

                         (clock clk_out1_design_1_clk_wiz_0_0 rise edge)
                                                      0.000     0.000 r  
    U18                                               0.000     0.000 r  CLK_IN_D_0_clk_p[0] (IN)
                         net (fo=0)                   0.000     0.000    design_1_i/util_ds_buf_0/U0/IBUF_DS_P[0]
    U18                  IBUFDS (Prop_ibufds_I_O)     0.909     0.909 r  design_1_i/util_ds_buf_0/U0/USE_IBUFDS.GEN_IBUFDS[0].IBUFDS_I/O
                         net (fo=1, routed)           2.006     2.915    design_1_i/clk_wiz_0/inst/clk_in1
    BUFGCTRL_X0Y17       BUFG (Prop_bufg_I_O)         0.092     3.007 r  design_1_i/clk_wiz_0/inst/clkin1_bufg/O
                         net (fo=1, routed)           1.634     4.641    design_1_i/clk_wiz_0/inst/clk_in1_design_1_clk_wiz_0_0
    PLLE2_ADV_X1Y0       PLLE2_ADV (Prop_plle2_adv_CLKIN1_CLKOUT0)
                                                     -3.442     1.199 r  design_1_i/clk_wiz_0/inst/plle2_adv_inst/CLKOUT0
                         net (fo=1, routed)           1.720     2.919    design_1_i/clk_wiz_0/inst/clk_out1_design_1_clk_wiz_0_0
    BUFGCTRL_X0Y0        BUFG (Prop_bufg_I_O)         0.091     3.010 r  design_1_i/clk_wiz_0/inst/clkout1_buf/O
                         net (fo=2997, routed)        1.487     4.497    design_1_i/top_0/inst/DUT_DDC/adc_clk
    SLICE_X36Y35         FDRE                                         r  design_1_i/top_0/inst/DUT_DDC/phase_inc_r_reg[5]/C

Slack:                    inf
  Source:                 design_1_i/top_0/inst/DUT_AXI/phase_inc_r_reg[1]/C
                            (rising edge-triggered cell FDRE clocked by clk_fpga_0  {rise@0.000ns fall@10.000ns period=20.000ns})
  Destination:            design_1_i/top_0/inst/DUT_DDC/phase_inc_r_reg[1]/D
                            (rising edge-triggered cell FDRE clocked by clk_out1_design_1_clk_wiz_0_0  {rise@0.000ns fall@4.069ns period=8.138ns})
  Path Group:             (none)
  Path Type:              Setup (Max at Slow Process Corner)
  Data Path Delay:        3.113ns  (logic 0.456ns (14.649%)  route 2.657ns (85.351%))
  Logic Levels:           0  
  Clock Path Skew:        1.563ns (DCD - SCD + CPR)
    Destination Clock Delay (DCD):    4.497ns
    Source Clock Delay      (SCD):    2.934ns
    Clock Pessimism Removal (CPR):    0.000ns
  Clock Uncertainty:      0.414ns  ((TSJ^2 + TIJ^2 + DJ^2)^1/2) / 2 + PE
    Total System Jitter     (TSJ):    0.071ns
    Total Input Jitter      (TIJ):    0.600ns
    Discrete Jitter          (DJ):    0.126ns
    Phase Error              (PE):    0.105ns
  Timing Exception:       Asynchronous Clock Groups

    Location             Delay type                Incr(ns)  Path(ns)    Netlist Resource(s)
  -------------------------------------------------------------------    -------------------
                         (clock clk_fpga_0 rise edge)
                                                      0.000     0.000 r  
    PS7_X0Y0             PS7                          0.000     0.000 r  design_1_i/processing_system7_0/inst/PS7_i/FCLKCLK[0]
                         net (fo=1, routed)           1.193     1.193    design_1_i/processing_system7_0/inst/FCLK_CLK_unbuffered[0]
    BUFGCTRL_X0Y16       BUFG (Prop_bufg_I_O)         0.101     1.294 r  design_1_i/processing_system7_0/inst/buffer_fclk_clk_0.FCLK_CLK_0_BUFG/O
                         net (fo=4892, routed)        1.640     2.934    design_1_i/top_0/inst/DUT_AXI/s_axi_aclk
    SLICE_X33Y80         FDRE                                         r  design_1_i/top_0/inst/DUT_AXI/phase_inc_r_reg[1]/C
  -------------------------------------------------------------------    -------------------
    SLICE_X33Y80         FDRE (Prop_fdre_C_Q)         0.456     3.390 r  design_1_i/top_0/inst/DUT_AXI/phase_inc_r_reg[1]/Q
                         net (fo=2, routed)           2.657     6.047    design_1_i/top_0/inst/DUT_DDC/D[1]
    SLICE_X36Y35         FDRE                                         r  design_1_i/top_0/inst/DUT_DDC/phase_inc_r_reg[1]/D
  -------------------------------------------------------------------    -------------------

                         (clock clk_out1_design_1_clk_wiz_0_0 rise edge)
                                                      0.000     0.000 r  
    U18                                               0.000     0.000 r  CLK_IN_D_0_clk_p[0] (IN)
                         net (fo=0)                   0.000     0.000    design_1_i/util_ds_buf_0/U0/IBUF_DS_P[0]
    U18                  IBUFDS (Prop_ibufds_I_O)     0.909     0.909 r  design_1_i/util_ds_buf_0/U0/USE_IBUFDS.GEN_IBUFDS[0].IBUFDS_I/O
                         net (fo=1, routed)           2.006     2.915    design_1_i/clk_wiz_0/inst/clk_in1
    BUFGCTRL_X0Y17       BUFG (Prop_bufg_I_O)         0.092     3.007 r  design_1_i/clk_wiz_0/inst/clkin1_bufg/O
                         net (fo=1, routed)           1.634     4.641    design_1_i/clk_wiz_0/inst/clk_in1_design_1_clk_wiz_0_0
    PLLE2_ADV_X1Y0       PLLE2_ADV (Prop_plle2_adv_CLKIN1_CLKOUT0)
                                                     -3.442     1.199 r  design_1_i/clk_wiz_0/inst/plle2_adv_inst/CLKOUT0
                         net (fo=1, routed)           1.720     2.919    design_1_i/clk_wiz_0/inst/clk_out1_design_1_clk_wiz_0_0
    BUFGCTRL_X0Y0        BUFG (Prop_bufg_I_O)         0.091     3.010 r  design_1_i/clk_wiz_0/inst/clkout1_buf/O
                         net (fo=2997, routed)        1.487     4.497    design_1_i/top_0/inst/DUT_DDC/adc_clk
    SLICE_X36Y35         FDRE                                         r  design_1_i/top_0/inst/DUT_DDC/phase_inc_r_reg[1]/C

Slack:                    inf
  Source:                 design_1_i/top_0/inst/DUT_AXI/phase_inc_r_reg[0]/C
                            (rising edge-triggered cell FDRE clocked by clk_fpga_0  {rise@0.000ns fall@10.000ns period=20.000ns})
  Destination:            design_1_i/top_0/inst/DUT_DDC/phase_inc_r_reg[0]/D
                            (rising edge-triggered cell FDRE clocked by clk_out1_design_1_clk_wiz_0_0  {rise@0.000ns fall@4.069ns period=8.138ns})
  Path Group:             (none)
  Path Type:              Setup (Max at Slow Process Corner)
  Data Path Delay:        2.804ns  (logic 0.456ns (16.262%)  route 2.348ns (83.738%))
  Logic Levels:           0  
  Clock Path Skew:        1.563ns (DCD - SCD + CPR)
    Destination Clock Delay (DCD):    4.497ns
    Source Clock Delay      (SCD):    2.934ns
    Clock Pessimism Removal (CPR):    0.000ns
  Clock Uncertainty:      0.414ns  ((TSJ^2 + TIJ^2 + DJ^2)^1/2) / 2 + PE
    Total System Jitter     (TSJ):    0.071ns
    Total Input Jitter      (TIJ):    0.600ns
    Discrete Jitter          (DJ):    0.126ns
    Phase Error              (PE):    0.105ns
  Timing Exception:       Asynchronous Clock Groups

    Location             Delay type                Incr(ns)  Path(ns)    Netlist Resource(s)
  -------------------------------------------------------------------    -------------------
                         (clock clk_fpga_0 rise edge)
                                                      0.000     0.000 r  
    PS7_X0Y0             PS7                          0.000     0.000 r  design_1_i/processing_system7_0/inst/PS7_i/FCLKCLK[0]
                         net (fo=1, routed)           1.193     1.193    design_1_i/processing_system7_0/inst/FCLK_CLK_unbuffered[0]
    BUFGCTRL_X0Y16       BUFG (Prop_bufg_I_O)         0.101     1.294 r  design_1_i/processing_system7_0/inst/buffer_fclk_clk_0.FCLK_CLK_0_BUFG/O
                         net (fo=4892, routed)        1.640     2.934    design_1_i/top_0/inst/DUT_AXI/s_axi_aclk
    SLICE_X33Y80         FDRE                                         r  design_1_i/top_0/inst/DUT_AXI/phase_inc_r_reg[0]/C
  -------------------------------------------------------------------    -------------------
    SLICE_X33Y80         FDRE (Prop_fdre_C_Q)         0.456     3.390 r  design_1_i/top_0/inst/DUT_AXI/phase_inc_r_reg[0]/Q
                         net (fo=2, routed)           2.348     5.738    design_1_i/top_0/inst/DUT_DDC/D[0]
    SLICE_X36Y35         FDRE                                         r  design_1_i/top_0/inst/DUT_DDC/phase_inc_r_reg[0]/D
  -------------------------------------------------------------------    -------------------

                         (clock clk_out1_design_1_clk_wiz_0_0 rise edge)
                                                      0.000     0.000 r  
    U18                                               0.000     0.000 r  CLK_IN_D_0_clk_p[0] (IN)
                         net (fo=0)                   0.000     0.000    design_1_i/util_ds_buf_0/U0/IBUF_DS_P[0]
    U18                  IBUFDS (Prop_ibufds_I_O)     0.909     0.909 r  design_1_i/util_ds_buf_0/U0/USE_IBUFDS.GEN_IBUFDS[0].IBUFDS_I/O
                         net (fo=1, routed)           2.006     2.915    design_1_i/clk_wiz_0/inst/clk_in1
    BUFGCTRL_X0Y17       BUFG (Prop_bufg_I_O)         0.092     3.007 r  design_1_i/clk_wiz_0/inst/clkin1_bufg/O
                         net (fo=1, routed)           1.634     4.641    design_1_i/clk_wiz_0/inst/clk_in1_design_1_clk_wiz_0_0
    PLLE2_ADV_X1Y0       PLLE2_ADV (Prop_plle2_adv_CLKIN1_CLKOUT0)
                                                     -3.442     1.199 r  design_1_i/clk_wiz_0/inst/plle2_adv_inst/CLKOUT0
                         net (fo=1, routed)           1.720     2.919    design_1_i/clk_wiz_0/inst/clk_out1_design_1_clk_wiz_0_0
    BUFGCTRL_X0Y0        BUFG (Prop_bufg_I_O)         0.091     3.010 r  design_1_i/clk_wiz_0/inst/clkout1_buf/O
                         net (fo=2997, routed)        1.487     4.497    design_1_i/top_0/inst/DUT_DDC/adc_clk
    SLICE_X36Y35         FDRE                                         r  design_1_i/top_0/inst/DUT_DDC/phase_inc_r_reg[0]/C

Slack:                    inf
  Source:                 design_1_i/top_0/inst/DUT_AXI/phase_inc_r_reg[25]/C
                            (rising edge-triggered cell FDRE clocked by clk_fpga_0  {rise@0.000ns fall@10.000ns period=20.000ns})
  Destination:            design_1_i/top_0/inst/DUT_DDC/phase_inc_r_reg[25]/D
                            (rising edge-triggered cell FDRE clocked by clk_out1_design_1_clk_wiz_0_0  {rise@0.000ns fall@4.069ns period=8.138ns})
  Path Group:             (none)
  Path Type:              Setup (Max at Slow Process Corner)
  Data Path Delay:        2.765ns  (logic 0.518ns (18.736%)  route 2.247ns (81.264%))
  Logic Levels:           0  
  Clock Path Skew:        1.571ns (DCD - SCD + CPR)
    Destination Clock Delay (DCD):    4.500ns
    Source Clock Delay      (SCD):    2.929ns
    Clock Pessimism Removal (CPR):    0.000ns
  Clock Uncertainty:      0.414ns  ((TSJ^2 + TIJ^2 + DJ^2)^1/2) / 2 + PE
    Total System Jitter     (TSJ):    0.071ns
    Total Input Jitter      (TIJ):    0.600ns
    Discrete Jitter          (DJ):    0.126ns
    Phase Error              (PE):    0.105ns
  Timing Exception:       Asynchronous Clock Groups

    Location             Delay type                Incr(ns)  Path(ns)    Netlist Resource(s)
  -------------------------------------------------------------------    -------------------
                         (clock clk_fpga_0 rise edge)
                                                      0.000     0.000 r  
    PS7_X0Y0             PS7                          0.000     0.000 r  design_1_i/processing_system7_0/inst/PS7_i/FCLKCLK[0]
                         net (fo=1, routed)           1.193     1.193    design_1_i/processing_system7_0/inst/FCLK_CLK_unbuffered[0]
    BUFGCTRL_X0Y16       BUFG (Prop_bufg_I_O)         0.101     1.294 r  design_1_i/processing_system7_0/inst/buffer_fclk_clk_0.FCLK_CLK_0_BUFG/O
                         net (fo=4892, routed)        1.635     2.929    design_1_i/top_0/inst/DUT_AXI/s_axi_aclk
    SLICE_X34Y72         FDRE                                         r  design_1_i/top_0/inst/DUT_AXI/phase_inc_r_reg[25]/C
  -------------------------------------------------------------------    -------------------
    SLICE_X34Y72         FDRE (Prop_fdre_C_Q)         0.518     3.447 r  design_1_i/top_0/inst/DUT_AXI/phase_inc_r_reg[25]/Q
                         net (fo=2, routed)           2.247     5.694    design_1_i/top_0/inst/DUT_DDC/D[25]
    SLICE_X36Y39         FDRE                                         r  design_1_i/top_0/inst/DUT_DDC/phase_inc_r_reg[25]/D
  -------------------------------------------------------------------    -------------------

                         (clock clk_out1_design_1_clk_wiz_0_0 rise edge)
                                                      0.000     0.000 r  
    U18                                               0.000     0.000 r  CLK_IN_D_0_clk_p[0] (IN)
                         net (fo=0)                   0.000     0.000    design_1_i/util_ds_buf_0/U0/IBUF_DS_P[0]
    U18                  IBUFDS (Prop_ibufds_I_O)     0.909     0.909 r  design_1_i/util_ds_buf_0/U0/USE_IBUFDS.GEN_IBUFDS[0].IBUFDS_I/O
                         net (fo=1, routed)           2.006     2.915    design_1_i/clk_wiz_0/inst/clk_in1
    BUFGCTRL_X0Y17       BUFG (Prop_bufg_I_O)         0.092     3.007 r  design_1_i/clk_wiz_0/inst/clkin1_bufg/O
                         net (fo=1, routed)           1.634     4.641    design_1_i/clk_wiz_0/inst/clk_in1_design_1_clk_wiz_0_0
    PLLE2_ADV_X1Y0       PLLE2_ADV (Prop_plle2_adv_CLKIN1_CLKOUT0)
                                                     -3.442     1.199 r  design_1_i/clk_wiz_0/inst/plle2_adv_inst/CLKOUT0
                         net (fo=1, routed)           1.720     2.919    design_1_i/clk_wiz_0/inst/clk_out1_design_1_clk_wiz_0_0
    BUFGCTRL_X0Y0        BUFG (Prop_bufg_I_O)         0.091     3.010 r  design_1_i/clk_wiz_0/inst/clkout1_buf/O
                         net (fo=2997, routed)        1.490     4.500    design_1_i/top_0/inst/DUT_DDC/adc_clk
    SLICE_X36Y39         FDRE                                         r  design_1_i/top_0/inst/DUT_DDC/phase_inc_r_reg[25]/C

Slack:                    inf
  Source:                 design_1_i/top_0/inst/DUT_AXI/phase_inc_r_reg[23]/C
                            (rising edge-triggered cell FDRE clocked by clk_fpga_0  {rise@0.000ns fall@10.000ns period=20.000ns})
  Destination:            design_1_i/top_0/inst/DUT_DDC/phase_inc_r_reg[23]/D
                            (rising edge-triggered cell FDRE clocked by clk_out1_design_1_clk_wiz_0_0  {rise@0.000ns fall@4.069ns period=8.138ns})
  Path Group:             (none)
  Path Type:              Setup (Max at Slow Process Corner)
  Data Path Delay:        2.706ns  (logic 0.456ns (16.852%)  route 2.250ns (83.148%))
  Logic Levels:           0  
  Clock Path Skew:        1.524ns (DCD - SCD + CPR)
    Destination Clock Delay (DCD):    4.500ns
    Source Clock Delay      (SCD):    2.976ns
    Clock Pessimism Removal (CPR):    0.000ns
  Clock Uncertainty:      0.414ns  ((TSJ^2 + TIJ^2 + DJ^2)^1/2) / 2 + PE
    Total System Jitter     (TSJ):    0.071ns
    Total Input Jitter      (TIJ):    0.600ns
    Discrete Jitter          (DJ):    0.126ns
    Phase Error              (PE):    0.105ns
  Timing Exception:       Asynchronous Clock Groups

    Location             Delay type                Incr(ns)  Path(ns)    Netlist Resource(s)
  -------------------------------------------------------------------    -------------------
                         (clock clk_fpga_0 rise edge)
                                                      0.000     0.000 r  
    PS7_X0Y0             PS7                          0.000     0.000 r  design_1_i/processing_system7_0/inst/PS7_i/FCLKCLK[0]
                         net (fo=1, routed)           1.193     1.193    design_1_i/processing_system7_0/inst/FCLK_CLK_unbuffered[0]
    BUFGCTRL_X0Y16       BUFG (Prop_bufg_I_O)         0.101     1.294 r  design_1_i/processing_system7_0/inst/buffer_fclk_clk_0.FCLK_CLK_0_BUFG/O
                         net (fo=4892, routed)        1.682     2.976    design_1_i/top_0/inst/DUT_AXI/s_axi_aclk
    SLICE_X31Y72         FDRE                                         r  design_1_i/top_0/inst/DUT_AXI/phase_inc_r_reg[23]/C
  -------------------------------------------------------------------    -------------------
    SLICE_X31Y72         FDRE (Prop_fdre_C_Q)         0.456     3.432 r  design_1_i/top_0/inst/DUT_AXI/phase_inc_r_reg[23]/Q
                         net (fo=2, routed)           2.250     5.682    design_1_i/top_0/inst/DUT_DDC/D[23]
    SLICE_X36Y39         FDRE                                         r  design_1_i/top_0/inst/DUT_DDC/phase_inc_r_reg[23]/D
  -------------------------------------------------------------------    -------------------

                         (clock clk_out1_design_1_clk_wiz_0_0 rise edge)
                                                      0.000     0.000 r  
    U18                                               0.000     0.000 r  CLK_IN_D_0_clk_p[0] (IN)
                         net (fo=0)                   0.000     0.000    design_1_i/util_ds_buf_0/U0/IBUF_DS_P[0]
    U18                  IBUFDS (Prop_ibufds_I_O)     0.909     0.909 r  design_1_i/util_ds_buf_0/U0/USE_IBUFDS.GEN_IBUFDS[0].IBUFDS_I/O
                         net (fo=1, routed)           2.006     2.915    design_1_i/clk_wiz_0/inst/clk_in1
    BUFGCTRL_X0Y17       BUFG (Prop_bufg_I_O)         0.092     3.007 r  design_1_i/clk_wiz_0/inst/clkin1_bufg/O
                         net (fo=1, routed)           1.634     4.641    design_1_i/clk_wiz_0/inst/clk_in1_design_1_clk_wiz_0_0
    PLLE2_ADV_X1Y0       PLLE2_ADV (Prop_plle2_adv_CLKIN1_CLKOUT0)
                                                     -3.442     1.199 r  design_1_i/clk_wiz_0/inst/plle2_adv_inst/CLKOUT0
                         net (fo=1, routed)           1.720     2.919    design_1_i/clk_wiz_0/inst/clk_out1_design_1_clk_wiz_0_0
    BUFGCTRL_X0Y0        BUFG (Prop_bufg_I_O)         0.091     3.010 r  design_1_i/clk_wiz_0/inst/clkout1_buf/O
                         net (fo=2997, routed)        1.490     4.500    design_1_i/top_0/inst/DUT_DDC/adc_clk
    SLICE_X36Y39         FDRE                                         r  design_1_i/top_0/inst/DUT_DDC/phase_inc_r_reg[23]/C

Slack:                    inf
  Source:                 design_1_i/top_0/inst/DUT_AXI/phase_inc_r_reg[15]/C
                            (rising edge-triggered cell FDRE clocked by clk_fpga_0  {rise@0.000ns fall@10.000ns period=20.000ns})
  Destination:            design_1_i/top_0/inst/DUT_DDC/phase_inc_r_reg[15]/D
                            (rising edge-triggered cell FDRE clocked by clk_out1_design_1_clk_wiz_0_0  {rise@0.000ns fall@4.069ns period=8.138ns})
  Path Group:             (none)
  Path Type:              Setup (Max at Slow Process Corner)
  Data Path Delay:        2.655ns  (logic 0.456ns (17.177%)  route 2.199ns (82.823%))
  Logic Levels:           0  
  Clock Path Skew:        1.566ns (DCD - SCD + CPR)
    Destination Clock Delay (DCD):    4.499ns
    Source Clock Delay      (SCD):    2.933ns
    Clock Pessimism Removal (CPR):    0.000ns
  Clock Uncertainty:      0.414ns  ((TSJ^2 + TIJ^2 + DJ^2)^1/2) / 2 + PE
    Total System Jitter     (TSJ):    0.071ns
    Total Input Jitter      (TIJ):    0.600ns
    Discrete Jitter          (DJ):    0.126ns
    Phase Error              (PE):    0.105ns
  Timing Exception:       Asynchronous Clock Groups

    Location             Delay type                Incr(ns)  Path(ns)    Netlist Resource(s)
  -------------------------------------------------------------------    -------------------
                         (clock clk_fpga_0 rise edge)
                                                      0.000     0.000 r  
    PS7_X0Y0             PS7                          0.000     0.000 r  design_1_i/processing_system7_0/inst/PS7_i/FCLKCLK[0]
                         net (fo=1, routed)           1.193     1.193    design_1_i/processing_system7_0/inst/FCLK_CLK_unbuffered[0]
    BUFGCTRL_X0Y16       BUFG (Prop_bufg_I_O)         0.101     1.294 r  design_1_i/processing_system7_0/inst/buffer_fclk_clk_0.FCLK_CLK_0_BUFG/O
                         net (fo=4892, routed)        1.639     2.933    design_1_i/top_0/inst/DUT_AXI/s_axi_aclk
    SLICE_X33Y70         FDRE                                         r  design_1_i/top_0/inst/DUT_AXI/phase_inc_r_reg[15]/C
  -------------------------------------------------------------------    -------------------
    SLICE_X33Y70         FDRE (Prop_fdre_C_Q)         0.456     3.389 r  design_1_i/top_0/inst/DUT_AXI/phase_inc_r_reg[15]/Q
                         net (fo=2, routed)           2.199     5.588    design_1_i/top_0/inst/DUT_DDC/D[15]
    SLICE_X36Y38         FDRE                                         r  design_1_i/top_0/inst/DUT_DDC/phase_inc_r_reg[15]/D
  -------------------------------------------------------------------    -------------------

                         (clock clk_out1_design_1_clk_wiz_0_0 rise edge)
                                                      0.000     0.000 r  
    U18                                               0.000     0.000 r  CLK_IN_D_0_clk_p[0] (IN)
                         net (fo=0)                   0.000     0.000    design_1_i/util_ds_buf_0/U0/IBUF_DS_P[0]
    U18                  IBUFDS (Prop_ibufds_I_O)     0.909     0.909 r  design_1_i/util_ds_buf_0/U0/USE_IBUFDS.GEN_IBUFDS[0].IBUFDS_I/O
                         net (fo=1, routed)           2.006     2.915    design_1_i/clk_wiz_0/inst/clk_in1
    BUFGCTRL_X0Y17       BUFG (Prop_bufg_I_O)         0.092     3.007 r  design_1_i/clk_wiz_0/inst/clkin1_bufg/O
                         net (fo=1, routed)           1.634     4.641    design_1_i/clk_wiz_0/inst/clk_in1_design_1_clk_wiz_0_0
    PLLE2_ADV_X1Y0       PLLE2_ADV (Prop_plle2_adv_CLKIN1_CLKOUT0)
                                                     -3.442     1.199 r  design_1_i/clk_wiz_0/inst/plle2_adv_inst/CLKOUT0
                         net (fo=1, routed)           1.720     2.919    design_1_i/clk_wiz_0/inst/clk_out1_design_1_clk_wiz_0_0
    BUFGCTRL_X0Y0        BUFG (Prop_bufg_I_O)         0.091     3.010 r  design_1_i/clk_wiz_0/inst/clkout1_buf/O
                         net (fo=2997, routed)        1.489     4.499    design_1_i/top_0/inst/DUT_DDC/adc_clk
    SLICE_X36Y38         FDRE                                         r  design_1_i/top_0/inst/DUT_DDC/phase_inc_r_reg[15]/C

Slack:                    inf
  Source:                 design_1_i/top_0/inst/DUT_AXI/phase_inc_r_reg[13]/C
                            (rising edge-triggered cell FDRE clocked by clk_fpga_0  {rise@0.000ns fall@10.000ns period=20.000ns})
  Destination:            design_1_i/top_0/inst/DUT_DDC/phase_inc_r_reg[13]/D
                            (rising edge-triggered cell FDRE clocked by clk_out1_design_1_clk_wiz_0_0  {rise@0.000ns fall@4.069ns period=8.138ns})
  Path Group:             (none)
  Path Type:              Setup (Max at Slow Process Corner)
  Data Path Delay:        2.638ns  (logic 0.518ns (19.640%)  route 2.120ns (80.360%))
  Logic Levels:           0  
  Clock Path Skew:        1.558ns (DCD - SCD + CPR)
    Destination Clock Delay (DCD):    4.497ns
    Source Clock Delay      (SCD):    2.939ns
    Clock Pessimism Removal (CPR):    0.000ns
  Clock Uncertainty:      0.414ns  ((TSJ^2 + TIJ^2 + DJ^2)^1/2) / 2 + PE
    Total System Jitter     (TSJ):    0.071ns
    Total Input Jitter      (TIJ):    0.600ns
    Discrete Jitter          (DJ):    0.126ns
    Phase Error              (PE):    0.105ns
  Timing Exception:       Asynchronous Clock Groups

    Location             Delay type                Incr(ns)  Path(ns)    Netlist Resource(s)
  -------------------------------------------------------------------    -------------------
                         (clock clk_fpga_0 rise edge)
                                                      0.000     0.000 r  
    PS7_X0Y0             PS7                          0.000     0.000 r  design_1_i/processing_system7_0/inst/PS7_i/FCLKCLK[0]
                         net (fo=1, routed)           1.193     1.193    design_1_i/processing_system7_0/inst/FCLK_CLK_unbuffered[0]
    BUFGCTRL_X0Y16       BUFG (Prop_bufg_I_O)         0.101     1.294 r  design_1_i/processing_system7_0/inst/buffer_fclk_clk_0.FCLK_CLK_0_BUFG/O
                         net (fo=4892, routed)        1.645     2.939    design_1_i/top_0/inst/DUT_AXI/s_axi_aclk
    SLICE_X32Y65         FDRE                                         r  design_1_i/top_0/inst/DUT_AXI/phase_inc_r_reg[13]/C
  -------------------------------------------------------------------    -------------------
    SLICE_X32Y65         FDRE (Prop_fdre_C_Q)         0.518     3.457 r  design_1_i/top_0/inst/DUT_AXI/phase_inc_r_reg[13]/Q
                         net (fo=2, routed)           2.120     5.577    design_1_i/top_0/inst/DUT_DDC/D[13]
    SLICE_X36Y36         FDRE                                         r  design_1_i/top_0/inst/DUT_DDC/phase_inc_r_reg[13]/D
  -------------------------------------------------------------------    -------------------

                         (clock clk_out1_design_1_clk_wiz_0_0 rise edge)
                                                      0.000     0.000 r  
    U18                                               0.000     0.000 r  CLK_IN_D_0_clk_p[0] (IN)
                         net (fo=0)                   0.000     0.000    design_1_i/util_ds_buf_0/U0/IBUF_DS_P[0]
    U18                  IBUFDS (Prop_ibufds_I_O)     0.909     0.909 r  design_1_i/util_ds_buf_0/U0/USE_IBUFDS.GEN_IBUFDS[0].IBUFDS_I/O
                         net (fo=1, routed)           2.006     2.915    design_1_i/clk_wiz_0/inst/clk_in1
    BUFGCTRL_X0Y17       BUFG (Prop_bufg_I_O)         0.092     3.007 r  design_1_i/clk_wiz_0/inst/clkin1_bufg/O
                         net (fo=1, routed)           1.634     4.641    design_1_i/clk_wiz_0/inst/clk_in1_design_1_clk_wiz_0_0
    PLLE2_ADV_X1Y0       PLLE2_ADV (Prop_plle2_adv_CLKIN1_CLKOUT0)
                                                     -3.442     1.199 r  design_1_i/clk_wiz_0/inst/plle2_adv_inst/CLKOUT0
                         net (fo=1, routed)           1.720     2.919    design_1_i/clk_wiz_0/inst/clk_out1_design_1_clk_wiz_0_0
    BUFGCTRL_X0Y0        BUFG (Prop_bufg_I_O)         0.091     3.010 r  design_1_i/clk_wiz_0/inst/clkout1_buf/O
                         net (fo=2997, routed)        1.487     4.497    design_1_i/top_0/inst/DUT_DDC/adc_clk
    SLICE_X36Y36         FDRE                                         r  design_1_i/top_0/inst/DUT_DDC/phase_inc_r_reg[13]/C

Slack:                    inf
  Source:                 design_1_i/top_0/inst/DUT_AXI/phase_inc_r_reg[2]/C
                            (rising edge-triggered cell FDRE clocked by clk_fpga_0  {rise@0.000ns fall@10.000ns period=20.000ns})
  Destination:            design_1_i/top_0/inst/DUT_DDC/phase_inc_r_reg[2]/D
                            (rising edge-triggered cell FDRE clocked by clk_out1_design_1_clk_wiz_0_0  {rise@0.000ns fall@4.069ns period=8.138ns})
  Path Group:             (none)
  Path Type:              Setup (Max at Slow Process Corner)
  Data Path Delay:        2.589ns  (logic 0.478ns (18.462%)  route 2.111ns (81.538%))
  Logic Levels:           0  
  Clock Path Skew:        1.570ns (DCD - SCD + CPR)
    Destination Clock Delay (DCD):    4.499ns
    Source Clock Delay      (SCD):    2.929ns
    Clock Pessimism Removal (CPR):    0.000ns
  Clock Uncertainty:      0.414ns  ((TSJ^2 + TIJ^2 + DJ^2)^1/2) / 2 + PE
    Total System Jitter     (TSJ):    0.071ns
    Total Input Jitter      (TIJ):    0.600ns
    Discrete Jitter          (DJ):    0.126ns
    Phase Error              (PE):    0.105ns
  Timing Exception:       Asynchronous Clock Groups

    Location             Delay type                Incr(ns)  Path(ns)    Netlist Resource(s)
  -------------------------------------------------------------------    -------------------
                         (clock clk_fpga_0 rise edge)
                                                      0.000     0.000 r  
    PS7_X0Y0             PS7                          0.000     0.000 r  design_1_i/processing_system7_0/inst/PS7_i/FCLKCLK[0]
                         net (fo=1, routed)           1.193     1.193    design_1_i/processing_system7_0/inst/FCLK_CLK_unbuffered[0]
    BUFGCTRL_X0Y16       BUFG (Prop_bufg_I_O)         0.101     1.294 r  design_1_i/processing_system7_0/inst/buffer_fclk_clk_0.FCLK_CLK_0_BUFG/O
                         net (fo=4892, routed)        1.635     2.929    design_1_i/top_0/inst/DUT_AXI/s_axi_aclk
    SLICE_X34Y72         FDRE                                         r  design_1_i/top_0/inst/DUT_AXI/phase_inc_r_reg[2]/C
  -------------------------------------------------------------------    -------------------
    SLICE_X34Y72         FDRE (Prop_fdre_C_Q)         0.478     3.407 r  design_1_i/top_0/inst/DUT_AXI/phase_inc_r_reg[2]/Q
                         net (fo=2, routed)           2.111     5.518    design_1_i/top_0/inst/DUT_DDC/D[2]
    SLICE_X36Y38         FDRE                                         r  design_1_i/top_0/inst/DUT_DDC/phase_inc_r_reg[2]/D
  -------------------------------------------------------------------    -------------------

                         (clock clk_out1_design_1_clk_wiz_0_0 rise edge)
                                                      0.000     0.000 r  
    U18                                               0.000     0.000 r  CLK_IN_D_0_clk_p[0] (IN)
                         net (fo=0)                   0.000     0.000    design_1_i/util_ds_buf_0/U0/IBUF_DS_P[0]
    U18                  IBUFDS (Prop_ibufds_I_O)     0.909     0.909 r  design_1_i/util_ds_buf_0/U0/USE_IBUFDS.GEN_IBUFDS[0].IBUFDS_I/O
                         net (fo=1, routed)           2.006     2.915    design_1_i/clk_wiz_0/inst/clk_in1
    BUFGCTRL_X0Y17       BUFG (Prop_bufg_I_O)         0.092     3.007 r  design_1_i/clk_wiz_0/inst/clkin1_bufg/O
                         net (fo=1, routed)           1.634     4.641    design_1_i/clk_wiz_0/inst/clk_in1_design_1_clk_wiz_0_0
    PLLE2_ADV_X1Y0       PLLE2_ADV (Prop_plle2_adv_CLKIN1_CLKOUT0)
                                                     -3.442     1.199 r  design_1_i/clk_wiz_0/inst/plle2_adv_inst/CLKOUT0
                         net (fo=1, routed)           1.720     2.919    design_1_i/clk_wiz_0/inst/clk_out1_design_1_clk_wiz_0_0
    BUFGCTRL_X0Y0        BUFG (Prop_bufg_I_O)         0.091     3.010 r  design_1_i/clk_wiz_0/inst/clkout1_buf/O
                         net (fo=2997, routed)        1.489     4.499    design_1_i/top_0/inst/DUT_DDC/adc_clk
    SLICE_X36Y38         FDRE                                         r  design_1_i/top_0/inst/DUT_DDC/phase_inc_r_reg[2]/C





Min Delay Paths
--------------------------------------------------------------------------------------
Slack:                    inf
  Source:                 design_1_i/axis_clock_converter_0/inst/gen_async_conv.axisc_async_clock_converter_0/xpm_fifo_async_inst/gnuram_async_fifo.xpm_fifo_base_inst/gen_cdc_pntr.rd_pntr_cdc_inst/src_gray_ff_reg[3]/C
                            (rising edge-triggered cell FDRE clocked by clk_fpga_0  {rise@0.000ns fall@10.000ns period=20.000ns})
  Destination:            design_1_i/axis_clock_converter_0/inst/gen_async_conv.axisc_async_clock_converter_0/xpm_fifo_async_inst/gnuram_async_fifo.xpm_fifo_base_inst/gen_cdc_pntr.rd_pntr_cdc_inst/dest_graysync_ff_reg[0][3]/D
                            (rising edge-triggered cell FDRE clocked by clk_out1_design_1_clk_wiz_0_0  {rise@0.000ns fall@4.069ns period=8.138ns})
  Path Group:             (none)
  Path Type:              Hold (Min at Fast Process Corner)
  Data Path Delay:        0.311ns  (logic 0.128ns (41.191%)  route 0.183ns (58.809%))
  Logic Levels:           0  
  Clock Path Skew:        1.093ns (DCD - SCD - CPR)
    Destination Clock Delay (DCD):    1.986ns
    Source Clock Delay      (SCD):    0.894ns
    Clock Pessimism Removal (CPR):    -0.000ns
  Clock Uncertainty:      0.414ns  ((TSJ^2 + TIJ^2 + DJ^2)^1/2) / 2 + PE
    Total System Jitter     (TSJ):    0.071ns
    Total Input Jitter      (TIJ):    0.600ns
    Discrete Jitter          (DJ):    0.126ns
    Phase Error              (PE):    0.105ns
  Timing Exception:       Asynchronous Clock Groups

    Location             Delay type                Incr(ns)  Path(ns)    Netlist Resource(s)
  -------------------------------------------------------------------    -------------------
                         (clock clk_fpga_0 rise edge)
                                                      0.000     0.000 r  
    PS7_X0Y0             PS7                          0.000     0.000 r  design_1_i/processing_system7_0/inst/PS7_i/FCLKCLK[0]
                         net (fo=1, routed)           0.310     0.310    design_1_i/processing_system7_0/inst/FCLK_CLK_unbuffered[0]
    BUFGCTRL_X0Y16       BUFG (Prop_bufg_I_O)         0.026     0.336 r  design_1_i/processing_system7_0/inst/buffer_fclk_clk_0.FCLK_CLK_0_BUFG/O
                         net (fo=4892, routed)        0.558     0.894    design_1_i/axis_clock_converter_0/inst/gen_async_conv.axisc_async_clock_converter_0/xpm_fifo_async_inst/gnuram_async_fifo.xpm_fifo_base_inst/gen_cdc_pntr.rd_pntr_cdc_inst/src_clk
    SLICE_X44Y36         FDRE                                         r  design_1_i/axis_clock_converter_0/inst/gen_async_conv.axisc_async_clock_converter_0/xpm_fifo_async_inst/gnuram_async_fifo.xpm_fifo_base_inst/gen_cdc_pntr.rd_pntr_cdc_inst/src_gray_ff_reg[3]/C
  -------------------------------------------------------------------    -------------------
    SLICE_X44Y36         FDRE (Prop_fdre_C_Q)         0.128     1.022 r  design_1_i/axis_clock_converter_0/inst/gen_async_conv.axisc_async_clock_converter_0/xpm_fifo_async_inst/gnuram_async_fifo.xpm_fifo_base_inst/gen_cdc_pntr.rd_pntr_cdc_inst/src_gray_ff_reg[3]/Q
                         net (fo=1, routed)           0.183     1.204    design_1_i/axis_clock_converter_0/inst/gen_async_conv.axisc_async_clock_converter_0/xpm_fifo_async_inst/gnuram_async_fifo.xpm_fifo_base_inst/gen_cdc_pntr.rd_pntr_cdc_inst/async_path[3]
    SLICE_X44Y35         FDRE                                         r  design_1_i/axis_clock_converter_0/inst/gen_async_conv.axisc_async_clock_converter_0/xpm_fifo_async_inst/gnuram_async_fifo.xpm_fifo_base_inst/gen_cdc_pntr.rd_pntr_cdc_inst/dest_graysync_ff_reg[0][3]/D
  -------------------------------------------------------------------    -------------------

                         (clock clk_out1_design_1_clk_wiz_0_0 rise edge)
                                                      0.000     0.000 r  
    U18                                               0.000     0.000 r  CLK_IN_D_0_clk_p[0] (IN)
                         net (fo=0)                   0.000     0.000    design_1_i/util_ds_buf_0/U0/IBUF_DS_P[0]
    U18                  IBUFDS (Prop_ibufds_I_O)     0.401     0.401 r  design_1_i/util_ds_buf_0/U0/USE_IBUFDS.GEN_IBUFDS[0].IBUFDS_I/O
                         net (fo=1, routed)           0.731     1.132    design_1_i/clk_wiz_0/inst/clk_in1
    BUFGCTRL_X0Y17       BUFG (Prop_bufg_I_O)         0.030     1.162 r  design_1_i/clk_wiz_0/inst/clkin1_bufg/O
                         net (fo=1, routed)           0.869     2.031    design_1_i/clk_wiz_0/inst/clk_in1_design_1_clk_wiz_0_0
    PLLE2_ADV_X1Y0       PLLE2_ADV (Prop_plle2_adv_CLKIN1_CLKOUT0)
                                                     -1.488     0.543 r  design_1_i/clk_wiz_0/inst/plle2_adv_inst/CLKOUT0
                         net (fo=1, routed)           0.592     1.135    design_1_i/clk_wiz_0/inst/clk_out1_design_1_clk_wiz_0_0
    BUFGCTRL_X0Y0        BUFG (Prop_bufg_I_O)         0.029     1.164 r  design_1_i/clk_wiz_0/inst/clkout1_buf/O
                         net (fo=2997, routed)        0.822     1.986    design_1_i/axis_clock_converter_0/inst/gen_async_conv.axisc_async_clock_converter_0/xpm_fifo_async_inst/gnuram_async_fifo.xpm_fifo_base_inst/gen_cdc_pntr.rd_pntr_cdc_inst/dest_clk
    SLICE_X44Y35         FDRE                                         r  design_1_i/axis_clock_converter_0/inst/gen_async_conv.axisc_async_clock_converter_0/xpm_fifo_async_inst/gnuram_async_fifo.xpm_fifo_base_inst/gen_cdc_pntr.rd_pntr_cdc_inst/dest_graysync_ff_reg[0][3]/C

Slack:                    inf
  Source:                 design_1_i/axis_clock_converter_0/inst/gen_async_conv.axisc_async_clock_converter_0/xpm_fifo_async_inst/gnuram_async_fifo.xpm_fifo_base_inst/gen_cdc_pntr.rd_pntr_cdc_inst/src_gray_ff_reg[0]/C
                            (rising edge-triggered cell FDRE clocked by clk_fpga_0  {rise@0.000ns fall@10.000ns period=20.000ns})
  Destination:            design_1_i/axis_clock_converter_0/inst/gen_async_conv.axisc_async_clock_converter_0/xpm_fifo_async_inst/gnuram_async_fifo.xpm_fifo_base_inst/gen_cdc_pntr.rd_pntr_cdc_inst/dest_graysync_ff_reg[0][0]/D
                            (rising edge-triggered cell FDRE clocked by clk_out1_design_1_clk_wiz_0_0  {rise@0.000ns fall@4.069ns period=8.138ns})
  Path Group:             (none)
  Path Type:              Hold (Min at Fast Process Corner)
  Data Path Delay:        0.345ns  (logic 0.141ns (40.854%)  route 0.204ns (59.146%))
  Logic Levels:           0  
  Clock Path Skew:        1.093ns (DCD - SCD - CPR)
    Destination Clock Delay (DCD):    1.986ns
    Source Clock Delay      (SCD):    0.894ns
    Clock Pessimism Removal (CPR):    -0.000ns
  Clock Uncertainty:      0.414ns  ((TSJ^2 + TIJ^2 + DJ^2)^1/2) / 2 + PE
    Total System Jitter     (TSJ):    0.071ns
    Total Input Jitter      (TIJ):    0.600ns
    Discrete Jitter          (DJ):    0.126ns
    Phase Error              (PE):    0.105ns
  Timing Exception:       Asynchronous Clock Groups

    Location             Delay type                Incr(ns)  Path(ns)    Netlist Resource(s)
  -------------------------------------------------------------------    -------------------
                         (clock clk_fpga_0 rise edge)
                                                      0.000     0.000 r  
    PS7_X0Y0             PS7                          0.000     0.000 r  design_1_i/processing_system7_0/inst/PS7_i/FCLKCLK[0]
                         net (fo=1, routed)           0.310     0.310    design_1_i/processing_system7_0/inst/FCLK_CLK_unbuffered[0]
    BUFGCTRL_X0Y16       BUFG (Prop_bufg_I_O)         0.026     0.336 r  design_1_i/processing_system7_0/inst/buffer_fclk_clk_0.FCLK_CLK_0_BUFG/O
                         net (fo=4892, routed)        0.558     0.894    design_1_i/axis_clock_converter_0/inst/gen_async_conv.axisc_async_clock_converter_0/xpm_fifo_async_inst/gnuram_async_fifo.xpm_fifo_base_inst/gen_cdc_pntr.rd_pntr_cdc_inst/src_clk
    SLICE_X44Y36         FDRE                                         r  design_1_i/axis_clock_converter_0/inst/gen_async_conv.axisc_async_clock_converter_0/xpm_fifo_async_inst/gnuram_async_fifo.xpm_fifo_base_inst/gen_cdc_pntr.rd_pntr_cdc_inst/src_gray_ff_reg[0]/C
  -------------------------------------------------------------------    -------------------
    SLICE_X44Y36         FDRE (Prop_fdre_C_Q)         0.141     1.035 r  design_1_i/axis_clock_converter_0/inst/gen_async_conv.axisc_async_clock_converter_0/xpm_fifo_async_inst/gnuram_async_fifo.xpm_fifo_base_inst/gen_cdc_pntr.rd_pntr_cdc_inst/src_gray_ff_reg[0]/Q
                         net (fo=1, routed)           0.204     1.239    design_1_i/axis_clock_converter_0/inst/gen_async_conv.axisc_async_clock_converter_0/xpm_fifo_async_inst/gnuram_async_fifo.xpm_fifo_base_inst/gen_cdc_pntr.rd_pntr_cdc_inst/async_path[0]
    SLICE_X44Y35         FDRE                                         r  design_1_i/axis_clock_converter_0/inst/gen_async_conv.axisc_async_clock_converter_0/xpm_fifo_async_inst/gnuram_async_fifo.xpm_fifo_base_inst/gen_cdc_pntr.rd_pntr_cdc_inst/dest_graysync_ff_reg[0][0]/D
  -------------------------------------------------------------------    -------------------

                         (clock clk_out1_design_1_clk_wiz_0_0 rise edge)
                                                      0.000     0.000 r  
    U18                                               0.000     0.000 r  CLK_IN_D_0_clk_p[0] (IN)
                         net (fo=0)                   0.000     0.000    design_1_i/util_ds_buf_0/U0/IBUF_DS_P[0]
    U18                  IBUFDS (Prop_ibufds_I_O)     0.401     0.401 r  design_1_i/util_ds_buf_0/U0/USE_IBUFDS.GEN_IBUFDS[0].IBUFDS_I/O
                         net (fo=1, routed)           0.731     1.132    design_1_i/clk_wiz_0/inst/clk_in1
    BUFGCTRL_X0Y17       BUFG (Prop_bufg_I_O)         0.030     1.162 r  design_1_i/clk_wiz_0/inst/clkin1_bufg/O
                         net (fo=1, routed)           0.869     2.031    design_1_i/clk_wiz_0/inst/clk_in1_design_1_clk_wiz_0_0
    PLLE2_ADV_X1Y0       PLLE2_ADV (Prop_plle2_adv_CLKIN1_CLKOUT0)
                                                     -1.488     0.543 r  design_1_i/clk_wiz_0/inst/plle2_adv_inst/CLKOUT0
                         net (fo=1, routed)           0.592     1.135    design_1_i/clk_wiz_0/inst/clk_out1_design_1_clk_wiz_0_0
    BUFGCTRL_X0Y0        BUFG (Prop_bufg_I_O)         0.029     1.164 r  design_1_i/clk_wiz_0/inst/clkout1_buf/O
                         net (fo=2997, routed)        0.822     1.986    design_1_i/axis_clock_converter_0/inst/gen_async_conv.axisc_async_clock_converter_0/xpm_fifo_async_inst/gnuram_async_fifo.xpm_fifo_base_inst/gen_cdc_pntr.rd_pntr_cdc_inst/dest_clk
    SLICE_X44Y35         FDRE                                         r  design_1_i/axis_clock_converter_0/inst/gen_async_conv.axisc_async_clock_converter_0/xpm_fifo_async_inst/gnuram_async_fifo.xpm_fifo_base_inst/gen_cdc_pntr.rd_pntr_cdc_inst/dest_graysync_ff_reg[0][0]/C

Slack:                    inf
  Source:                 design_1_i/axis_clock_converter_0/inst/gen_async_conv.axisc_async_clock_converter_0/xpm_fifo_async_inst/gnuram_async_fifo.xpm_fifo_base_inst/xpm_fifo_rst_inst/gen_rst_ic.fifo_rd_rst_ic_reg/C
                            (rising edge-triggered cell FDRE clocked by clk_fpga_0  {rise@0.000ns fall@10.000ns period=20.000ns})
  Destination:            design_1_i/axis_clock_converter_0/inst/gen_async_conv.axisc_async_clock_converter_0/xpm_fifo_async_inst/gnuram_async_fifo.xpm_fifo_base_inst/xpm_fifo_rst_inst/gen_rst_ic.rrst_wr_inst/syncstages_ff_reg[0]/D
                            (rising edge-triggered cell FDRE clocked by clk_out1_design_1_clk_wiz_0_0  {rise@0.000ns fall@4.069ns period=8.138ns})
  Path Group:             (none)
  Path Type:              Hold (Min at Fast Process Corner)
  Data Path Delay:        0.354ns  (logic 0.164ns (46.326%)  route 0.190ns (53.674%))
  Logic Levels:           0  
  Clock Path Skew:        1.094ns (DCD - SCD - CPR)
    Destination Clock Delay (DCD):    1.987ns
    Source Clock Delay      (SCD):    0.894ns
    Clock Pessimism Removal (CPR):    -0.000ns
  Clock Uncertainty:      0.414ns  ((TSJ^2 + TIJ^2 + DJ^2)^1/2) / 2 + PE
    Total System Jitter     (TSJ):    0.071ns
    Total Input Jitter      (TIJ):    0.600ns
    Discrete Jitter          (DJ):    0.126ns
    Phase Error              (PE):    0.105ns
  Timing Exception:       Asynchronous Clock Groups

    Location             Delay type                Incr(ns)  Path(ns)    Netlist Resource(s)
  -------------------------------------------------------------------    -------------------
                         (clock clk_fpga_0 rise edge)
                                                      0.000     0.000 r  
    PS7_X0Y0             PS7                          0.000     0.000 r  design_1_i/processing_system7_0/inst/PS7_i/FCLKCLK[0]
                         net (fo=1, routed)           0.310     0.310    design_1_i/processing_system7_0/inst/FCLK_CLK_unbuffered[0]
    BUFGCTRL_X0Y16       BUFG (Prop_bufg_I_O)         0.026     0.336 r  design_1_i/processing_system7_0/inst/buffer_fclk_clk_0.FCLK_CLK_0_BUFG/O
                         net (fo=4892, routed)        0.558     0.894    design_1_i/axis_clock_converter_0/inst/gen_async_conv.axisc_async_clock_converter_0/xpm_fifo_async_inst/gnuram_async_fifo.xpm_fifo_base_inst/xpm_fifo_rst_inst/rd_clk
    SLICE_X46Y36         FDRE                                         r  design_1_i/axis_clock_converter_0/inst/gen_async_conv.axisc_async_clock_converter_0/xpm_fifo_async_inst/gnuram_async_fifo.xpm_fifo_base_inst/xpm_fifo_rst_inst/gen_rst_ic.fifo_rd_rst_ic_reg/C
  -------------------------------------------------------------------    -------------------
    SLICE_X46Y36         FDRE (Prop_fdre_C_Q)         0.164     1.058 r  design_1_i/axis_clock_converter_0/inst/gen_async_conv.axisc_async_clock_converter_0/xpm_fifo_async_inst/gnuram_async_fifo.xpm_fifo_base_inst/xpm_fifo_rst_inst/gen_rst_ic.fifo_rd_rst_ic_reg/Q
                         net (fo=54, routed)          0.190     1.248    design_1_i/axis_clock_converter_0/inst/gen_async_conv.axisc_async_clock_converter_0/xpm_fifo_async_inst/gnuram_async_fifo.xpm_fifo_base_inst/xpm_fifo_rst_inst/gen_rst_ic.rrst_wr_inst/src_rst
    SLICE_X48Y37         FDRE                                         r  design_1_i/axis_clock_converter_0/inst/gen_async_conv.axisc_async_clock_converter_0/xpm_fifo_async_inst/gnuram_async_fifo.xpm_fifo_base_inst/xpm_fifo_rst_inst/gen_rst_ic.rrst_wr_inst/syncstages_ff_reg[0]/D
  -------------------------------------------------------------------    -------------------

                         (clock clk_out1_design_1_clk_wiz_0_0 rise edge)
                                                      0.000     0.000 r  
    U18                                               0.000     0.000 r  CLK_IN_D_0_clk_p[0] (IN)
                         net (fo=0)                   0.000     0.000    design_1_i/util_ds_buf_0/U0/IBUF_DS_P[0]
    U18                  IBUFDS (Prop_ibufds_I_O)     0.401     0.401 r  design_1_i/util_ds_buf_0/U0/USE_IBUFDS.GEN_IBUFDS[0].IBUFDS_I/O
                         net (fo=1, routed)           0.731     1.132    design_1_i/clk_wiz_0/inst/clk_in1
    BUFGCTRL_X0Y17       BUFG (Prop_bufg_I_O)         0.030     1.162 r  design_1_i/clk_wiz_0/inst/clkin1_bufg/O
                         net (fo=1, routed)           0.869     2.031    design_1_i/clk_wiz_0/inst/clk_in1_design_1_clk_wiz_0_0
    PLLE2_ADV_X1Y0       PLLE2_ADV (Prop_plle2_adv_CLKIN1_CLKOUT0)
                                                     -1.488     0.543 r  design_1_i/clk_wiz_0/inst/plle2_adv_inst/CLKOUT0
                         net (fo=1, routed)           0.592     1.135    design_1_i/clk_wiz_0/inst/clk_out1_design_1_clk_wiz_0_0
    BUFGCTRL_X0Y0        BUFG (Prop_bufg_I_O)         0.029     1.164 r  design_1_i/clk_wiz_0/inst/clkout1_buf/O
                         net (fo=2997, routed)        0.823     1.987    design_1_i/axis_clock_converter_0/inst/gen_async_conv.axisc_async_clock_converter_0/xpm_fifo_async_inst/gnuram_async_fifo.xpm_fifo_base_inst/xpm_fifo_rst_inst/gen_rst_ic.rrst_wr_inst/dest_clk
    SLICE_X48Y37         FDRE                                         r  design_1_i/axis_clock_converter_0/inst/gen_async_conv.axisc_async_clock_converter_0/xpm_fifo_async_inst/gnuram_async_fifo.xpm_fifo_base_inst/xpm_fifo_rst_inst/gen_rst_ic.rrst_wr_inst/syncstages_ff_reg[0]/C

Slack:                    inf
  Source:                 design_1_i/axis_clock_converter_0/inst/gen_async_conv.axisc_async_clock_converter_0/xpm_fifo_async_inst/gnuram_async_fifo.xpm_fifo_base_inst/gen_cdc_pntr.rd_pntr_cdc_inst/src_gray_ff_reg[1]/C
                            (rising edge-triggered cell FDRE clocked by clk_fpga_0  {rise@0.000ns fall@10.000ns period=20.000ns})
  Destination:            design_1_i/axis_clock_converter_0/inst/gen_async_conv.axisc_async_clock_converter_0/xpm_fifo_async_inst/gnuram_async_fifo.xpm_fifo_base_inst/gen_cdc_pntr.rd_pntr_cdc_inst/dest_graysync_ff_reg[0][1]/D
                            (rising edge-triggered cell FDRE clocked by clk_out1_design_1_clk_wiz_0_0  {rise@0.000ns fall@4.069ns period=8.138ns})
  Path Group:             (none)
  Path Type:              Hold (Min at Fast Process Corner)
  Data Path Delay:        0.369ns  (logic 0.128ns (34.658%)  route 0.241ns (65.342%))
  Logic Levels:           0  
  Clock Path Skew:        1.093ns (DCD - SCD - CPR)
    Destination Clock Delay (DCD):    1.986ns
    Source Clock Delay      (SCD):    0.894ns
    Clock Pessimism Removal (CPR):    -0.000ns
  Clock Uncertainty:      0.414ns  ((TSJ^2 + TIJ^2 + DJ^2)^1/2) / 2 + PE
    Total System Jitter     (TSJ):    0.071ns
    Total Input Jitter      (TIJ):    0.600ns
    Discrete Jitter          (DJ):    0.126ns
    Phase Error              (PE):    0.105ns
  Timing Exception:       Asynchronous Clock Groups

    Location             Delay type                Incr(ns)  Path(ns)    Netlist Resource(s)
  -------------------------------------------------------------------    -------------------
                         (clock clk_fpga_0 rise edge)
                                                      0.000     0.000 r  
    PS7_X0Y0             PS7                          0.000     0.000 r  design_1_i/processing_system7_0/inst/PS7_i/FCLKCLK[0]
                         net (fo=1, routed)           0.310     0.310    design_1_i/processing_system7_0/inst/FCLK_CLK_unbuffered[0]
    BUFGCTRL_X0Y16       BUFG (Prop_bufg_I_O)         0.026     0.336 r  design_1_i/processing_system7_0/inst/buffer_fclk_clk_0.FCLK_CLK_0_BUFG/O
                         net (fo=4892, routed)        0.558     0.894    design_1_i/axis_clock_converter_0/inst/gen_async_conv.axisc_async_clock_converter_0/xpm_fifo_async_inst/gnuram_async_fifo.xpm_fifo_base_inst/gen_cdc_pntr.rd_pntr_cdc_inst/src_clk
    SLICE_X44Y36         FDRE                                         r  design_1_i/axis_clock_converter_0/inst/gen_async_conv.axisc_async_clock_converter_0/xpm_fifo_async_inst/gnuram_async_fifo.xpm_fifo_base_inst/gen_cdc_pntr.rd_pntr_cdc_inst/src_gray_ff_reg[1]/C
  -------------------------------------------------------------------    -------------------
    SLICE_X44Y36         FDRE (Prop_fdre_C_Q)         0.128     1.022 r  design_1_i/axis_clock_converter_0/inst/gen_async_conv.axisc_async_clock_converter_0/xpm_fifo_async_inst/gnuram_async_fifo.xpm_fifo_base_inst/gen_cdc_pntr.rd_pntr_cdc_inst/src_gray_ff_reg[1]/Q
                         net (fo=1, routed)           0.241     1.263    design_1_i/axis_clock_converter_0/inst/gen_async_conv.axisc_async_clock_converter_0/xpm_fifo_async_inst/gnuram_async_fifo.xpm_fifo_base_inst/gen_cdc_pntr.rd_pntr_cdc_inst/async_path[1]
    SLICE_X44Y35         FDRE                                         r  design_1_i/axis_clock_converter_0/inst/gen_async_conv.axisc_async_clock_converter_0/xpm_fifo_async_inst/gnuram_async_fifo.xpm_fifo_base_inst/gen_cdc_pntr.rd_pntr_cdc_inst/dest_graysync_ff_reg[0][1]/D
  -------------------------------------------------------------------    -------------------

                         (clock clk_out1_design_1_clk_wiz_0_0 rise edge)
                                                      0.000     0.000 r  
    U18                                               0.000     0.000 r  CLK_IN_D_0_clk_p[0] (IN)
                         net (fo=0)                   0.000     0.000    design_1_i/util_ds_buf_0/U0/IBUF_DS_P[0]
    U18                  IBUFDS (Prop_ibufds_I_O)     0.401     0.401 r  design_1_i/util_ds_buf_0/U0/USE_IBUFDS.GEN_IBUFDS[0].IBUFDS_I/O
                         net (fo=1, routed)           0.731     1.132    design_1_i/clk_wiz_0/inst/clk_in1
    BUFGCTRL_X0Y17       BUFG (Prop_bufg_I_O)         0.030     1.162 r  design_1_i/clk_wiz_0/inst/clkin1_bufg/O
                         net (fo=1, routed)           0.869     2.031    design_1_i/clk_wiz_0/inst/clk_in1_design_1_clk_wiz_0_0
    PLLE2_ADV_X1Y0       PLLE2_ADV (Prop_plle2_adv_CLKIN1_CLKOUT0)
                                                     -1.488     0.543 r  design_1_i/clk_wiz_0/inst/plle2_adv_inst/CLKOUT0
                         net (fo=1, routed)           0.592     1.135    design_1_i/clk_wiz_0/inst/clk_out1_design_1_clk_wiz_0_0
    BUFGCTRL_X0Y0        BUFG (Prop_bufg_I_O)         0.029     1.164 r  design_1_i/clk_wiz_0/inst/clkout1_buf/O
                         net (fo=2997, routed)        0.822     1.986    design_1_i/axis_clock_converter_0/inst/gen_async_conv.axisc_async_clock_converter_0/xpm_fifo_async_inst/gnuram_async_fifo.xpm_fifo_base_inst/gen_cdc_pntr.rd_pntr_cdc_inst/dest_clk
    SLICE_X44Y35         FDRE                                         r  design_1_i/axis_clock_converter_0/inst/gen_async_conv.axisc_async_clock_converter_0/xpm_fifo_async_inst/gnuram_async_fifo.xpm_fifo_base_inst/gen_cdc_pntr.rd_pntr_cdc_inst/dest_graysync_ff_reg[0][1]/C

Slack:                    inf
  Source:                 design_1_i/axis_clock_converter_0/inst/gen_async_conv.axisc_async_clock_converter_0/xpm_fifo_async_inst/gnuram_async_fifo.xpm_fifo_base_inst/gen_cdc_pntr.rd_pntr_cdc_inst/src_gray_ff_reg[2]/C
                            (rising edge-triggered cell FDRE clocked by clk_fpga_0  {rise@0.000ns fall@10.000ns period=20.000ns})
  Destination:            design_1_i/axis_clock_converter_0/inst/gen_async_conv.axisc_async_clock_converter_0/xpm_fifo_async_inst/gnuram_async_fifo.xpm_fifo_base_inst/gen_cdc_pntr.rd_pntr_cdc_inst/dest_graysync_ff_reg[0][2]/D
                            (rising edge-triggered cell FDRE clocked by clk_out1_design_1_clk_wiz_0_0  {rise@0.000ns fall@4.069ns period=8.138ns})
  Path Group:             (none)
  Path Type:              Hold (Min at Fast Process Corner)
  Data Path Delay:        0.485ns  (logic 0.141ns (29.062%)  route 0.344ns (70.938%))
  Logic Levels:           0  
  Clock Path Skew:        1.093ns (DCD - SCD - CPR)
    Destination Clock Delay (DCD):    1.986ns
    Source Clock Delay      (SCD):    0.894ns
    Clock Pessimism Removal (CPR):    -0.000ns
  Clock Uncertainty:      0.414ns  ((TSJ^2 + TIJ^2 + DJ^2)^1/2) / 2 + PE
    Total System Jitter     (TSJ):    0.071ns
    Total Input Jitter      (TIJ):    0.600ns
    Discrete Jitter          (DJ):    0.126ns
    Phase Error              (PE):    0.105ns
  Timing Exception:       Asynchronous Clock Groups

    Location             Delay type                Incr(ns)  Path(ns)    Netlist Resource(s)
  -------------------------------------------------------------------    -------------------
                         (clock clk_fpga_0 rise edge)
                                                      0.000     0.000 r  
    PS7_X0Y0             PS7                          0.000     0.000 r  design_1_i/processing_system7_0/inst/PS7_i/FCLKCLK[0]
                         net (fo=1, routed)           0.310     0.310    design_1_i/processing_system7_0/inst/FCLK_CLK_unbuffered[0]
    BUFGCTRL_X0Y16       BUFG (Prop_bufg_I_O)         0.026     0.336 r  design_1_i/processing_system7_0/inst/buffer_fclk_clk_0.FCLK_CLK_0_BUFG/O
                         net (fo=4892, routed)        0.558     0.894    design_1_i/axis_clock_converter_0/inst/gen_async_conv.axisc_async_clock_converter_0/xpm_fifo_async_inst/gnuram_async_fifo.xpm_fifo_base_inst/gen_cdc_pntr.rd_pntr_cdc_inst/src_clk
    SLICE_X44Y36         FDRE                                         r  design_1_i/axis_clock_converter_0/inst/gen_async_conv.axisc_async_clock_converter_0/xpm_fifo_async_inst/gnuram_async_fifo.xpm_fifo_base_inst/gen_cdc_pntr.rd_pntr_cdc_inst/src_gray_ff_reg[2]/C
  -------------------------------------------------------------------    -------------------
    SLICE_X44Y36         FDRE (Prop_fdre_C_Q)         0.141     1.035 r  design_1_i/axis_clock_converter_0/inst/gen_async_conv.axisc_async_clock_converter_0/xpm_fifo_async_inst/gnuram_async_fifo.xpm_fifo_base_inst/gen_cdc_pntr.rd_pntr_cdc_inst/src_gray_ff_reg[2]/Q
                         net (fo=1, routed)           0.344     1.379    design_1_i/axis_clock_converter_0/inst/gen_async_conv.axisc_async_clock_converter_0/xpm_fifo_async_inst/gnuram_async_fifo.xpm_fifo_base_inst/gen_cdc_pntr.rd_pntr_cdc_inst/async_path[2]
    SLICE_X44Y35         FDRE                                         r  design_1_i/axis_clock_converter_0/inst/gen_async_conv.axisc_async_clock_converter_0/xpm_fifo_async_inst/gnuram_async_fifo.xpm_fifo_base_inst/gen_cdc_pntr.rd_pntr_cdc_inst/dest_graysync_ff_reg[0][2]/D
  -------------------------------------------------------------------    -------------------

                         (clock clk_out1_design_1_clk_wiz_0_0 rise edge)
                                                      0.000     0.000 r  
    U18                                               0.000     0.000 r  CLK_IN_D_0_clk_p[0] (IN)
                         net (fo=0)                   0.000     0.000    design_1_i/util_ds_buf_0/U0/IBUF_DS_P[0]
    U18                  IBUFDS (Prop_ibufds_I_O)     0.401     0.401 r  design_1_i/util_ds_buf_0/U0/USE_IBUFDS.GEN_IBUFDS[0].IBUFDS_I/O
                         net (fo=1, routed)           0.731     1.132    design_1_i/clk_wiz_0/inst/clk_in1
    BUFGCTRL_X0Y17       BUFG (Prop_bufg_I_O)         0.030     1.162 r  design_1_i/clk_wiz_0/inst/clkin1_bufg/O
                         net (fo=1, routed)           0.869     2.031    design_1_i/clk_wiz_0/inst/clk_in1_design_1_clk_wiz_0_0
    PLLE2_ADV_X1Y0       PLLE2_ADV (Prop_plle2_adv_CLKIN1_CLKOUT0)
                                                     -1.488     0.543 r  design_1_i/clk_wiz_0/inst/plle2_adv_inst/CLKOUT0
                         net (fo=1, routed)           0.592     1.135    design_1_i/clk_wiz_0/inst/clk_out1_design_1_clk_wiz_0_0
    BUFGCTRL_X0Y0        BUFG (Prop_bufg_I_O)         0.029     1.164 r  design_1_i/clk_wiz_0/inst/clkout1_buf/O
                         net (fo=2997, routed)        0.822     1.986    design_1_i/axis_clock_converter_0/inst/gen_async_conv.axisc_async_clock_converter_0/xpm_fifo_async_inst/gnuram_async_fifo.xpm_fifo_base_inst/gen_cdc_pntr.rd_pntr_cdc_inst/dest_clk
    SLICE_X44Y35         FDRE                                         r  design_1_i/axis_clock_converter_0/inst/gen_async_conv.axisc_async_clock_converter_0/xpm_fifo_async_inst/gnuram_async_fifo.xpm_fifo_base_inst/gen_cdc_pntr.rd_pntr_cdc_inst/dest_graysync_ff_reg[0][2]/C

Slack:                    inf
  Source:                 design_1_i/rst_ps7_0_50M/U0/ACTIVE_LOW_PR_OUT_DFF[0].FDRE_PER_N/C
                            (rising edge-triggered cell FDRE clocked by clk_fpga_0  {rise@0.000ns fall@10.000ns period=20.000ns})
  Destination:            design_1_i/axis_clock_converter_0/inst/gen_async_conv.axisc_async_clock_converter_0/inst_xpm_cdc_sync_rst/syncstages_ff_reg[0]/D
                            (rising edge-triggered cell FDRE clocked by clk_out1_design_1_clk_wiz_0_0  {rise@0.000ns fall@4.069ns period=8.138ns})
  Path Group:             (none)
  Path Type:              Hold (Min at Fast Process Corner)
  Data Path Delay:        0.525ns  (logic 0.186ns (35.420%)  route 0.339ns (64.580%))
  Logic Levels:           1  (LUT1=1)
  Clock Path Skew:        1.096ns (DCD - SCD - CPR)
    Destination Clock Delay (DCD):    1.986ns
    Source Clock Delay      (SCD):    0.891ns
    Clock Pessimism Removal (CPR):    -0.000ns
  Clock Uncertainty:      0.414ns  ((TSJ^2 + TIJ^2 + DJ^2)^1/2) / 2 + PE
    Total System Jitter     (TSJ):    0.071ns
    Total Input Jitter      (TIJ):    0.600ns
    Discrete Jitter          (DJ):    0.126ns
    Phase Error              (PE):    0.105ns
  Timing Exception:       Asynchronous Clock Groups

    Location             Delay type                Incr(ns)  Path(ns)    Netlist Resource(s)
  -------------------------------------------------------------------    -------------------
                         (clock clk_fpga_0 rise edge)
                                                      0.000     0.000 r  
    PS7_X0Y0             PS7                          0.000     0.000 r  design_1_i/processing_system7_0/inst/PS7_i/FCLKCLK[0]
                         net (fo=1, routed)           0.310     0.310    design_1_i/processing_system7_0/inst/FCLK_CLK_unbuffered[0]
    BUFGCTRL_X0Y16       BUFG (Prop_bufg_I_O)         0.026     0.336 r  design_1_i/processing_system7_0/inst/buffer_fclk_clk_0.FCLK_CLK_0_BUFG/O
                         net (fo=4892, routed)        0.555     0.891    design_1_i/rst_ps7_0_50M/U0/slowest_sync_clk
    SLICE_X51Y37         FDRE                                         r  design_1_i/rst_ps7_0_50M/U0/ACTIVE_LOW_PR_OUT_DFF[0].FDRE_PER_N/C
  -------------------------------------------------------------------    -------------------
    SLICE_X51Y37         FDRE (Prop_fdre_C_Q)         0.141     1.032 f  design_1_i/rst_ps7_0_50M/U0/ACTIVE_LOW_PR_OUT_DFF[0].FDRE_PER_N/Q
                         net (fo=24, routed)          0.339     1.371    design_1_i/axis_clock_converter_0/inst/gen_async_conv.axisc_async_clock_converter_0/m_axis_aresetn
    SLICE_X48Y35         LUT1 (Prop_lut1_I0_O)        0.045     1.416 r  design_1_i/axis_clock_converter_0/inst/gen_async_conv.axisc_async_clock_converter_0/inst_xpm_cdc_sync_rst_i_1/O
                         net (fo=1, routed)           0.000     1.416    design_1_i/axis_clock_converter_0/inst/gen_async_conv.axisc_async_clock_converter_0/inst_xpm_cdc_sync_rst/src_rst
    SLICE_X48Y35         FDRE                                         r  design_1_i/axis_clock_converter_0/inst/gen_async_conv.axisc_async_clock_converter_0/inst_xpm_cdc_sync_rst/syncstages_ff_reg[0]/D
  -------------------------------------------------------------------    -------------------

                         (clock clk_out1_design_1_clk_wiz_0_0 rise edge)
                                                      0.000     0.000 r  
    U18                                               0.000     0.000 r  CLK_IN_D_0_clk_p[0] (IN)
                         net (fo=0)                   0.000     0.000    design_1_i/util_ds_buf_0/U0/IBUF_DS_P[0]
    U18                  IBUFDS (Prop_ibufds_I_O)     0.401     0.401 r  design_1_i/util_ds_buf_0/U0/USE_IBUFDS.GEN_IBUFDS[0].IBUFDS_I/O
                         net (fo=1, routed)           0.731     1.132    design_1_i/clk_wiz_0/inst/clk_in1
    BUFGCTRL_X0Y17       BUFG (Prop_bufg_I_O)         0.030     1.162 r  design_1_i/clk_wiz_0/inst/clkin1_bufg/O
                         net (fo=1, routed)           0.869     2.031    design_1_i/clk_wiz_0/inst/clk_in1_design_1_clk_wiz_0_0
    PLLE2_ADV_X1Y0       PLLE2_ADV (Prop_plle2_adv_CLKIN1_CLKOUT0)
                                                     -1.488     0.543 r  design_1_i/clk_wiz_0/inst/plle2_adv_inst/CLKOUT0
                         net (fo=1, routed)           0.592     1.135    design_1_i/clk_wiz_0/inst/clk_out1_design_1_clk_wiz_0_0
    BUFGCTRL_X0Y0        BUFG (Prop_bufg_I_O)         0.029     1.164 r  design_1_i/clk_wiz_0/inst/clkout1_buf/O
                         net (fo=2997, routed)        0.822     1.986    design_1_i/axis_clock_converter_0/inst/gen_async_conv.axisc_async_clock_converter_0/inst_xpm_cdc_sync_rst/dest_clk
    SLICE_X48Y35         FDRE                                         r  design_1_i/axis_clock_converter_0/inst/gen_async_conv.axisc_async_clock_converter_0/inst_xpm_cdc_sync_rst/syncstages_ff_reg[0]/C

Slack:                    inf
  Source:                 design_1_i/axis_clock_converter_0/inst/gen_async_conv.axisc_async_clock_converter_0/xpm_fifo_async_inst/gnuram_async_fifo.xpm_fifo_base_inst/gen_cdc_pntr.rd_pntr_cdc_inst/src_gray_ff_reg[4]/C
                            (rising edge-triggered cell FDRE clocked by clk_fpga_0  {rise@0.000ns fall@10.000ns period=20.000ns})
  Destination:            design_1_i/axis_clock_converter_0/inst/gen_async_conv.axisc_async_clock_converter_0/xpm_fifo_async_inst/gnuram_async_fifo.xpm_fifo_base_inst/gen_cdc_pntr.rd_pntr_cdc_inst/dest_graysync_ff_reg[0][4]/D
                            (rising edge-triggered cell FDRE clocked by clk_out1_design_1_clk_wiz_0_0  {rise@0.000ns fall@4.069ns period=8.138ns})
  Path Group:             (none)
  Path Type:              Hold (Min at Fast Process Corner)
  Data Path Delay:        0.577ns  (logic 0.141ns (24.416%)  route 0.436ns (75.584%))
  Logic Levels:           0  
  Clock Path Skew:        1.094ns (DCD - SCD - CPR)
    Destination Clock Delay (DCD):    1.987ns
    Source Clock Delay      (SCD):    0.894ns
    Clock Pessimism Removal (CPR):    -0.000ns
  Clock Uncertainty:      0.414ns  ((TSJ^2 + TIJ^2 + DJ^2)^1/2) / 2 + PE
    Total System Jitter     (TSJ):    0.071ns
    Total Input Jitter      (TIJ):    0.600ns
    Discrete Jitter          (DJ):    0.126ns
    Phase Error              (PE):    0.105ns
  Timing Exception:       Asynchronous Clock Groups

    Location             Delay type                Incr(ns)  Path(ns)    Netlist Resource(s)
  -------------------------------------------------------------------    -------------------
                         (clock clk_fpga_0 rise edge)
                                                      0.000     0.000 r  
    PS7_X0Y0             PS7                          0.000     0.000 r  design_1_i/processing_system7_0/inst/PS7_i/FCLKCLK[0]
                         net (fo=1, routed)           0.310     0.310    design_1_i/processing_system7_0/inst/FCLK_CLK_unbuffered[0]
    BUFGCTRL_X0Y16       BUFG (Prop_bufg_I_O)         0.026     0.336 r  design_1_i/processing_system7_0/inst/buffer_fclk_clk_0.FCLK_CLK_0_BUFG/O
                         net (fo=4892, routed)        0.558     0.894    design_1_i/axis_clock_converter_0/inst/gen_async_conv.axisc_async_clock_converter_0/xpm_fifo_async_inst/gnuram_async_fifo.xpm_fifo_base_inst/gen_cdc_pntr.rd_pntr_cdc_inst/src_clk
    SLICE_X44Y36         FDRE                                         r  design_1_i/axis_clock_converter_0/inst/gen_async_conv.axisc_async_clock_converter_0/xpm_fifo_async_inst/gnuram_async_fifo.xpm_fifo_base_inst/gen_cdc_pntr.rd_pntr_cdc_inst/src_gray_ff_reg[4]/C
  -------------------------------------------------------------------    -------------------
    SLICE_X44Y36         FDRE (Prop_fdre_C_Q)         0.141     1.035 r  design_1_i/axis_clock_converter_0/inst/gen_async_conv.axisc_async_clock_converter_0/xpm_fifo_async_inst/gnuram_async_fifo.xpm_fifo_base_inst/gen_cdc_pntr.rd_pntr_cdc_inst/src_gray_ff_reg[4]/Q
                         net (fo=1, routed)           0.436     1.471    design_1_i/axis_clock_converter_0/inst/gen_async_conv.axisc_async_clock_converter_0/xpm_fifo_async_inst/gnuram_async_fifo.xpm_fifo_base_inst/gen_cdc_pntr.rd_pntr_cdc_inst/async_path[4]
    SLICE_X44Y37         FDRE                                         r  design_1_i/axis_clock_converter_0/inst/gen_async_conv.axisc_async_clock_converter_0/xpm_fifo_async_inst/gnuram_async_fifo.xpm_fifo_base_inst/gen_cdc_pntr.rd_pntr_cdc_inst/dest_graysync_ff_reg[0][4]/D
  -------------------------------------------------------------------    -------------------

                         (clock clk_out1_design_1_clk_wiz_0_0 rise edge)
                                                      0.000     0.000 r  
    U18                                               0.000     0.000 r  CLK_IN_D_0_clk_p[0] (IN)
                         net (fo=0)                   0.000     0.000    design_1_i/util_ds_buf_0/U0/IBUF_DS_P[0]
    U18                  IBUFDS (Prop_ibufds_I_O)     0.401     0.401 r  design_1_i/util_ds_buf_0/U0/USE_IBUFDS.GEN_IBUFDS[0].IBUFDS_I/O
                         net (fo=1, routed)           0.731     1.132    design_1_i/clk_wiz_0/inst/clk_in1
    BUFGCTRL_X0Y17       BUFG (Prop_bufg_I_O)         0.030     1.162 r  design_1_i/clk_wiz_0/inst/clkin1_bufg/O
                         net (fo=1, routed)           0.869     2.031    design_1_i/clk_wiz_0/inst/clk_in1_design_1_clk_wiz_0_0
    PLLE2_ADV_X1Y0       PLLE2_ADV (Prop_plle2_adv_CLKIN1_CLKOUT0)
                                                     -1.488     0.543 r  design_1_i/clk_wiz_0/inst/plle2_adv_inst/CLKOUT0
                         net (fo=1, routed)           0.592     1.135    design_1_i/clk_wiz_0/inst/clk_out1_design_1_clk_wiz_0_0
    BUFGCTRL_X0Y0        BUFG (Prop_bufg_I_O)         0.029     1.164 r  design_1_i/clk_wiz_0/inst/clkout1_buf/O
                         net (fo=2997, routed)        0.823     1.987    design_1_i/axis_clock_converter_0/inst/gen_async_conv.axisc_async_clock_converter_0/xpm_fifo_async_inst/gnuram_async_fifo.xpm_fifo_base_inst/gen_cdc_pntr.rd_pntr_cdc_inst/dest_clk
    SLICE_X44Y37         FDRE                                         r  design_1_i/axis_clock_converter_0/inst/gen_async_conv.axisc_async_clock_converter_0/xpm_fifo_async_inst/gnuram_async_fifo.xpm_fifo_base_inst/gen_cdc_pntr.rd_pntr_cdc_inst/dest_graysync_ff_reg[0][4]/C

Slack:                    inf
  Source:                 design_1_i/top_0/inst/send_src_r_reg/C
                            (rising edge-triggered cell FDRE clocked by clk_fpga_0  {rise@0.000ns fall@10.000ns period=20.000ns})
  Destination:            design_1_i/top_0/inst/send_src_in_dst_r_reg[1]/D
                            (rising edge-triggered cell FDRE clocked by clk_out1_design_1_clk_wiz_0_0  {rise@0.000ns fall@4.069ns period=8.138ns})
  Path Group:             (none)
  Path Type:              Hold (Min at Fast Process Corner)
  Data Path Delay:        0.461ns  (logic 0.249ns (53.956%)  route 0.212ns (46.044%))
  Logic Levels:           1  (LUT3=1)
  Clock Path Skew:        1.096ns (DCD - SCD - CPR)
    Destination Clock Delay (DCD):    1.978ns
    Source Clock Delay      (SCD):    0.882ns
    Clock Pessimism Removal (CPR):    -0.000ns
  Clock Uncertainty:      0.414ns  ((TSJ^2 + TIJ^2 + DJ^2)^1/2) / 2 + PE
    Total System Jitter     (TSJ):    0.071ns
    Total Input Jitter      (TIJ):    0.600ns
    Discrete Jitter          (DJ):    0.126ns
    Phase Error              (PE):    0.105ns
  Timing Exception:       Asynchronous Clock Groups

    Location             Delay type                Incr(ns)  Path(ns)    Netlist Resource(s)
  -------------------------------------------------------------------    -------------------
                         (clock clk_fpga_0 rise edge)
                                                      0.000     0.000 r  
    PS7_X0Y0             PS7                          0.000     0.000 r  design_1_i/processing_system7_0/inst/PS7_i/FCLKCLK[0]
                         net (fo=1, routed)           0.310     0.310    design_1_i/processing_system7_0/inst/FCLK_CLK_unbuffered[0]
    BUFGCTRL_X0Y16       BUFG (Prop_bufg_I_O)         0.026     0.336 r  design_1_i/processing_system7_0/inst/buffer_fclk_clk_0.FCLK_CLK_0_BUFG/O
                         net (fo=4892, routed)        0.546     0.882    design_1_i/top_0/inst/s_axi_aclk
    SLICE_X36Y72         FDRE                                         r  design_1_i/top_0/inst/send_src_r_reg/C
  -------------------------------------------------------------------    -------------------
    SLICE_X36Y72         FDRE (Prop_fdre_C_Q)         0.148     1.030 r  design_1_i/top_0/inst/send_src_r_reg/Q
                         net (fo=2, routed)           0.212     1.242    design_1_i/top_0/inst/send_src_r
    SLICE_X37Y71         LUT3 (Prop_lut3_I0_O)        0.101     1.343 r  design_1_i/top_0/inst/send_src_in_dst_r[1]_i_1/O
                         net (fo=1, routed)           0.000     1.343    design_1_i/top_0/inst/send_src_in_dst_r[1]_i_1_n_0
    SLICE_X37Y71         FDRE                                         r  design_1_i/top_0/inst/send_src_in_dst_r_reg[1]/D
  -------------------------------------------------------------------    -------------------

                         (clock clk_out1_design_1_clk_wiz_0_0 rise edge)
                                                      0.000     0.000 r  
    U18                                               0.000     0.000 r  CLK_IN_D_0_clk_p[0] (IN)
                         net (fo=0)                   0.000     0.000    design_1_i/util_ds_buf_0/U0/IBUF_DS_P[0]
    U18                  IBUFDS (Prop_ibufds_I_O)     0.401     0.401 r  design_1_i/util_ds_buf_0/U0/USE_IBUFDS.GEN_IBUFDS[0].IBUFDS_I/O
                         net (fo=1, routed)           0.731     1.132    design_1_i/clk_wiz_0/inst/clk_in1
    BUFGCTRL_X0Y17       BUFG (Prop_bufg_I_O)         0.030     1.162 r  design_1_i/clk_wiz_0/inst/clkin1_bufg/O
                         net (fo=1, routed)           0.869     2.031    design_1_i/clk_wiz_0/inst/clk_in1_design_1_clk_wiz_0_0
    PLLE2_ADV_X1Y0       PLLE2_ADV (Prop_plle2_adv_CLKIN1_CLKOUT0)
                                                     -1.488     0.543 r  design_1_i/clk_wiz_0/inst/plle2_adv_inst/CLKOUT0
                         net (fo=1, routed)           0.592     1.135    design_1_i/clk_wiz_0/inst/clk_out1_design_1_clk_wiz_0_0
    BUFGCTRL_X0Y0        BUFG (Prop_bufg_I_O)         0.029     1.164 r  design_1_i/clk_wiz_0/inst/clkout1_buf/O
                         net (fo=2997, routed)        0.814     1.978    design_1_i/top_0/inst/adc_clk
    SLICE_X37Y71         FDRE                                         r  design_1_i/top_0/inst/send_src_in_dst_r_reg[1]/C

Slack:                    inf
  Source:                 design_1_i/top_0/inst/DUT_AXI/phase_inc_r_reg[28]/C
                            (rising edge-triggered cell FDRE clocked by clk_fpga_0  {rise@0.000ns fall@10.000ns period=20.000ns})
  Destination:            design_1_i/top_0/inst/DUT_DDC/phase_inc_r_reg[28]/D
                            (rising edge-triggered cell FDRE clocked by clk_out1_design_1_clk_wiz_0_0  {rise@0.000ns fall@4.069ns period=8.138ns})
  Path Group:             (none)
  Path Type:              Hold (Min at Fast Process Corner)
  Data Path Delay:        0.565ns  (logic 0.141ns (24.962%)  route 0.424ns (75.038%))
  Logic Levels:           0  
  Clock Path Skew:        1.107ns (DCD - SCD - CPR)
    Destination Clock Delay (DCD):    1.989ns
    Source Clock Delay      (SCD):    0.882ns
    Clock Pessimism Removal (CPR):    -0.000ns
  Clock Uncertainty:      0.414ns  ((TSJ^2 + TIJ^2 + DJ^2)^1/2) / 2 + PE
    Total System Jitter     (TSJ):    0.071ns
    Total Input Jitter      (TIJ):    0.600ns
    Discrete Jitter          (DJ):    0.126ns
    Phase Error              (PE):    0.105ns
  Timing Exception:       Asynchronous Clock Groups

    Location             Delay type                Incr(ns)  Path(ns)    Netlist Resource(s)
  -------------------------------------------------------------------    -------------------
                         (clock clk_fpga_0 rise edge)
                                                      0.000     0.000 r  
    PS7_X0Y0             PS7                          0.000     0.000 r  design_1_i/processing_system7_0/inst/PS7_i/FCLKCLK[0]
                         net (fo=1, routed)           0.310     0.310    design_1_i/processing_system7_0/inst/FCLK_CLK_unbuffered[0]
    BUFGCTRL_X0Y16       BUFG (Prop_bufg_I_O)         0.026     0.336 r  design_1_i/processing_system7_0/inst/buffer_fclk_clk_0.FCLK_CLK_0_BUFG/O
                         net (fo=4892, routed)        0.546     0.882    design_1_i/top_0/inst/DUT_AXI/s_axi_aclk
    SLICE_X35Y76         FDRE                                         r  design_1_i/top_0/inst/DUT_AXI/phase_inc_r_reg[28]/C
  -------------------------------------------------------------------    -------------------
    SLICE_X35Y76         FDRE (Prop_fdre_C_Q)         0.141     1.023 r  design_1_i/top_0/inst/DUT_AXI/phase_inc_r_reg[28]/Q
                         net (fo=2, routed)           0.424     1.446    design_1_i/top_0/inst/DUT_DDC/D[28]
    SLICE_X36Y59         FDRE                                         r  design_1_i/top_0/inst/DUT_DDC/phase_inc_r_reg[28]/D
  -------------------------------------------------------------------    -------------------

                         (clock clk_out1_design_1_clk_wiz_0_0 rise edge)
                                                      0.000     0.000 r  
    U18                                               0.000     0.000 r  CLK_IN_D_0_clk_p[0] (IN)
                         net (fo=0)                   0.000     0.000    design_1_i/util_ds_buf_0/U0/IBUF_DS_P[0]
    U18                  IBUFDS (Prop_ibufds_I_O)     0.401     0.401 r  design_1_i/util_ds_buf_0/U0/USE_IBUFDS.GEN_IBUFDS[0].IBUFDS_I/O
                         net (fo=1, routed)           0.731     1.132    design_1_i/clk_wiz_0/inst/clk_in1
    BUFGCTRL_X0Y17       BUFG (Prop_bufg_I_O)         0.030     1.162 r  design_1_i/clk_wiz_0/inst/clkin1_bufg/O
                         net (fo=1, routed)           0.869     2.031    design_1_i/clk_wiz_0/inst/clk_in1_design_1_clk_wiz_0_0
    PLLE2_ADV_X1Y0       PLLE2_ADV (Prop_plle2_adv_CLKIN1_CLKOUT0)
                                                     -1.488     0.543 r  design_1_i/clk_wiz_0/inst/plle2_adv_inst/CLKOUT0
                         net (fo=1, routed)           0.592     1.135    design_1_i/clk_wiz_0/inst/clk_out1_design_1_clk_wiz_0_0
    BUFGCTRL_X0Y0        BUFG (Prop_bufg_I_O)         0.029     1.164 r  design_1_i/clk_wiz_0/inst/clkout1_buf/O
                         net (fo=2997, routed)        0.825     1.989    design_1_i/top_0/inst/DUT_DDC/adc_clk
    SLICE_X36Y59         FDRE                                         r  design_1_i/top_0/inst/DUT_DDC/phase_inc_r_reg[28]/C

Slack:                    inf
  Source:                 design_1_i/top_0/inst/DUT_AXI/phase_inc_r_reg[22]/C
                            (rising edge-triggered cell FDRE clocked by clk_fpga_0  {rise@0.000ns fall@10.000ns period=20.000ns})
  Destination:            design_1_i/top_0/inst/DUT_DDC/phase_inc_r_reg[22]/D
                            (rising edge-triggered cell FDRE clocked by clk_out1_design_1_clk_wiz_0_0  {rise@0.000ns fall@4.069ns period=8.138ns})
  Path Group:             (none)
  Path Type:              Hold (Min at Fast Process Corner)
  Data Path Delay:        0.581ns  (logic 0.141ns (24.279%)  route 0.440ns (75.721%))
  Logic Levels:           0  
  Clock Path Skew:        1.104ns (DCD - SCD - CPR)
    Destination Clock Delay (DCD):    1.991ns
    Source Clock Delay      (SCD):    0.887ns
    Clock Pessimism Removal (CPR):    -0.000ns
  Clock Uncertainty:      0.414ns  ((TSJ^2 + TIJ^2 + DJ^2)^1/2) / 2 + PE
    Total System Jitter     (TSJ):    0.071ns
    Total Input Jitter      (TIJ):    0.600ns
    Discrete Jitter          (DJ):    0.126ns
    Phase Error              (PE):    0.105ns
  Timing Exception:       Asynchronous Clock Groups

    Location             Delay type                Incr(ns)  Path(ns)    Netlist Resource(s)
  -------------------------------------------------------------------    -------------------
                         (clock clk_fpga_0 rise edge)
                                                      0.000     0.000 r  
    PS7_X0Y0             PS7                          0.000     0.000 r  design_1_i/processing_system7_0/inst/PS7_i/FCLKCLK[0]
                         net (fo=1, routed)           0.310     0.310    design_1_i/processing_system7_0/inst/FCLK_CLK_unbuffered[0]
    BUFGCTRL_X0Y16       BUFG (Prop_bufg_I_O)         0.026     0.336 r  design_1_i/processing_system7_0/inst/buffer_fclk_clk_0.FCLK_CLK_0_BUFG/O
                         net (fo=4892, routed)        0.551     0.887    design_1_i/top_0/inst/DUT_AXI/s_axi_aclk
    SLICE_X33Y68         FDRE                                         r  design_1_i/top_0/inst/DUT_AXI/phase_inc_r_reg[22]/C
  -------------------------------------------------------------------    -------------------
    SLICE_X33Y68         FDRE (Prop_fdre_C_Q)         0.141     1.028 r  design_1_i/top_0/inst/DUT_AXI/phase_inc_r_reg[22]/Q
                         net (fo=2, routed)           0.440     1.467    design_1_i/top_0/inst/DUT_DDC/D[22]
    SLICE_X36Y52         FDRE                                         r  design_1_i/top_0/inst/DUT_DDC/phase_inc_r_reg[22]/D
  -------------------------------------------------------------------    -------------------

                         (clock clk_out1_design_1_clk_wiz_0_0 rise edge)
                                                      0.000     0.000 r  
    U18                                               0.000     0.000 r  CLK_IN_D_0_clk_p[0] (IN)
                         net (fo=0)                   0.000     0.000    design_1_i/util_ds_buf_0/U0/IBUF_DS_P[0]
    U18                  IBUFDS (Prop_ibufds_I_O)     0.401     0.401 r  design_1_i/util_ds_buf_0/U0/USE_IBUFDS.GEN_IBUFDS[0].IBUFDS_I/O
                         net (fo=1, routed)           0.731     1.132    design_1_i/clk_wiz_0/inst/clk_in1
    BUFGCTRL_X0Y17       BUFG (Prop_bufg_I_O)         0.030     1.162 r  design_1_i/clk_wiz_0/inst/clkin1_bufg/O
                         net (fo=1, routed)           0.869     2.031    design_1_i/clk_wiz_0/inst/clk_in1_design_1_clk_wiz_0_0
    PLLE2_ADV_X1Y0       PLLE2_ADV (Prop_plle2_adv_CLKIN1_CLKOUT0)
                                                     -1.488     0.543 r  design_1_i/clk_wiz_0/inst/plle2_adv_inst/CLKOUT0
                         net (fo=1, routed)           0.592     1.135    design_1_i/clk_wiz_0/inst/clk_out1_design_1_clk_wiz_0_0
    BUFGCTRL_X0Y0        BUFG (Prop_bufg_I_O)         0.029     1.164 r  design_1_i/clk_wiz_0/inst/clkout1_buf/O
                         net (fo=2997, routed)        0.827     1.991    design_1_i/top_0/inst/DUT_DDC/adc_clk
    SLICE_X36Y52         FDRE                                         r  design_1_i/top_0/inst/DUT_DDC/phase_inc_r_reg[22]/C





--------------------------------------------------------------------------------------
Path Group:  (none)
From Clock:  clkfbout_design_1_clk_wiz_0_0
  To Clock:  

Max Delay             1 Endpoint
Min Delay             1 Endpoint
--------------------------------------------------------------------------------------


Max Delay Paths
--------------------------------------------------------------------------------------
Slack:                    inf
  Source:                 design_1_i/clk_wiz_0/inst/plle2_adv_inst/CLKFBOUT
                            (clock source 'clkfbout_design_1_clk_wiz_0_0'  {rise@0.000ns fall@4.069ns period=8.138ns})
  Destination:            design_1_i/clk_wiz_0/inst/plle2_adv_inst/CLKFBIN
  Path Group:             (none)
  Path Type:              Max at Slow Process Corner
  Data Path Delay:        3.812ns  (logic 0.101ns (2.650%)  route 3.711ns (97.350%))
  Logic Levels:           1  (BUFG=1)
  Clock Uncertainty:      0.155ns  ((TSJ^2 + DJ^2)^1/2) / 2 + PE
    Total System Jitter     (TSJ):    0.050ns
    Discrete Jitter          (DJ):    0.086ns
    Phase Error              (PE):    0.105ns

    Location             Delay type                Incr(ns)  Path(ns)    Netlist Resource(s)
  -------------------------------------------------------------------    -------------------
                         (clock clkfbout_design_1_clk_wiz_0_0 fall edge)
                                                      4.069     4.069 f  
    U18                                               0.000     4.069 f  CLK_IN_D_0_clk_p[0] (IN)
                         net (fo=0)                   0.000     4.069    design_1_i/util_ds_buf_0/U0/IBUF_DS_P[0]
    U18                  IBUFDS (Prop_ibufds_I_O)     0.951     5.020 f  design_1_i/util_ds_buf_0/U0/USE_IBUFDS.GEN_IBUFDS[0].IBUFDS_I/O
                         net (fo=1, routed)           2.205     7.225    design_1_i/clk_wiz_0/inst/clk_in1
    BUFGCTRL_X0Y17       BUFG (Prop_bufg_I_O)         0.102     7.327 f  design_1_i/clk_wiz_0/inst/clkin1_bufg/O
                         net (fo=1, routed)           1.831     9.158    design_1_i/clk_wiz_0/inst/clk_in1_design_1_clk_wiz_0_0
  -------------------------------------------------------------------    -------------------
    PLLE2_ADV_X1Y0       PLLE2_ADV (Prop_plle2_adv_CLKIN1_CLKFBOUT)
                                                     -3.812     5.346 f  design_1_i/clk_wiz_0/inst/plle2_adv_inst/CLKFBOUT
                         net (fo=1, routed)           1.883     7.229    design_1_i/clk_wiz_0/inst/clkfbout_design_1_clk_wiz_0_0
    BUFGCTRL_X0Y1        BUFG (Prop_bufg_I_O)         0.101     7.330 f  design_1_i/clk_wiz_0/inst/clkf_buf/O
                         net (fo=1, routed)           1.828     9.158    design_1_i/clk_wiz_0/inst/clkfbout_buf_design_1_clk_wiz_0_0
    PLLE2_ADV_X1Y0       PLLE2_ADV                                    f  design_1_i/clk_wiz_0/inst/plle2_adv_inst/CLKFBIN
  -------------------------------------------------------------------    -------------------





Min Delay Paths
--------------------------------------------------------------------------------------
Slack:                    inf
  Source:                 design_1_i/clk_wiz_0/inst/plle2_adv_inst/CLKFBOUT
                            (clock source 'clkfbout_design_1_clk_wiz_0_0'  {rise@0.000ns fall@4.069ns period=8.138ns})
  Destination:            design_1_i/clk_wiz_0/inst/plle2_adv_inst/CLKFBIN
  Path Group:             (none)
  Path Type:              Min at Fast Process Corner
  Data Path Delay:        1.169ns  (logic 0.026ns (2.223%)  route 1.143ns (97.777%))
  Logic Levels:           1  (BUFG=1)
  Clock Uncertainty:      0.155ns  ((TSJ^2 + DJ^2)^1/2) / 2 + PE
    Total System Jitter     (TSJ):    0.050ns
    Discrete Jitter          (DJ):    0.086ns
    Phase Error              (PE):    0.105ns

    Location             Delay type                Incr(ns)  Path(ns)    Netlist Resource(s)
  -------------------------------------------------------------------    -------------------
                         (clock clkfbout_design_1_clk_wiz_0_0 rise edge)
                                                      0.000     0.000 r  
    U18                                               0.000     0.000 r  CLK_IN_D_0_clk_p[0] (IN)
                         net (fo=0)                   0.000     0.000    design_1_i/util_ds_buf_0/U0/IBUF_DS_P[0]
    U18                  IBUFDS (Prop_ibufds_I_O)     0.370     0.370 r  design_1_i/util_ds_buf_0/U0/USE_IBUFDS.GEN_IBUFDS[0].IBUFDS_I/O
                         net (fo=1, routed)           0.674     1.044    design_1_i/clk_wiz_0/inst/clk_in1
    BUFGCTRL_X0Y17       BUFG (Prop_bufg_I_O)         0.027     1.071 r  design_1_i/clk_wiz_0/inst/clkin1_bufg/O
                         net (fo=1, routed)           0.602     1.673    design_1_i/clk_wiz_0/inst/clk_in1_design_1_clk_wiz_0_0
  -------------------------------------------------------------------    -------------------
    PLLE2_ADV_X1Y0       PLLE2_ADV (Prop_plle2_adv_CLKIN1_CLKFBOUT)
                                                     -1.169     0.503 r  design_1_i/clk_wiz_0/inst/plle2_adv_inst/CLKFBOUT
                         net (fo=1, routed)           0.544     1.047    design_1_i/clk_wiz_0/inst/clkfbout_design_1_clk_wiz_0_0
    BUFGCTRL_X0Y1        BUFG (Prop_bufg_I_O)         0.026     1.073 r  design_1_i/clk_wiz_0/inst/clkf_buf/O
                         net (fo=1, routed)           0.600     1.673    design_1_i/clk_wiz_0/inst/clkfbout_buf_design_1_clk_wiz_0_0
    PLLE2_ADV_X1Y0       PLLE2_ADV                                    r  design_1_i/clk_wiz_0/inst/plle2_adv_inst/CLKFBIN
  -------------------------------------------------------------------    -------------------





